Employee_Id,Year_Month,Performance_Rating,Training_Hours,Overtime_Hours,Absenteeism_Days,Promotion_Flag,Salary_Increase_Flag,Monthly_Bonus,Benefits_Cost,Employee_Satisfaction,Engagement_Index,Manager_Evaluation
EMP000002,2024-12,4.18,4,20,0,FALSE,FALSE,991.39,1584.89,8.6,8.2,4.3
EMP000003,2024-12,4.18,6,16,2,FALSE,FALSE,988.54,1584.56,9.8,9,4.1
EMP000004,2024-12,4.69,6,23,0,FALSE,FALSE,1426.71,1759.48,9.1,10,4.6
EMP000005,2024-12,4.1,4,11,0,FALSE,FALSE,418.86,947.89,6.8,6.7,4.2
EMP000006,2024-12,4.47,3,5,0,FALSE,FALSE,500.69,473.44,7.7,8,4.9
EMP000007,2024-12,3.9,3,17,0,FALSE,FALSE,856.89,1260.12,7.7,9.8,3.7
EMP000010,2024-12,4.45,9,20,0,FALSE,FALSE,881.98,1388.44,6.9,6.7,5
EMP000011,2024-12,4.64,3,19,0,FALSE,FALSE,736.68,1157.22,7,8.1,4.3
EMP000012,2024-12,4.24,3,11,2,FALSE,FALSE,335.6,1061.01,5.3,5.3,4.3
EMP000013,2024-12,3.83,4,18,0,FALSE,FALSE,148.99,778.42,7.9,7.7,3.6
EMP000014,2024-12,2.91,1,5,0,FALSE,FALSE,35.36,195.23,6.1,4.7,2.9
EMP000015,2024-12,4.42,8,8,2,FALSE,FALSE,684.25,626.26,8.4,9.2,4.3
EMP000016,2024-12,3.01,2,7,1,FALSE,FALSE,100.87,685.75,6.9,7,2.7
EMP000017,2024-12,4.13,0,16,0,FALSE,FALSE,323.72,1034.78,8.7,8.2,4.2
EMP000018,2024-12,3.7,2,12,1,FALSE,FALSE,179.24,767.05,6.9,6.3,3.7
EMP000019,2024-12,3.83,0,6,0,FALSE,FALSE,49.19,195.84,6.8,6.9,3.7
EMP000020,2024-12,4.19,3,11,0,FALSE,FALSE,521.03,1130.39,9,10,3.8
EMP000021,2024-12,4.23,8,2,0,TRUE,FALSE,300.68,93.84,6.9,7.6,4.2
EMP000022,2024-12,4.1,4,10,1,FALSE,FALSE,170.21,836.63,8.5,8.9,3.5
EMP000023,2024-12,3.61,2,12,1,FALSE,FALSE,97.08,642.43,6,5.8,3.7
EMP000024,2024-12,4.31,1,2,0,FALSE,FALSE,176.37,325.29,5,5.8,4.4
EMP000025,2024-12,4.22,1,9,0,FALSE,FALSE,227.61,886.19,7.6,6.7,4.1
EMP000027,2024-12,4.16,3,10,1,FALSE,FALSE,422.78,969.29,8.4,7.8,4
EMP000028,2024-12,3.78,6,27,0,FALSE,FALSE,804.57,1665.44,5,5.8,4
EMP000029,2024-12,3.92,1,8,1,FALSE,FALSE,126.29,299.29,8.4,8.7,3.9
EMP000030,2024-12,4.31,2,13,2,FALSE,FALSE,174.76,835.15,8.3,9.2,4.2
EMP000032,2024-12,4.53,7,18,0,FALSE,FALSE,1207.53,1706.33,7.6,7.7,4.5
EMP000033,2024-12,4.2,3,20,1,FALSE,FALSE,765.21,1274.79,7.2,7.9,3.9
EMP000034,2024-12,3.87,2,16,2,FALSE,FALSE,290.23,933.87,7.3,8,4.2
EMP000035,2024-12,3.96,4,7,1,FALSE,FALSE,415.6,930.4,9.7,9.3,4.2
EMP000036,2024-12,4.03,4,12,1,FALSE,FALSE,334.13,914.33,6.7,7.3,4.2
EMP000037,2024-12,3.62,0,8,2,FALSE,FALSE,116.5,296.96,7.9,6.9,4
EMP000038,2024-12,4.5,5,9,0,FALSE,FALSE,1119.59,1502.57,6.1,8.6,4.4
EMP000039,2024-12,4.57,8,7,0,FALSE,TRUE,413.24,430.55,9.4,10,4.7
EMP000042,2024-12,4.15,2,12,1,FALSE,FALSE,503.47,1080.73,7.8,7.2,4.2
EMP000043,2024-12,4.16,1,17,0,FALSE,FALSE,90.07,543.06,7.2,6.8,4
EMP000045,2024-12,3.81,2,9,0,FALSE,FALSE,117.69,703.58,8.7,7.6,3.9
EMP000046,2024-12,3.81,0,10,1,FALSE,FALSE,227.05,910.3,5.1,5.5,3.5
EMP000047,2024-12,3.78,3,23,0,FALSE,FALSE,195.28,904.63,6,5,3.1
EMP000048,2024-12,3.15,4,10,2,FALSE,FALSE,92.12,669.6,6.6,6.6,3.2
EMP000049,2024-12,3.7,1,2,1,FALSE,FALSE,110.4,309.83,7,8,3.7
EMP000050,2024-12,4.54,5,18,0,FALSE,FALSE,1043,1599.64,7.3,7.5,4
EMP000051,2024-12,3.67,1,8,1,FALSE,FALSE,406.17,1151.17,5.6,5.8,3.9
EMP000052,2024-12,4.41,7,11,0,FALSE,FALSE,1114.9,774.38,8.1,9.9,4.7
EMP000053,2024-12,4.4,2,13,0,FALSE,FALSE,552.93,1198.82,9.2,9.3,4.2
EMP000054,2024-12,4.22,2,4,0,FALSE,FALSE,219.9,801.64,7.2,7.4,4.6
EMP000055,2024-12,3.64,2,8,0,FALSE,FALSE,151.15,778.96,6.6,6.6,4.1
EMP000056,2024-12,4.74,9,8,0,FALSE,FALSE,622.83,553.12,9.4,9.1,4.1
EMP000057,2024-12,3.63,1,2,0,FALSE,FALSE,106.77,324.02,5.7,4.7,3.8
EMP000059,2024-12,4.36,3,6,0,FALSE,FALSE,52.83,205.74,7.1,6.3,4.6
EMP000060,2024-12,3.66,0,11,1,FALSE,FALSE,171.3,838.17,5.7,5.1,3.3
EMP000062,2024-12,4.29,2,17,1,FALSE,FALSE,338.48,927.54,7.5,7.7,4.6
EMP000063,2024-12,3.16,1,14,0,FALSE,FALSE,75.44,566.25,7.5,6.9,3.6
EMP000064,2024-12,3.85,0,5,1,FALSE,FALSE,79.49,251.48,7.4,7.2,3.7
EMP000065,2024-12,3.38,2,15,1,FALSE,FALSE,77.11,673.37,6.9,8.3,3.3
EMP000066,2024-12,3.92,1,15,1,FALSE,FALSE,330.29,892.61,5.8,6.6,3.3
EMP000067,2024-12,4.08,9,21,0,FALSE,FALSE,932.59,1527.34,6.3,7.7,3.7
EMP000068,2024-12,3.79,2,15,3,FALSE,FALSE,169.78,801.1,8.9,7.9,3.5
EMP000070,2024-12,4.37,4,3,1,FALSE,FALSE,592.21,626.3,8.7,8.8,4.2
EMP000072,2024-12,4,9,21,1,FALSE,FALSE,849.02,1723.58,7.6,8.6,3.9
EMP000073,2024-12,2.75,4,15,0,FALSE,FALSE,143.29,821.7,6.2,5.5,2.3
EMP000074,2024-12,4.04,0,17,0,FALSE,FALSE,179.24,791.78,8.4,9.2,4.1
EMP000075,2024-12,4.47,6,14,1,FALSE,FALSE,460.55,1202.63,10,9.8,4.3
EMP000076,2024-12,3.54,1,16,1,FALSE,FALSE,158.35,747.11,6.6,7.1,4.2
EMP000077,2024-12,4.48,2,1,2,FALSE,FALSE,183.64,82.53,8.9,8.2,4.8
EMP000079,2024-12,4.28,1,3,1,FALSE,FALSE,339.58,440.25,7.5,6.4,4.3
EMP000081,2024-12,3.54,3,3,0,FALSE,FALSE,66.33,257.37,9.7,10,3.4
EMP000082,2024-12,3.88,2,12,0,FALSE,FALSE,130.07,696.31,9.1,7.7,3.4
EMP000083,2024-12,3.19,2,2,1,FALSE,FALSE,86.68,325.67,5.4,5.6,3
EMP000084,2024-12,3.71,3,10,2,FALSE,FALSE,104.48,649.71,7.6,7.1,3.7
EMP000085,2024-12,4.6,10,13,2,FALSE,FALSE,1078.7,1657.06,8.4,8,5
EMP000086,2024-12,4.8,9,22,1,FALSE,TRUE,3316.4,2860.57,10,10,5
EMP000088,2024-12,3.59,1,13,2,FALSE,FALSE,83.12,723.64,6.1,5,3.1
EMP000090,2024-12,3.78,0,19,2,FALSE,FALSE,148.89,843.93,7.1,6.4,4
EMP000091,2024-12,4.24,5,19,0,FALSE,FALSE,887.57,1497.55,6.9,7.4,4.2
EMP000092,2024-12,3.79,1,6,0,FALSE,FALSE,260.87,422.57,8.7,8.4,4
EMP000093,2024-12,3.97,3,18,0,FALSE,FALSE,219.76,843.12,8.4,7.2,4.1
EMP000094,2024-12,3.74,2,13,0,FALSE,FALSE,90.35,620.82,6,6.2,3.7
EMP000095,2024-12,4.28,5,16,0,FALSE,FALSE,750.54,1447.31,8.8,8.9,4.6
EMP000096,2024-12,4.24,4,11,0,FALSE,TRUE,354.05,904.47,8.1,7,5
EMP000097,2024-12,4.21,5,15,1,FALSE,FALSE,784.81,1165.57,6.5,5.8,3.9
EMP000098,2024-12,4.29,3,4,0,FALSE,FALSE,219.4,397.65,7,7.8,4.6
EMP000099,2024-12,4.12,6,20,0,FALSE,FALSE,666.08,1300.27,7.5,7.3,4.2
EMP000100,2024-12,3.44,1,5,1,FALSE,FALSE,109.11,288.57,6.3,6.1,3.7
EMP000103,2024-12,4.22,8,17,1,FALSE,FALSE,1057.95,1540.56,7.6,6.2,4.1
EMP000104,2024-12,4.33,5,1,1,TRUE,FALSE,329.57,95.12,7.1,8,4.1
EMP000105,2024-12,4.58,5,11,0,FALSE,FALSE,613.34,470.58,8.4,8.9,4.5
EMP000106,2024-12,3.05,3,12,1,FALSE,FALSE,63.71,556.2,8.3,8.5,3.1
EMP000107,2024-12,4.03,6,14,1,FALSE,FALSE,224.96,830.67,6.9,7,3.9
EMP000109,2024-12,4.14,6,21,0,FALSE,FALSE,985.72,1762.48,8.8,8.7,4.2
EMP000111,2024-12,4,2,5,2,FALSE,FALSE,51.74,237.12,6.9,7.5,3.9
EMP000112,2024-12,4.12,2,3,1,FALSE,FALSE,320.97,422.39,7,6.4,4.4
EMP000113,2024-12,4.37,8,24,1,FALSE,FALSE,1090.79,1756.57,8.2,9.1,4.8
EMP000114,2024-12,3.49,1,7,0,FALSE,FALSE,61.27,237.57,8.7,9.5,3.3
EMP000115,2024-12,3.54,0,9,1,FALSE,FALSE,101.67,665.72,6.9,7.9,3.9
EMP000116,2024-12,4.31,6,13,0,FALSE,FALSE,999.93,1547.44,4.8,3.7,4.4
EMP000117,2024-12,4,0,15,0,FALSE,FALSE,366.27,1092.56,7.8,7.7,4
EMP000118,2024-12,4.74,3,11,0,FALSE,FALSE,197.82,668.72,9.9,9.8,4.7
EMP000120,2024-12,3.28,1,15,2,FALSE,FALSE,182.64,808.9,10,10,3.2
EMP000121,2024-12,3.71,1,15,0,FALSE,FALSE,320.93,1114.24,7.2,7.1,4.1
EMP000122,2024-12,4.11,9,3,2,FALSE,FALSE,377.44,103.51,7.4,7.1,4.4
EMP000123,2024-12,3.85,4,10,1,FALSE,FALSE,214.79,866.24,9.5,10,4.2
EMP000124,2024-12,3.69,0,8,1,FALSE,FALSE,186.55,736.24,7.4,8.1,3.8
EMP000127,2024-12,3.59,4,12,0,FALSE,FALSE,159.45,847.99,6.6,6,3.7
EMP000128,2024-12,4.05,4,12,1,FALSE,FALSE,439.32,1113.11,6.3,6.2,3.7
EMP000130,2024-12,3.92,3,13,2,FALSE,FALSE,408.11,922.89,6.4,5.3,4.1
EMP000131,2024-12,4.5,6,14,0,FALSE,FALSE,843.56,1246.94,8.6,7.7,4.2
EMP000132,2024-12,3.76,1,11,0,FALSE,FALSE,169.53,849.29,7.3,6.4,3.3
EMP000133,2024-12,3.6,2,16,0,FALSE,FALSE,80.2,640.22,8.3,8.7,3.5
EMP000134,2024-12,4.04,1,10,0,FALSE,FALSE,168.8,752.66,7.8,9.1,3.7
EMP000135,2024-12,3.8,3,11,1,FALSE,FALSE,94.09,610.94,7.6,6.4,3.8
EMP000136,2024-12,3.63,2,15,1,FALSE,FALSE,74.11,533.61,7.6,7.2,3.9
EMP000137,2024-12,3.33,3,8,0,FALSE,FALSE,83.57,557.87,7.7,7.8,3.5
EMP000138,2024-12,4.15,2,15,0,FALSE,FALSE,116.25,697.5,9.1,9.2,4.3
EMP000139,2024-12,3.61,2,16,0,FALSE,FALSE,112.77,669.65,7.2,8,2.8
EMP000140,2024-12,3.75,1,14,1,FALSE,FALSE,172.69,669.95,7,6.8,4.1
EMP000141,2024-12,3.88,2,9,1,FALSE,FALSE,410.58,996.75,5.9,6.7,4
EMP000142,2024-12,3.6,0,2,0,FALSE,FALSE,71.57,249.96,7.1,5.7,3.6
EMP000143,2024-12,4.45,6,10,0,FALSE,FALSE,509.25,499.43,7.8,7.7,4.8
EMP000145,2024-12,3.27,1,12,1,FALSE,FALSE,135.38,815.52,6.8,7.1,3
EMP000146,2024-12,4.01,3,4,0,FALSE,FALSE,225.89,366.56,8.5,9.6,3.3
EMP000147,2024-12,4.51,5,16,0,FALSE,FALSE,1184.04,1522.01,8.6,9.4,4.3
EMP000148,2024-12,4.11,8,17,1,FALSE,FALSE,867.85,1489.64,8.8,7.9,3.8
EMP000149,2024-12,3.6,1,17,0,FALSE,FALSE,173.26,904.8,6,5.8,3.1
EMP000150,2024-12,4.25,4,8,1,FALSE,FALSE,576.34,581.97,10,9.8,4
EMP000151,2024-12,4.09,6,19,0,FALSE,FALSE,867.66,1463.56,6.5,6.4,3.4
EMP000152,2024-12,3.64,2,5,0,FALSE,FALSE,107.31,294.41,5.3,4.8,3.8
EMP000153,2024-12,3.39,2,2,2,FALSE,FALSE,81.24,274.65,5.5,6.6,3.8
EMP000154,2024-12,4.66,5,7,1,FALSE,FALSE,758.09,565.14,7.7,6.6,4.5
EMP000157,2024-12,3.85,2,16,0,FALSE,FALSE,399.52,1135.78,7.4,7.1,3.8
EMP000159,2024-12,3.76,0,14,1,FALSE,FALSE,190.41,894.11,6.9,7.8,4.2
EMP000160,2024-12,3.82,0,16,0,FALSE,FALSE,383.37,1094.68,8.7,8.5,3.8
EMP000161,2024-12,3.88,1,6,1,FALSE,FALSE,210.78,373.75,9.9,9.7,3.5
EMP000162,2024-12,4.23,6,5,2,FALSE,FALSE,466.21,448.25,7.5,7.6,4.7
EMP000163,2024-12,3.5,2,13,1,FALSE,TRUE,306.4,968.58,5.2,4.1,3.8
EMP000165,2024-12,4.28,8,23,0,FALSE,FALSE,778.72,1308.43,8.8,9.5,4.7
EMP000166,2024-12,4.54,2,10,0,FALSE,FALSE,1167.99,1526.16,9.1,10,4.6
EMP000167,2024-12,3.96,2,17,2,FALSE,FALSE,147.49,684.99,6.8,6.8,3.6
EMP000170,2024-12,3.5,1,11,1,FALSE,FALSE,133.81,788.88,7.4,6.7,3.4
EMP000171,2024-12,3.49,4,1,0,FALSE,FALSE,65.09,249.16,7.3,9,3.6
EMP000172,2024-12,3.48,4,20,0,FALSE,FALSE,134,751.26,7.2,8.2,3.6
EMP000173,2024-12,4.21,4,10,1,FALSE,FALSE,353.18,978.84,5.4,4.8,3.8
EMP000174,2024-12,4.1,1,6,1,FALSE,FALSE,96.49,248.14,8.2,8.5,3.7
EMP000175,2024-12,4.49,2,10,0,FALSE,FALSE,371.32,415.34,10,9.8,3.8
EMP000176,2024-12,4.25,1,11,0,FALSE,FALSE,558.58,596.79,6.4,6.8,4.2
EMP000177,2024-12,4.23,1,15,0,FALSE,FALSE,393.11,1005.48,6.1,5.9,3.7
EMP000178,2024-12,3.64,0,12,0,FALSE,FALSE,330.75,922.35,7.7,9.1,3.5
EMP000179,2024-12,3.39,4,14,3,FALSE,FALSE,116.03,675.66,7.7,7,3.1
EMP000180,2024-12,4.43,3,5,0,FALSE,FALSE,338.33,437.47,7.5,8.2,4.3
EMP000182,2024-12,3.51,2,3,1,FALSE,FALSE,25.28,41.97,7.7,8,3.6
EMP000183,2024-12,3.6,2,17,1,FALSE,FALSE,140.36,820.28,5.9,5.2,3.6
EMP000184,2024-12,4.09,0,13,0,FALSE,TRUE,204.3,904.26,7.7,7.4,4
EMP000185,2024-12,4.61,4,5,1,FALSE,FALSE,444.96,426.82,8.3,7.9,5
EMP000186,2024-12,4.36,6,9,1,FALSE,FALSE,506.53,418.16,6.5,5.8,4.2
EMP000187,2024-12,4.04,3,28,1,FALSE,FALSE,842.42,1515.64,6.9,7.6,4.2
EMP000188,2024-12,4.4,3,15,0,FALSE,TRUE,438.87,1153.85,6.2,6.8,4.7
EMP000189,2024-12,4.42,6,3,1,FALSE,FALSE,295.06,101.47,8.1,8,4.9
EMP000190,2024-12,4.17,1,13,0,FALSE,FALSE,88.07,696.65,6.2,4.9,3.9
EMP000191,2024-12,3.16,3,15,1,FALSE,FALSE,85.22,631.58,5.8,4.9,2.4
EMP000192,2024-12,4.29,7,17,0,FALSE,FALSE,748.3,1392.44,8,7.5,4.2
EMP000194,2024-12,4.38,2,12,0,FALSE,FALSE,418.43,433.26,7.5,6.8,4.5
EMP000195,2024-12,3.85,0,4,0,FALSE,FALSE,103.5,302.02,8.7,7.9,3.7
EMP000197,2024-12,4,3,18,0,FALSE,FALSE,98.03,697,9.2,8.5,3.3
EMP000198,2024-12,3.44,5,3,3,FALSE,FALSE,56.74,216.32,8.2,7.6,3.5
EMP000199,2024-12,4.63,5,19,1,FALSE,FALSE,678.1,1250.12,7.4,7.3,4.5
EMP000202,2024-12,4.01,2,11,0,FALSE,FALSE,163.48,766.98,6.4,6.2,3.5
EMP000203,2024-12,3.59,2,13,1,FALSE,FALSE,193.35,813.3,6.2,4.9,3.6
EMP000205,2024-12,3.9,3,19,0,FALSE,FALSE,99.56,673.87,8.1,7.7,4.2
EMP000206,2024-12,3.77,2,11,2,FALSE,FALSE,159.88,813.74,5.3,5.2,4.2
EMP000207,2024-12,3.73,3,14,0,FALSE,FALSE,168.42,676,5.6,5.8,3.5
EMP000208,2024-12,4.35,2,11,0,FALSE,FALSE,391.15,1070.92,6.8,5.7,4.6
EMP000209,2024-12,3.99,0,11,0,FALSE,FALSE,375.24,1177.47,6.3,6,4
EMP000210,2024-12,3.98,3,6,1,FALSE,FALSE,206.13,349.57,7.7,7.6,4.5
EMP000211,2024-12,4.56,3,21,0,FALSE,FALSE,766.31,1277.52,8.1,8.4,4.6
EMP000212,2024-12,3.81,4,14,0,FALSE,FALSE,395.33,1003.17,4.9,4.7,3.6
EMP000213,2024-12,4.02,0,8,1,FALSE,FALSE,439.86,1146.18,6,6.8,3.9
EMP000215,2024-12,4.01,1,3,1,FALSE,FALSE,180,352.94,7.7,8.9,4.6
EMP000216,2024-12,3.91,1,7,2,FALSE,FALSE,99.6,298.84,6,5.1,4.2
EMP000217,2024-12,3.77,1,5,0,FALSE,FALSE,135.43,732.19,8.2,7.8,3.3
EMP000218,2024-12,4.59,1,3,0,FALSE,FALSE,257.84,336.41,8.6,9.4,4.4
EMP000220,2024-12,4.12,0,16,1,FALSE,FALSE,379.59,1037.68,6.5,7.5,4.4
EMP000221,2024-12,2.81,0,16,0,FALSE,FALSE,72.56,549.82,4.3,3.7,2.1
EMP000222,2024-12,4.49,3,4,1,FALSE,FALSE,233.84,379.18,8.6,9.1,4.5
EMP000223,2024-12,3.67,7,10,0,FALSE,FALSE,145.02,680.85,6.8,6.4,3.5
EMP000224,2024-12,4.39,4,8,1,FALSE,FALSE,616.51,565.01,6.7,6.8,4.7
EMP000225,2024-12,4.53,5,14,0,FALSE,FALSE,581.94,1183.74,9,9.7,4.4
EMP000227,2024-12,4.33,2,8,0,FALSE,FALSE,496.11,1165.25,8.1,7.3,4.3
EMP000228,2024-12,3.95,1,8,0,FALSE,FALSE,100.89,611.56,7.3,8.3,3.5
EMP000229,2024-12,3.91,2,13,1,FALSE,FALSE,163.06,673.06,8.4,6.5,4.1
EMP000230,2024-12,3.8,1,10,0,FALSE,TRUE,95.97,646.52,7.9,8.4,4
EMP000232,2024-12,4.37,7,17,0,FALSE,FALSE,2916.38,2649.77,8.4,9.2,4.3
EMP000233,2024-12,3.91,6,1,1,FALSE,FALSE,123.87,301.51,9.3,9.8,4.2
EMP000234,2024-12,4.22,8,18,0,FALSE,FALSE,809.72,1317.52,8.1,7.5,4.4
EMP000235,2024-12,3.72,1,5,0,FALSE,TRUE,121.23,317.33,5.2,3.9,3.5
EMP000236,2024-12,3.28,1,13,1,FALSE,FALSE,137.11,736.96,7.1,7.3,3.2
EMP000237,2024-12,3.97,2,2,1,FALSE,FALSE,81.62,71.84,6.7,7,3.8
EMP000238,2024-12,3.78,0,13,2,FALSE,FALSE,75.37,646.47,6.6,7.7,3.7
EMP000239,2024-12,3.84,3,5,0,FALSE,FALSE,95.49,279.27,7.9,8.9,3.3
EMP000240,2024-12,4.17,1,29,0,FALSE,FALSE,883.12,1378.16,7.9,8.2,3.5
EMP000241,2024-12,3.43,0,13,1,FALSE,FALSE,348.04,1030.85,6.7,8.4,3.4
EMP000243,2024-12,4.39,1,4,0,FALSE,FALSE,150.04,328.12,7.2,6.6,4.3
EMP000244,2024-12,3.99,1,7,1,FALSE,FALSE,400.86,944.8,9.7,10,3.8
EMP000245,2024-12,4,4,9,1,FALSE,FALSE,148.71,679.57,8.2,7.7,4.4
EMP000246,2024-12,3.96,1,11,0,FALSE,FALSE,489.42,1224.13,8.4,8.4,4.2
EMP000247,2024-12,3.17,1,13,0,FALSE,FALSE,69.01,560.65,5,4.7,2.5
EMP000248,2024-12,3.83,1,10,0,FALSE,FALSE,417.48,1142.23,7.4,6.7,3.9
EMP000249,2024-12,3.22,2,15,0,FALSE,FALSE,64.82,555.69,5.6,5.4,3
EMP000252,2024-12,3.67,1,11,3,FALSE,FALSE,308.96,1085.78,5.3,5.8,3.9
EMP000253,2024-12,3.96,2,13,1,FALSE,FALSE,372.29,1138.89,7.1,7.3,4
EMP000255,2024-12,3.8,3,12,0,FALSE,FALSE,170.91,882.43,8.5,9.6,3.5
EMP000256,2024-12,4.08,2,14,1,FALSE,FALSE,170.84,672.03,7,5.9,4.3
EMP000257,2024-12,3.3,3,4,0,FALSE,FALSE,54.95,212.51,6.3,6.2,3.2
EMP000258,2024-12,3.69,3,5,0,FALSE,FALSE,94.91,316.15,8.2,9,4.1
EMP000260,2024-12,3.73,0,16,0,FALSE,FALSE,301.71,975.7,8.9,8.4,4
EMP000261,2024-12,4.74,1,14,0,FALSE,FALSE,315.47,909.54,7.1,6.9,5
EMP000263,2024-12,3.64,1,3,1,FALSE,FALSE,95.88,277.6,8.1,7.5,3.8
EMP000265,2024-12,3.2,1,13,0,FALSE,FALSE,152.16,814.78,8.1,8,3.4
EMP000267,2024-12,3.87,1,13,0,FALSE,FALSE,173.88,884.71,5.7,6,4
EMP000268,2024-12,3.72,2,2,1,FALSE,FALSE,96.17,45.1,7.6,7.5,3.7
EMP000269,2024-12,3.79,5,12,0,FALSE,FALSE,219.3,842.52,3.8,3.5,4.5
EMP000270,2024-12,3.75,0,15,0,FALSE,FALSE,153.11,681.88,8.2,10,3.7
EMP000271,2024-12,2.95,1,13,2,FALSE,FALSE,69.93,684.69,7.3,8,3.1
EMP000272,2024-12,4,3,4,0,FALSE,FALSE,198.91,348.74,7,5.7,3.9
EMP000274,2024-12,3.96,1,4,1,FALSE,FALSE,59.9,247.09,7.9,7.8,3.1
EMP000276,2024-12,3.53,5,13,2,FALSE,FALSE,159.94,711.56,4.8,4,3.3
EMP000277,2024-12,3.97,2,11,0,FALSE,FALSE,179.61,730.1,9.1,9,3.8
EMP000278,2024-12,3.83,1,12,0,FALSE,FALSE,94.17,606.66,7.2,7,4
EMP000279,2024-12,3.11,3,16,0,FALSE,FALSE,69.44,544.64,6,5.4,3.3
EMP000280,2024-12,3.7,3,14,0,FALSE,FALSE,436.93,1085.25,7,6.1,4.3
EMP000281,2024-12,4.11,1,14,0,FALSE,FALSE,525.71,1171.83,6.8,5.6,4
EMP000282,2024-12,4.17,4,20,0,FALSE,FALSE,1222.81,1709.44,6.6,5.8,3.9
EMP000283,2024-12,4.26,1,1,1,FALSE,FALSE,178.75,70.75,7.8,8.4,4
EMP000284,2024-12,3.87,3,7,1,FALSE,FALSE,174.85,844.53,6.8,5.6,4.4
EMP000285,2024-12,3.93,6,12,0,FALSE,FALSE,324.32,1034.78,9.5,7.3,4.1
EMP000286,2024-12,4.31,3,14,0,FALSE,FALSE,428.55,1153.35,9.8,10,4.7
EMP000287,2024-12,4.58,3,7,1,FALSE,FALSE,444.93,447.71,5.9,6.5,4.9
EMP000288,2024-12,4.35,4,17,0,FALSE,FALSE,1034.1,1462.75,7.7,7.6,4.5
EMP000290,2024-12,4.06,4,9,2,FALSE,FALSE,127.3,335.87,9.4,9.6,3.9
EMP000291,2024-12,3.84,1,11,1,FALSE,FALSE,381.67,1196.8,8.4,8.7,3.6
EMP000292,2024-12,3.27,0,10,1,FALSE,FALSE,45.12,206.18,6.1,4.9,3.4
EMP000294,2024-12,3.03,1,15,0,FALSE,FALSE,164.41,857.92,8.1,7,3.1
EMP000295,2024-12,3.06,0,8,3,FALSE,FALSE,77.25,678.49,5.6,5,3
EMP000296,2024-12,3.94,2,14,1,FALSE,FALSE,400.75,1072.88,7.4,6.7,3.5
EMP000298,2024-12,3.99,1,15,3,FALSE,FALSE,173.07,886.11,7.2,7,3.9
EMP000299,2024-12,4.09,5,9,0,FALSE,FALSE,496.15,514.56,9.2,8.9,4.2
EMP000300,2024-12,4.89,6,14,0,FALSE,FALSE,1401.08,1721.65,6.6,7.5,5
EMP000301,2024-12,4.19,2,23,0,FALSE,FALSE,1050.57,1577.51,9.4,10,4.2
EMP000302,2024-12,3.93,3,11,0,FALSE,FALSE,205.86,909.7,8.2,7.8,3.8
EMP000303,2024-12,4.56,0,5,0,FALSE,FALSE,307.01,389.5,8.1,7.9,4.7
EMP000304,2024-12,3.93,5,4,0,FALSE,FALSE,120.87,74.42,8.7,8.1,3.5
EMP000305,2024-12,3.92,0,9,0,FALSE,FALSE,75.72,594.52,7.4,6.4,4.2
EMP000306,2024-12,4.12,3,8,0,FALSE,FALSE,448.37,521.52,7.7,9.1,4.2
EMP000307,2024-12,4.18,2,17,1,FALSE,FALSE,824.95,1433.07,7.6,8.4,4.2
EMP000308,2024-12,3.52,3,4,0,FALSE,FALSE,138.12,336.7,8.1,8.7,3.9
EMP000309,2024-12,4.34,2,27,0,FALSE,FALSE,1115.23,1609.36,8.6,9.2,4.5
EMP000310,2024-12,4.01,1,14,0,FALSE,FALSE,343.78,1067.69,7.7,8.8,3.9
EMP000311,2024-12,3.83,3,14,0,FALSE,FALSE,439.05,1014.57,9,9.2,4.3
EMP000312,2024-12,3.07,1,13,1,FALSE,FALSE,92.12,646.64,5.8,4.9,3.1
EMP000313,2024-12,4.17,2,11,2,FALSE,FALSE,446.98,1173.47,9.4,8.9,4
EMP000314,2024-12,4.45,1,6,0,FALSE,FALSE,455.73,1108.8,8.8,10,4.2
EMP000315,2024-12,3.99,2,12,0,FALSE,FALSE,87.41,717.64,9,9.7,4
EMP000316,2024-12,3.67,1,1,1,FALSE,FALSE,213.64,410.05,8.4,8,4
EMP000317,2024-12,2.79,2,10,1,FALSE,FALSE,73.72,710.54,5.3,5.5,2.8
EMP000319,2024-12,4.28,2,20,0,FALSE,FALSE,1195.81,1615.06,8.9,9.2,4.6
EMP000320,2024-12,3.71,1,0,1,FALSE,FALSE,62.69,53.75,8.1,7.9,3.6
EMP000321,2024-12,4.07,3,10,0,FALSE,FALSE,667.98,559.51,7,8.3,4
EMP000322,2024-12,4,2,14,0,FALSE,FALSE,169.1,790.06,8.6,8.6,4.5
EMP000323,2024-12,4.21,0,16,1,FALSE,FALSE,393.27,1225.81,7.1,5.8,4.1
EMP000324,2024-12,4.36,5,18,1,FALSE,FALSE,1357.32,1750.88,7.8,6.5,4.6
EMP000325,2024-12,4.37,4,11,2,FALSE,FALSE,392.5,414.05,7.9,7.8,4.6
EMP000327,2024-12,4.43,6,20,1,FALSE,FALSE,854.59,1510.59,8.8,8,4.2
EMP000328,2024-12,3.61,3,9,0,FALSE,FALSE,211.15,844.61,6.1,6.9,4
EMP000329,2024-12,3.79,1,8,0,FALSE,FALSE,167.08,727.95,9.5,9.6,4.2
EMP000330,2024-12,4.04,2,12,0,FALSE,TRUE,211.65,869.29,9,9.2,3.7
EMP000331,2024-12,4.54,3,13,0,FALSE,FALSE,551.4,1105.24,9.1,8.1,4.2
EMP000333,2024-12,3.95,1,2,0,FALSE,FALSE,92.06,251.57,6.9,6.2,4
EMP000334,2024-12,3.53,3,12,1,FALSE,FALSE,85.05,590.02,8.7,8.8,3.7
EMP000335,2024-12,4.71,2,8,0,FALSE,FALSE,496.01,536.4,9.5,8.3,4.9
EMP000336,2024-12,3.57,0,11,0,FALSE,FALSE,98.99,677.09,5.7,5.4,4
EMP000337,2024-12,4.72,5,20,0,FALSE,FALSE,1043.8,1695.41,7.9,7.9,4.8
EMP000338,2024-12,3.84,4,5,1,FALSE,FALSE,55,256.23,9.6,8.2,4.2
EMP000339,2024-12,3.48,0,2,0,FALSE,FALSE,60.68,228.02,6.7,5.7,3.4
EMP000341,2024-12,4.31,4,8,0,FALSE,FALSE,394.9,442.29,7.4,6.9,3.9
EMP000342,2024-12,4.52,6,17,1,FALSE,FALSE,1856.14,1842.23,7,6.8,4.3
EMP000343,2024-12,4.26,2,13,0,FALSE,FALSE,114.45,686.92,8.3,9.4,4.5
EMP000345,2024-12,4,1,21,0,FALSE,FALSE,106.15,699.57,8.4,7.2,5
EMP000346,2024-12,3.82,2,14,1,FALSE,FALSE,159.26,683.43,8.2,8.7,3.9
EMP000348,2024-12,3.79,3,11,0,FALSE,FALSE,337.59,894.24,9.6,9.6,4
EMP000349,2024-12,3.08,4,6,1,FALSE,FALSE,80.53,254.55,7.6,6.8,3.2
EMP000350,2024-12,4.4,6,16,0,FALSE,FALSE,888.08,1266.73,9.2,9.4,4.2
EMP000351,2024-12,3.65,0,6,1,FALSE,FALSE,117.75,305.63,6.9,5,3.9
EMP000352,2024-12,4.34,8,9,0,FALSE,FALSE,448.27,419.25,6.5,7.5,4.4
EMP000353,2024-12,3.99,4,16,1,FALSE,FALSE,388.12,1037.89,7.3,7.8,4.5
EMP000355,2024-12,4.33,2,12,1,FALSE,FALSE,448.44,1192.58,8.4,7.3,4.6
EMP000356,2024-12,3.4,1,10,1,FALSE,FALSE,208.95,874.82,6.4,6.4,3.8
EMP000357,2024-12,3.82,1,14,0,FALSE,FALSE,123.63,697.39,8.2,9.4,3.8
EMP000358,2024-12,4.21,1,9,0,FALSE,FALSE,454.56,1056.02,4.9,4.7,3.8
EMP000359,2024-12,3.9,5,4,0,FALSE,FALSE,413.39,418.05,7.9,7,4.5
EMP000360,2024-12,4.12,4,18,0,FALSE,FALSE,1044.33,1765.49,6.8,6.8,4
EMP000361,2024-12,4.61,7,19,1,FALSE,FALSE,762.88,1196.88,8.7,8.2,4.5
EMP000363,2024-12,4.88,5,11,2,FALSE,FALSE,643.09,492.73,6.5,6.4,5
EMP000364,2024-12,4.27,5,20,0,FALSE,FALSE,1020.22,1653.49,7.8,8,4.1
EMP000365,2024-12,4.59,2,16,0,FALSE,FALSE,471.2,1041.54,8.9,9.9,4.4
EMP000366,2024-12,3.62,2,8,0,FALSE,FALSE,99.86,662.96,7.8,8.4,3.7
EMP000367,2024-12,3.97,0,4,1,FALSE,FALSE,118.22,311.2,9.4,10,4.1
EMP000368,2024-12,4.59,3,8,2,FALSE,FALSE,523.71,1071.34,8.6,9.4,4.4
EMP000370,2024-12,3.97,5,1,0,FALSE,FALSE,318.5,128.18,7.2,9.4,4.1
EMP000371,2024-12,3.62,0,17,0,FALSE,FALSE,105.33,694.42,6.1,6.3,3.6
EMP000372,2024-12,3.89,3,11,1,FALSE,FALSE,150.35,752.79,9,9.8,3.9
EMP000373,2024-12,3.74,3,1,2,FALSE,FALSE,157.71,72.24,8.3,7.8,3.6
EMP000374,2024-12,3.94,2,13,0,FALSE,FALSE,86.89,607.28,6.3,6.2,3.7
EMP000376,2024-12,3.89,1,16,2,FALSE,FALSE,222.8,850.4,7.8,8.1,4.1
EMP000377,2024-12,4.34,2,14,0,FALSE,FALSE,951.95,1459.89,7,7.2,4.4
EMP000378,2024-12,3.81,1,13,1,FALSE,FALSE,418.74,996.16,6.9,7.9,4.6
EMP000379,2024-12,3.84,1,2,0,FALSE,FALSE,51.52,56.56,5.1,6.2,4
EMP000381,2024-12,4.32,3,17,0,FALSE,TRUE,1132.04,1645.7,8.4,8.8,4
EMP000383,2024-12,4.47,4,12,2,FALSE,FALSE,1186.32,1609.77,7.3,6.3,4.2
EMP000384,2024-12,3.95,6,5,2,FALSE,FALSE,410.57,445.2,6.8,7.3,3.9
EMP000385,2024-12,3.43,1,1,0,FALSE,FALSE,69.48,70.19,8.8,9.7,3.5
EMP000387,2024-12,4.05,3,12,0,FALSE,FALSE,881.72,1324.52,7.3,7.1,3.8
EMP000389,2024-12,3.36,3,11,1,FALSE,FALSE,94.94,619.81,5.4,5.1,3.4
EMP000390,2024-12,4.37,3,10,0,FALSE,FALSE,534.74,1186.48,9.5,9.5,4.2
EMP000391,2024-12,3.95,5,6,0,FALSE,FALSE,673.98,599.84,7.5,7.2,3.9
EMP000392,2024-12,4.16,3,6,1,FALSE,FALSE,101.51,245.77,8.1,9.2,4.2
EMP000393,2024-12,4.45,1,10,1,FALSE,FALSE,170.64,822.56,9.2,7.4,4.6
EMP000394,2024-12,4.02,1,6,0,FALSE,FALSE,306.24,420.33,7.3,7.6,4.2
EMP000395,2024-12,3.33,0,11,1,FALSE,FALSE,160.73,683.17,8.1,8.3,3.4
EMP000397,2024-12,2.83,1,14,1,FALSE,FALSE,86.57,641.07,7,6.1,3
EMP000399,2024-12,3.53,1,9,0,FALSE,FALSE,89.71,669.77,7.9,8.5,3.8
EMP000400,2024-12,3.8,1,2,0,FALSE,FALSE,81.4,265.93,8.1,7.6,4
EMP000401,2024-12,4.32,2,12,0,FALSE,FALSE,401.5,924.85,9.1,10,4.5
EMP000402,2024-12,4.14,3,25,1,FALSE,TRUE,970.84,1406,7.5,6.9,3.8
EMP000403,2024-12,4.36,5,21,0,FALSE,FALSE,777,1240.76,7.3,9.9,4.7
EMP000404,2024-12,3.98,3,13,0,FALSE,TRUE,102.64,609.89,8.2,6.7,4.8
EMP000405,2024-12,3.45,4,4,1,FALSE,FALSE,50.35,201.21,5.8,5.7,4.4
EMP000406,2024-12,4.47,3,12,0,FALSE,FALSE,1060.27,1487.04,8.6,8.9,4.4
EMP000408,2024-12,4.88,8,13,0,FALSE,FALSE,1327.61,1653.3,7.3,6.3,5
EMP000409,2024-12,3.66,1,11,2,FALSE,FALSE,169.83,860.98,5.3,4.7,3.4
EMP000410,2024-12,4.09,2,11,0,FALSE,FALSE,391.9,1053.95,9.6,9.7,3.9
EMP000411,2024-12,4.09,7,28,1,FALSE,FALSE,603.32,1216.2,7.9,6.2,4
EMP000412,2024-12,3.7,2,10,0,FALSE,FALSE,206.65,837.19,7.5,7.2,4
EMP000413,2024-12,3.05,3,23,1,FALSE,FALSE,82.44,592.52,6.9,6.3,2.7
EMP000414,2024-12,4.15,1,7,0,FALSE,FALSE,76.02,536.12,6,7.5,4.6
EMP000419,2024-12,3.72,5,6,1,FALSE,FALSE,205.05,377.2,8.1,8.3,3.3
EMP000420,2024-12,3.61,1,3,1,FALSE,FALSE,137.2,59.12,7,8.6,4.3
EMP000422,2024-12,4.06,0,1,0,FALSE,FALSE,125.67,73.2,7,6.9,4.1
EMP000424,2024-12,3.47,3,14,2,FALSE,FALSE,114.54,670.25,5,4.9,4.1
EMP000425,2024-12,3.72,3,16,2,FALSE,FALSE,152,787.31,7.9,7.6,3.3
EMP000426,2024-12,4.23,1,5,0,FALSE,FALSE,264.02,336.03,7.7,7,4.4
EMP000427,2024-12,4.67,9,2,0,FALSE,FALSE,365.43,100.62,8.1,7.4,4.6
EMP000428,2024-12,4.36,1,1,2,FALSE,FALSE,865.36,115.57,7.2,7.3,5
EMP000429,2024-12,3.32,1,8,0,FALSE,FALSE,90.25,254.48,8.3,8.3,2.9
EMP000430,2024-12,3.81,1,12,1,FALSE,FALSE,75.17,643.02,8.9,9.6,3.5
EMP000431,2024-12,3.81,0,15,1,FALSE,FALSE,290.66,902.1,9.3,9.2,4.1
EMP000433,2024-12,3.69,1,0,0,FALSE,FALSE,39.16,50.78,5,4.1,3.6
EMP000435,2024-12,3.99,1,15,1,FALSE,FALSE,158.97,781.44,7.1,6.4,3.7
EMP000436,2024-12,4.42,4,17,1,FALSE,FALSE,1238.12,1653.21,8.6,8.7,4.7
EMP000438,2024-12,4.35,1,8,0,FALSE,FALSE,239.09,395.52,9.2,9.2,4.2
EMP000439,2024-12,4.24,1,12,2,FALSE,FALSE,172.35,805.05,8.8,9.3,4.8
EMP000440,2024-12,3.91,3,3,1,FALSE,FALSE,106.53,323.55,6.8,6.2,4.2
EMP000441,2024-12,3.98,0,17,0,FALSE,FALSE,424.42,1105.3,8.3,8,3.8
EMP000442,2024-12,4.29,3,8,0,FALSE,FALSE,389.62,943.18,6.7,6.5,4.3
EMP000443,2024-12,3.89,1,6,2,FALSE,FALSE,107.14,330.54,7.2,5.6,4.1
EMP000444,2024-12,4.06,3,10,1,FALSE,FALSE,454.19,1147.28,8.5,7.9,4.2
EMP000447,2024-12,4.32,9,14,0,FALSE,FALSE,719.92,1168.78,10,10,4.3
EMP000448,2024-12,3.76,1,13,2,FALSE,FALSE,221.13,930.04,10,10,3.5
EMP000449,2024-12,4.19,0,5,0,FALSE,FALSE,255.88,349.47,5.7,4.8,4.2
EMP000451,2024-12,4,0,14,2,FALSE,FALSE,204.37,833.83,7.4,8.4,3.4
EMP000452,2024-12,4.23,4,11,1,FALSE,FALSE,381.22,1137.82,8.8,9.4,3.8
EMP000453,2024-12,3.69,4,9,0,FALSE,FALSE,97.75,711,8.1,6.9,3.2
EMP000454,2024-12,3.5,1,13,0,FALSE,FALSE,127.74,671.01,6.1,8,3.4
EMP000455,2024-12,3.9,1,10,0,FALSE,FALSE,361.39,1144.71,7.1,7.4,4.1
EMP000456,2024-12,4.14,0,13,0,FALSE,FALSE,145.05,767.69,5.3,4,4
EMP000457,2024-12,3.99,1,8,0,FALSE,FALSE,56.05,202.77,6.6,7.3,4
EMP000458,2024-12,4.35,7,17,0,FALSE,FALSE,641.48,1200.02,6.9,6.3,4.3
EMP000460,2024-12,4.6,7,5,2,FALSE,FALSE,559.4,502.3,8.1,8.2,4.1
EMP000461,2024-12,3.84,4,6,1,FALSE,FALSE,232.52,359.04,7.9,7.8,3.6
EMP000462,2024-12,3.68,2,16,3,FALSE,FALSE,142.72,745,7.3,7.7,4
EMP000463,2024-12,3.71,6,6,0,FALSE,FALSE,87.76,280.05,5.9,6.8,3.5
EMP000464,2024-12,4,1,3,1,FALSE,FALSE,92.15,292.28,7.2,7.9,3.8
EMP000466,2024-12,3.24,2,4,0,FALSE,FALSE,39.15,209.32,5.5,6.2,3.6
EMP000467,2024-12,3.57,2,14,2,FALSE,FALSE,344.72,999.77,6.8,6.6,3.3
EMP000468,2024-12,3.15,1,3,0,FALSE,FALSE,40.15,213.89,7.8,7.2,3.4
EMP000469,2024-12,3.33,2,10,2,FALSE,FALSE,92.68,618.28,4.7,4,3.4
EMP000470,2024-12,4.11,4,8,0,FALSE,FALSE,474.12,533,7.5,8.9,4
EMP000471,2024-12,4.19,3,2,1,FALSE,FALSE,439.14,119.03,5.2,4.6,3.9
EMP000472,2024-12,3.23,0,18,1,FALSE,FALSE,92.45,691.79,7.8,8.4,3
EMP000473,2024-12,4.28,4,3,0,FALSE,FALSE,271.44,442.54,8.1,7,4.1
EMP000474,2024-12,4.01,0,1,2,FALSE,FALSE,171.99,98.82,7.2,7.1,3.7
EMP000475,2024-12,4.76,4,15,0,FALSE,FALSE,2882.47,2953.81,7.7,7,5
EMP000477,2024-12,4.56,1,12,0,FALSE,FALSE,468.94,1003.28,7.8,8.3,4.9
EMP000478,2024-12,4.22,4,14,1,FALSE,FALSE,960.67,1466.37,8.6,7.2,4.2
EMP000479,2024-12,4.42,8,13,0,FALSE,FALSE,1309.22,1687.75,7.2,7.7,4.7
EMP000481,2024-12,4.42,4,9,0,FALSE,FALSE,698.38,631.85,6.9,7,4
EMP000482,2024-12,3.74,1,5,1,FALSE,FALSE,45.33,188.08,6.3,6.4,4
EMP000484,2024-12,4.39,2,16,0,FALSE,TRUE,977.25,1621.04,7.2,6.8,4.3
EMP000485,2024-12,4.67,5,18,0,FALSE,FALSE,1002.36,1370,7.8,8.1,4.7
EMP000486,2024-12,3.61,5,12,0,FALSE,FALSE,57.12,235.17,8.7,8.9,4.3
EMP000487,2024-12,4.56,3,10,0,FALSE,FALSE,398.7,1134.85,8,7.3,4.5
EMP000489,2024-12,4.29,7,18,1,FALSE,FALSE,1088.47,1726.86,7.2,7.5,3.9
EMP000491,2024-12,4.29,2,12,2,FALSE,FALSE,337.41,887.89,9.9,10,4.4
EMP000492,2024-12,4.51,6,20,0,FALSE,FALSE,698.92,1247.93,8,8,4.5
EMP000493,2024-12,3.7,0,4,0,FALSE,FALSE,104.1,302.7,6.7,7.9,3.5
EMP000494,2024-12,3.98,3,15,1,FALSE,FALSE,528.93,1188.12,6.8,5.6,3.7
EMP000495,2024-12,3.87,1,6,0,FALSE,FALSE,73.59,242.4,7.8,9.9,3.6
EMP000496,2024-12,4.06,6,6,1,FALSE,FALSE,485.73,533.82,9.3,8.8,4
EMP000497,2024-12,4.44,7,14,0,FALSE,FALSE,1062.32,1412.64,5.9,6,4
EMP000499,2024-12,3.93,2,13,0,FALSE,FALSE,91.74,614.38,4.6,5.3,4
EMP000500,2024-12,4.23,2,15,1,FALSE,FALSE,832.43,1365.79,9.2,9.3,4.3
EMP000501,2024-12,4.13,2,16,0,FALSE,FALSE,177.15,691.41,8.4,8,3.7
EMP000503,2024-12,3.96,8,26,1,FALSE,FALSE,1141.46,1609.39,7.8,8.4,4.2
EMP000504,2024-12,3.9,5,8,0,FALSE,FALSE,348.69,429.92,5.8,5.3,4.3
EMP000505,2024-12,4.5,1,5,1,FALSE,FALSE,526.55,580.69,6.9,6.6,4.8
EMP000506,2024-12,4.74,4,24,0,FALSE,FALSE,1163.31,1590.97,8.4,8.9,4.4
EMP000507,2024-12,4.16,2,9,1,FALSE,FALSE,370.13,1157.64,8.8,9.9,4.5
EMP000508,2024-12,3.96,1,12,0,FALSE,FALSE,359.02,1027.05,7.8,9,3.7
EMP000509,2024-12,3.78,1,6,0,FALSE,FALSE,382.3,938.28,7.3,7,3.7
EMP000510,2024-12,3.78,1,13,1,FALSE,FALSE,98.65,590.77,6.7,5.8,4
EMP000511,2024-12,3.63,1,9,2,FALSE,FALSE,111.47,330.06,7.2,7.1,3.8
EMP000513,2024-12,4.32,4,23,0,FALSE,FALSE,906.28,1212.73,7.5,7,4.8
EMP000514,2024-12,3.43,2,9,0,FALSE,FALSE,75.94,541.32,8.2,7,3.9
EMP000515,2024-12,3.58,4,10,1,FALSE,FALSE,346.14,1145.4,6.4,4.7,3.7
EMP000516,2024-12,3.88,5,15,2,FALSE,FALSE,157.51,843.33,6.7,6.9,3.6
EMP000517,2024-12,2.59,1,8,2,FALSE,FALSE,39.26,193.8,6.2,5.9,2.9
EMP000518,2024-12,3.61,1,7,1,FALSE,FALSE,45.83,207.88,7,6,3.8
EMP000520,2024-12,4.09,1,18,0,FALSE,FALSE,1155.66,1588.7,9.1,9.3,4.5
EMP000521,2024-12,5,7,19,1,FALSE,FALSE,2036.93,2169.46,10,10,5
EMP000524,2024-12,3.76,2,10,1,FALSE,FALSE,143.75,786.56,6.5,7.3,4
EMP000526,2024-12,4.74,7,3,0,FALSE,FALSE,977.53,137.5,10,8.2,4.5
EMP000527,2024-12,3.75,0,13,0,FALSE,FALSE,146.01,792.12,8,6,4
EMP000528,2024-12,5,1,13,1,FALSE,FALSE,827.99,1248.69,9.9,9.9,5
EMP000529,2024-12,3.72,1,14,0,FALSE,FALSE,214.29,927.88,8.5,8.6,3.8
EMP000530,2024-12,4.2,3,15,0,FALSE,FALSE,414.52,1021.02,8.3,9.3,3.9
EMP000531,2024-12,4.29,6,19,1,FALSE,FALSE,824.86,1332.99,7.2,6.3,4.3
EMP000532,2024-12,4.54,3,5,0,FALSE,FALSE,996.76,623.55,7.5,6.9,4.4
EMP000533,2024-12,4.61,3,21,0,FALSE,FALSE,964.58,1706.79,8.3,9.4,4.7
EMP000534,2024-12,4.38,0,14,1,FALSE,FALSE,327.5,983.43,9.2,9.7,4.4
EMP000535,2024-12,4.49,5,12,2,FALSE,FALSE,1965.77,1687.1,7.5,7.6,4.7
EMP000536,2024-12,4.06,1,24,1,FALSE,FALSE,655.1,1190.97,8.2,7.7,3.8
EMP000537,2024-12,3.37,2,4,0,FALSE,FALSE,57.24,259.68,7.9,7,3.6
EMP000538,2024-12,4.33,2,2,1,FALSE,FALSE,267.44,376.42,8.4,7.5,4.2
EMP000541,2024-12,3.24,2,16,1,FALSE,FALSE,68.48,619.7,6.7,6.1,3.6
EMP000542,2024-12,3.44,1,17,1,FALSE,FALSE,190.39,891.98,6.3,6,3.3
EMP000543,2024-12,3.99,2,17,0,FALSE,FALSE,245.59,923.76,7.1,7,3.8
EMP000544,2024-12,4.47,5,15,0,FALSE,FALSE,955.86,1749.28,10,9.2,4.2
EMP000545,2024-12,3.37,3,15,0,FALSE,FALSE,163.98,758.41,7.8,9.4,3.9
EMP000546,2024-12,3.86,1,21,1,FALSE,FALSE,511.95,1182.84,9.5,8.5,3.7
EMP000547,2024-12,4.09,2,4,0,FALSE,FALSE,111.13,293.12,6.8,5.7,4.5
EMP000548,2024-12,3.69,1,13,1,FALSE,FALSE,129.82,667.73,7.1,7,3.6
EMP000550,2024-12,4.07,2,16,0,FALSE,FALSE,190.79,878.77,7.9,7.6,4.4
EMP000551,2024-12,3.89,2,14,0,FALSE,FALSE,125.3,703.52,5.8,6.3,3.2
EMP000553,2024-12,4.11,0,13,1,FALSE,FALSE,433.45,1097.56,8.6,9.8,4.5
EMP000554,2024-12,3.6,3,14,0,FALSE,FALSE,80.94,551.17,7.3,7.9,3.3
EMP000556,2024-12,3.81,2,7,1,FALSE,FALSE,283.65,419.33,6.8,8.8,3.4
EMP000557,2024-12,4.49,1,11,0,FALSE,FALSE,409.18,920.51,8.4,8.2,3.8
EMP000558,2024-12,4.55,3,10,0,FALSE,FALSE,335.37,934.68,7.7,8.1,4.4
EMP000559,2024-12,3.98,0,11,0,FALSE,FALSE,152.46,691.43,7.6,7.6,3.6
EMP000560,2024-12,4.49,4,25,0,FALSE,FALSE,1155.58,1668.52,8.2,8.4,5
EMP000561,2024-12,4.89,2,11,0,FALSE,FALSE,648.47,491.25,9.3,8.6,4.4
EMP000562,2024-12,3.35,3,9,1,FALSE,FALSE,171.21,896.73,6.5,7,3
EMP000563,2024-12,3.25,2,10,2,FALSE,FALSE,68,550.58,8.7,8.6,2.7
EMP000564,2024-12,3.9,1,18,0,FALSE,FALSE,305.43,881.64,8.6,8.3,3.7
EMP000565,2024-12,4.39,6,30,2,FALSE,FALSE,844.45,1371.94,7,6.9,5
EMP000566,2024-12,4.22,4,5,0,FALSE,FALSE,433.34,431.48,7,7.3,4.3
EMP000568,2024-12,3.45,1,13,2,FALSE,FALSE,87.73,655.26,4.7,4.3,3.3
EMP000569,2024-12,3.22,0,1,2,FALSE,FALSE,62.87,42.29,7.2,8.4,3.1
EMP000570,2024-12,3.83,1,2,0,FALSE,FALSE,84.25,71.72,8.7,8.4,4
EMP000571,2024-12,3.46,3,2,1,FALSE,FALSE,184.88,406.46,6.4,6.3,3.1
EMP000572,2024-12,3.6,2,8,1,FALSE,FALSE,407.8,1117.1,4.5,4,3.6
EMP000573,2024-12,4.32,11,26,0,FALSE,FALSE,908.54,1579.21,7.8,8.7,4.1
EMP000575,2024-12,4.18,1,13,0,FALSE,FALSE,367.12,1165.6,8,8.2,4.1
EMP000576,2024-12,4.18,6,21,1,FALSE,FALSE,1001.4,1602.16,7.2,8.5,4.3
EMP000577,2024-12,3.86,1,5,1,FALSE,FALSE,117.67,276.92,9.6,9.2,3.9
EMP000578,2024-12,3.75,1,14,0,FALSE,FALSE,149.93,835.23,7.7,7.2,3.8
EMP000579,2024-12,3.36,1,13,2,FALSE,FALSE,170.32,738.5,5.8,5.9,3.3
EMP000580,2024-12,4.33,3,18,0,FALSE,FALSE,478.27,1043.41,7,8.1,4.2
EMP000581,2024-12,4,4,11,0,FALSE,FALSE,332.35,878.77,7.6,6.1,3.7
EMP000582,2024-12,4.39,3,6,1,FALSE,FALSE,738.41,571.35,8.3,8.1,4.9
EMP000585,2024-12,3.99,1,2,0,FALSE,FALSE,260.59,437.55,7.1,7.4,4.3
EMP000586,2024-12,3.96,2,2,0,FALSE,FALSE,64.59,58.11,5.7,4.5,3.9
EMP000589,2024-12,3.13,3,1,2,FALSE,FALSE,54.23,216.48,6.2,6,2.8
EMP000591,2024-12,4.08,1,10,0,FALSE,FALSE,100.79,557.75,5.9,5.3,4.2
EMP000594,2024-12,4.38,2,19,1,FALSE,FALSE,955.87,1625.31,7.3,7.8,4.4
EMP000595,2024-12,4.35,3,3,0,FALSE,FALSE,226.41,324.36,7.7,9.5,4.1
EMP000596,2024-12,4.76,2,4,0,FALSE,FALSE,199.45,327.22,7.3,7.7,4.5
EMP000597,2024-12,4.41,4,15,0,FALSE,FALSE,972.92,1407.06,8.7,9.7,4.2
EMP000598,2024-12,3.63,1,18,1,FALSE,FALSE,193.18,882.24,5.9,5.8,3.5
EMP000599,2024-12,3.56,4,8,1,FALSE,FALSE,86.61,295.7,6.8,7.7,3.7
EMP000600,2024-12,3.34,3,3,2,FALSE,FALSE,49.24,188.71,8.8,6.9,3.5
EMP000601,2024-12,4.03,2,12,0,FALSE,FALSE,320.07,1009.58,7.1,8.1,4.1
EMP000602,2024-12,3.7,4,11,0,FALSE,FALSE,439.75,1223.72,6.9,8.1,3.3
EMP000603,2024-12,4.16,2,4,0,FALSE,FALSE,213.29,374.1,7,7.2,4.5
EMP000604,2024-12,3.86,1,14,0,FALSE,FALSE,168.47,671.35,5.6,4,3.9
EMP000606,2024-12,4.18,1,11,1,FALSE,FALSE,340.98,982.78,9.5,9.2,4.1
EMP000607,2024-12,3.51,3,13,2,FALSE,FALSE,85.04,534.27,10,9.7,3.6
EMP000608,2024-12,4.28,6,21,0,FALSE,FALSE,682.08,1325.37,8.1,7.1,3.9
EMP000609,2024-12,4.1,1,10,1,FALSE,FALSE,457.95,1176.91,6.5,7.6,4.1
EMP000610,2024-12,3.54,4,11,0,FALSE,TRUE,468.01,1235.6,6.2,4.7,3.3
EMP000611,2024-12,3.51,1,4,0,FALSE,FALSE,102.5,320.37,6,5.7,3.6
EMP000612,2024-12,4.01,1,6,0,FALSE,FALSE,89.01,262.97,8.3,8.6,4.8
EMP000613,2024-12,4.58,4,20,2,FALSE,FALSE,884.79,1279.29,9.2,10,4.6
EMP000616,2024-12,3.92,2,10,0,FALSE,FALSE,167.31,766.95,7.1,6.7,4.1
EMP000620,2024-12,4.13,4,15,0,FALSE,FALSE,355.14,961.62,10,9.5,4.3
EMP000621,2024-12,4.19,7,18,1,FALSE,FALSE,711.04,1176.12,6.8,6.8,4
EMP000622,2024-12,3.67,5,8,2,FALSE,FALSE,98.3,657.1,6.9,7.2,3.5
EMP000625,2024-12,3.84,2,10,0,FALSE,FALSE,187.74,902.47,8.5,9.5,3.8
EMP000626,2024-12,3.58,4,16,1,FALSE,FALSE,377.22,937.8,7,7.5,3.2
EMP000629,2024-12,4.29,3,9,1,FALSE,TRUE,302.67,880.81,6.4,7.4,4.1
EMP000630,2024-12,4.22,3,28,1,FALSE,FALSE,874.79,1608.34,9.5,9,3.9
EMP000631,2024-12,4.16,1,9,0,FALSE,FALSE,364.74,972.27,9.8,9.5,3.6
EMP000632,2024-12,4.62,5,23,0,FALSE,FALSE,3311.82,2809.96,8.4,8,4.7
EMP000633,2024-12,4.49,2,9,1,FALSE,FALSE,449.64,1072.72,8.6,8.6,4.4
EMP000634,2024-12,3.96,4,9,1,FALSE,FALSE,235.27,922.15,6.7,6.3,4.6
EMP000635,2024-12,4.12,6,3,3,FALSE,FALSE,312.5,113.29,8.9,8.3,4.1
EMP000636,2024-12,3.5,5,6,0,FALSE,FALSE,95.43,282.19,8.8,10,3.8
EMP000637,2024-12,4.52,3,10,0,FALSE,FALSE,1662.47,1852.02,6.6,5.9,4.7
EMP000638,2024-12,4.05,3,15,0,FALSE,FALSE,1105.34,1529.21,8.8,8.7,4
EMP000639,2024-12,4.37,3,24,0,FALSE,FALSE,855.57,1638.13,6.9,6.8,4.5
EMP000640,2024-12,3.28,0,8,0,FALSE,FALSE,177.72,324.42,6.6,6.9,3.7
EMP000641,2024-12,4.14,3,21,3,FALSE,FALSE,641.56,1224.76,6.2,4.9,4.5
EMP000643,2024-12,3.83,1,3,0,FALSE,FALSE,232.59,382.44,8,8.2,3.2
EMP000644,2024-12,3.77,1,2,0,FALSE,TRUE,118.81,81.35,6.8,6.3,3.8
EMP000645,2024-12,4.19,0,18,0,FALSE,FALSE,182.35,751.93,6.2,6.6,4.5
EMP000646,2024-12,3.78,2,10,0,FALSE,FALSE,76.11,622.17,8.8,9.7,3.4
EMP000647,2024-12,3.85,8,6,1,FALSE,FALSE,139.27,697.16,8.4,8.1,3.7
EMP000648,2024-12,4.14,1,11,0,FALSE,FALSE,314.87,901.72,8.6,9.2,4.3
EMP000649,2024-12,3.97,1,3,2,FALSE,FALSE,67.55,59.88,7.6,9.3,3.7
EMP000650,2024-12,4.53,5,21,1,FALSE,TRUE,1212.65,1623.74,7.7,7.1,4.6
EMP000651,2024-12,4.49,2,9,0,FALSE,FALSE,236.62,796.7,7.1,6.8,4.7
EMP000652,2024-12,4.57,1,1,1,FALSE,FALSE,150.01,77.62,8.9,8.1,4.7
EMP000653,2024-12,3.2,1,2,0,FALSE,FALSE,42.83,216.47,5.4,5.5,3.3
EMP000654,2024-12,4.08,2,16,1,FALSE,FALSE,871.66,1334.24,6.9,7.1,3.9
EMP000655,2024-12,4.01,0,15,0,FALSE,FALSE,147.77,743.45,7.5,8.5,3.5
EMP000656,2024-12,4.04,3,15,0,FALSE,FALSE,79.6,553.86,8.8,8.6,4.3
EMP000657,2024-12,3.77,1,10,0,FALSE,FALSE,144.85,747.26,8.5,8.6,3.5
EMP000658,2024-12,3.38,1,13,0,FALSE,FALSE,104.8,723.46,7.2,6.9,2.8
EMP000659,2024-12,3.94,3,17,1,FALSE,FALSE,972.03,1504.27,8.4,8.3,3.4
EMP000660,2024-12,3.17,1,13,1,FALSE,FALSE,67.44,657.13,6.7,5.5,3
EMP000661,2024-12,4.11,3,19,0,FALSE,FALSE,878.17,1631.67,7.6,8.2,3.8
EMP000663,2024-12,3.91,1,14,1,FALSE,FALSE,471.4,1127.82,5.9,5.4,4.3
EMP000664,2024-12,3.27,2,15,0,FALSE,FALSE,83.6,663.22,8.8,10,3.5
EMP000667,2024-12,4.17,3,15,0,FALSE,FALSE,1011.08,1416.94,5.8,5.3,4.3
EMP000668,2024-12,4.31,3,13,0,FALSE,FALSE,473.06,1106.1,8.5,8.1,4.5
EMP000669,2024-12,3.76,4,6,0,FALSE,FALSE,157.17,744.19,5.3,5.4,3.7
EMP000670,2024-12,4.27,0,16,0,FALSE,FALSE,301,922.78,8.7,9.6,4.3
EMP000671,2024-12,3.44,1,13,0,FALSE,FALSE,163.17,790.88,7.2,8.1,3
EMP000672,2024-12,4.77,6,4,0,FALSE,FALSE,1051.83,176.18,8.5,9.4,4.4
EMP000673,2024-12,3.98,1,8,0,FALSE,FALSE,156.35,672.1,9.3,9.2,3.5
EMP000674,2024-12,3.34,2,10,0,FALSE,FALSE,118.7,704.11,7.4,7.2,3.9
EMP000676,2024-12,3.95,2,0,2,FALSE,FALSE,64.73,65.4,7.4,7.2,3.9
EMP000678,2024-12,4.08,0,11,0,FALSE,FALSE,163.22,880.46,9.2,9.3,4.7
EMP000679,2024-12,4.06,1,14,1,FALSE,FALSE,435.16,1170.89,8.3,7.7,4.2
EMP000680,2024-12,3.33,2,11,0,FALSE,FALSE,88.2,616.45,5.4,4.8,3
EMP000681,2024-12,4.11,2,10,1,FALSE,FALSE,382.31,945.74,9.4,8.9,4
EMP000682,2024-12,3.83,1,9,2,FALSE,FALSE,218.54,908.82,7.7,8.4,4
EMP000683,2024-12,3.7,1,23,1,FALSE,FALSE,150.49,860.15,7.1,7.7,3.3
EMP000684,2024-12,3.41,2,1,1,FALSE,FALSE,95.01,280.7,6.7,6.3,3.3
EMP000685,2024-12,4.38,1,8,0,FALSE,FALSE,1040.95,606.18,9.1,8.9,5
EMP000686,2024-12,4.12,3,2,0,FALSE,FALSE,70.97,70.05,7.1,7,3.9
EMP000687,2024-12,3.95,4,18,0,FALSE,FALSE,1216.86,1746.85,5.8,4.5,4.4
EMP000688,2024-12,4.67,4,6,0,FALSE,FALSE,583.77,511.6,8.6,9.6,4.2
EMP000689,2024-12,3.79,3,11,1,FALSE,FALSE,195.77,908.78,7.6,7.2,3.8
EMP000690,2024-12,4.76,2,10,0,FALSE,FALSE,412.36,994.85,9.2,8.3,5
EMP000691,2024-12,3.79,1,5,0,FALSE,FALSE,181.61,336.12,7.6,6.5,3.5
EMP000692,2024-12,3.88,1,1,1,FALSE,FALSE,54.22,250.18,8.2,6.7,3.9
EMP000693,2024-12,3.36,1,4,1,FALSE,FALSE,77.47,266.02,6.6,6.6,3.2
EMP000694,2024-12,4.55,11,8,1,FALSE,FALSE,475.11,481.4,9.6,10,4.4
EMP000695,2024-12,3.37,2,11,0,FALSE,FALSE,202.95,870.01,6,4.1,3.5
EMP000696,2024-12,4.09,1,5,1,FALSE,FALSE,101.82,243.26,8.6,7.9,4.3
EMP000697,2024-12,4.27,3,16,0,FALSE,FALSE,738.71,1180.08,7.4,7,4.3
EMP000698,2024-12,4.16,9,25,0,FALSE,FALSE,1146.86,1541.99,9.3,9.6,4.9
EMP000700,2024-12,4.35,3,13,0,FALSE,FALSE,551.73,1205.64,6.8,6.4,4.1
EMP000701,2024-12,3.78,1,21,1,FALSE,FALSE,208.24,894.27,9.6,10,3.9
EMP000702,2024-12,3.56,2,1,0,FALSE,FALSE,32.48,55.06,7.7,8.1,3
EMP000703,2024-12,4.23,3,10,0,FALSE,FALSE,397.13,1080.85,7.4,6.2,4.8
EMP000705,2024-12,4.13,1,14,1,FALSE,FALSE,332.45,1030.71,7.2,7.7,4.1
EMP000706,2024-12,3.84,2,17,1,FALSE,FALSE,171.5,837.57,6.9,6.8,3.8
EMP000707,2024-12,3.94,5,15,3,FALSE,FALSE,959.62,1404.25,8,7.1,4.2
EMP000708,2024-12,3.56,1,4,4,FALSE,FALSE,120.39,295.41,7.2,7.6,3.7
EMP000709,2024-12,4.6,12,15,1,FALSE,FALSE,1108.69,1639.75,9.1,7.5,4.5
EMP000710,2024-12,4.06,1,5,0,FALSE,FALSE,108.64,241.42,7,5.8,4
EMP000711,2024-12,4.09,0,16,1,FALSE,FALSE,162.75,670.85,7.9,8.5,4.2
EMP000712,2024-12,4.02,2,12,2,FALSE,FALSE,204.45,800.5,7.1,6.4,3.7
EMP000713,2024-12,3.66,1,11,0,FALSE,FALSE,112.44,697.66,5.5,4.1,3.8
EMP000715,2024-12,3.63,2,13,0,FALSE,FALSE,192.67,874.93,7.9,9.2,3.3
EMP000717,2024-12,3.78,1,24,0,FALSE,TRUE,820.59,1464.43,7.1,6.4,4
EMP000718,2024-12,4.25,3,20,1,FALSE,FALSE,172.1,846.37,7.8,6.9,4.5
EMP000719,2024-12,4.24,0,2,0,FALSE,FALSE,436.85,73.87,8.4,9.5,4.5
EMP000721,2024-12,3.28,5,8,2,FALSE,FALSE,43.36,246.15,6.3,6.1,3.4
EMP000724,2024-12,3.54,2,8,0,FALSE,FALSE,78.49,266.52,6.6,7,3.3
EMP000725,2024-12,3.64,0,18,0,FALSE,FALSE,142.77,808.7,7.9,7.1,3.4
EMP000726,2024-12,4.49,3,6,1,FALSE,FALSE,307.73,430.44,7.4,7.9,4.6
EMP000727,2024-12,3.75,3,8,2,FALSE,FALSE,150.3,794.39,6.4,6.5,3.6
EMP000728,2024-12,4.29,1,6,0,FALSE,FALSE,113.58,262.86,8.2,8.4,4
EMP000729,2024-12,4.39,2,7,0,FALSE,FALSE,70.18,535.24,7.7,7.8,4.5
EMP000730,2024-12,4.24,3,14,0,FALSE,FALSE,1218.97,1631.88,7.8,7.8,4.2
EMP000731,2024-12,4.23,2,15,0,FALSE,FALSE,967.13,1512,6.9,5.9,3.9
EMP000733,2024-12,3.62,1,5,1,FALSE,FALSE,164.77,777.23,8.4,8.6,3.2
EMP000735,2024-12,4.22,4,12,0,FALSE,FALSE,519.47,1134.11,10,10,4.1
EMP000736,2024-12,4.15,4,26,0,FALSE,FALSE,1141.22,1721.5,7.6,7.6,4.2
EMP000737,2024-12,4.32,1,5,0,FALSE,FALSE,700.93,588.74,7.5,8.3,4.3
EMP000738,2024-12,3.72,2,14,1,FALSE,TRUE,74.44,543.37,8.9,9.9,3.6
EMP000739,2024-12,4.26,1,1,1,FALSE,FALSE,709.09,94.49,9.8,8.7,4.2
EMP000741,2024-12,3.6,2,15,0,FALSE,FALSE,85.7,521.43,6.5,6.8,3.2
EMP000742,2024-12,3.64,3,10,1,FALSE,FALSE,80.11,689.76,6.8,6.9,3.7
EMP000743,2024-12,4.05,6,18,1,FALSE,FALSE,1189.63,1648.52,10,9,3.9
EMP000745,2024-12,3.31,1,4,1,FALSE,FALSE,39.97,212.47,7.7,7.8,3.1
EMP000746,2024-12,3.95,2,0,0,FALSE,FALSE,139.67,76.13,9.6,8.2,4.6
EMP000747,2024-12,4.15,4,9,1,FALSE,FALSE,429.51,1121.42,9.7,9.9,4.2
EMP000748,2024-12,4.51,4,28,0,FALSE,FALSE,909.5,1551.6,9.1,10,4.7
EMP000749,2024-12,3.7,1,3,2,FALSE,FALSE,51.92,197.07,9.2,9.4,4
EMP000750,2024-12,4.59,7,5,0,FALSE,FALSE,675.66,586.05,7.2,8.4,4.6
EMP000751,2024-12,4.12,2,10,1,FALSE,FALSE,377.99,457.76,6.5,6.1,4.5
EMP000752,2024-12,4.81,4,20,0,FALSE,FALSE,2017.26,2243.79,9.8,10,4.6
EMP000754,2024-12,4.96,6,18,0,FALSE,FALSE,1154.38,1434.97,10,9.4,4.9
EMP000756,2024-12,3.55,2,7,3,FALSE,FALSE,123.18,324.14,9.2,10,3.2
EMP000757,2024-12,4.05,0,14,1,FALSE,FALSE,193.47,758.94,8,7.8,4.4
EMP000758,2024-12,3.95,2,1,0,FALSE,FALSE,107.7,248.79,8,7.7,3.9
EMP000759,2024-12,4.01,1,7,0,FALSE,FALSE,216.69,801.82,7.5,6.8,3.6
EMP000760,2024-12,3.73,1,10,0,FALSE,FALSE,89.35,629.85,7.7,7.7,3.3
EMP000761,2024-12,4.51,1,8,1,FALSE,FALSE,551.56,1111.4,7.7,8.7,4.5
EMP000762,2024-12,3.58,3,15,0,FALSE,FALSE,140.12,679.2,7.5,6,3.3
EMP000763,2024-12,4.2,2,14,0,FALSE,FALSE,500.92,1078.6,10,9.7,4.7
EMP000764,2024-12,4.44,2,6,1,FALSE,FALSE,316.73,413.64,7.2,7.1,4.6
EMP000766,2024-12,3.15,1,13,3,FALSE,FALSE,71.43,661.9,8.1,8,3.4
EMP000767,2024-12,3.89,2,3,1,FALSE,FALSE,104.71,257.67,5.4,4.6,3.6
EMP000768,2024-12,4.05,5,25,2,FALSE,FALSE,688.53,1159.75,7.5,9.6,4.2
EMP000770,2024-12,4.19,6,22,0,FALSE,FALSE,1042.5,1411.08,9.2,10,4.1
EMP000771,2024-12,3.75,4,14,1,FALSE,FALSE,167.89,879.91,7.1,6.4,3.5
EMP000772,2024-12,3.35,2,4,0,FALSE,FALSE,104.44,323.78,5.5,6.7,3.3
EMP000773,2024-12,4.33,6,1,1,FALSE,FALSE,398.61,112.33,6.7,5.8,4.5
EMP000774,2024-12,3.74,2,8,0,FALSE,FALSE,302.4,445.33,9.1,8.5,3.9
EMP000775,2024-12,3.9,4,4,0,FALSE,FALSE,352.12,101.6,7.3,7.5,3.5
EMP000776,2024-12,3.81,2,19,1,FALSE,FALSE,112.9,705.21,6.2,6.5,4.1
EMP000777,2024-12,4.3,1,11,0,FALSE,FALSE,397.31,1152.62,8.1,6.8,4.5
EMP000778,2024-12,4.57,5,8,0,FALSE,FALSE,215.07,889.64,8.1,8.8,4.5
EMP000779,2024-12,4.26,2,10,1,FALSE,FALSE,303.91,914.78,7.4,7.3,4.5
EMP000780,2024-12,3.52,4,13,3,FALSE,FALSE,104.99,642.16,7.9,7.6,3
EMP000781,2024-12,3.67,2,8,2,FALSE,FALSE,204.99,931.66,6.7,6.7,3.2
EMP000782,2024-12,3.69,4,4,2,FALSE,FALSE,93.71,293.3,10,9.5,3.6
EMP000783,2024-12,3.79,5,6,0,FALSE,FALSE,119.76,296.93,6.4,6,3.9
EMP000785,2024-12,4.32,2,14,0,FALSE,FALSE,190.23,669.17,6.5,6.7,4.5
EMP000786,2024-12,4.26,1,19,2,FALSE,FALSE,207.55,830.85,9.9,10,4.4
EMP000787,2024-12,4.37,3,33,0,FALSE,FALSE,1133.12,1538.02,7.7,8.1,4.7
EMP000788,2024-12,3.62,3,5,1,FALSE,FALSE,246.68,423.81,8.6,6.8,3.2
EMP000789,2024-12,4.08,4,3,1,FALSE,FALSE,243.89,367.45,7.2,6.4,3.7
EMP000790,2024-12,4.54,0,24,1,FALSE,FALSE,746.26,1387,6.9,6.5,4.2
EMP000792,2024-12,4.36,1,7,0,FALSE,FALSE,635.18,578.91,9,10,4.4
EMP000793,2024-12,3.99,1,19,1,FALSE,FALSE,208.98,774.61,7.2,6.1,4.3
EMP000794,2024-12,3.44,2,1,1,FALSE,FALSE,101.51,262.49,4.9,5.1,3.8
EMP000795,2024-12,3.94,0,10,1,FALSE,FALSE,180.82,697.43,8.5,8.6,3.9
EMP000796,2024-12,3.69,3,9,0,FALSE,FALSE,274.32,934.19,9,8.4,3.4
EMP000797,2024-12,4.01,1,8,1,FALSE,FALSE,232.04,404.99,7.7,9,4
EMP000798,2024-12,3.42,4,19,1,FALSE,FALSE,78.39,641.05,6.3,7.1,2.8
EMP000800,2024-12,4.28,2,1,1,FALSE,FALSE,322.55,430.24,6,6.4,4.3
EMP000801,2024-12,3.71,0,16,0,FALSE,FALSE,143.03,674.52,6.5,7.1,3.8
EMP000802,2024-12,3.61,0,11,0,FALSE,FALSE,111.34,700.21,5.3,3.8,3.9
EMP000803,2024-12,4.38,2,3,1,FALSE,FALSE,29.59,41.74,6.9,6.7,4.2
EMP000804,2024-12,4.17,2,0,0,FALSE,FALSE,184.82,79.59,9.1,9.2,4.2
EMP000805,2024-12,4.05,2,16,1,FALSE,FALSE,319.98,927.52,9.4,9.5,4.9
EMP000806,2024-12,4.12,2,0,0,FALSE,FALSE,165.59,80.91,10,9.6,4.5
EMP000807,2024-12,4.32,9,21,0,FALSE,FALSE,822.2,1198.21,9.8,10,4.1
EMP000808,2024-12,3.49,0,10,1,FALSE,FALSE,159.72,843.52,8.1,8.5,3.6
EMP000809,2024-12,4.2,3,10,1,FALSE,FALSE,375.89,1125.35,6.2,6.3,4.5
EMP000810,2024-12,3.33,2,11,0,FALSE,FALSE,88.44,689.61,9.3,9.3,3.1
EMP000811,2024-12,3.94,2,15,0,FALSE,FALSE,180.77,897.28,9.1,8.9,3.9
EMP000812,2024-12,3.82,2,15,1,FALSE,FALSE,210.5,884.32,6.7,5.7,4.4
EMP000813,2024-12,4.28,1,4,2,FALSE,FALSE,312.2,401.91,6.6,6.9,4.5
EMP000814,2024-12,3.78,4,8,1,FALSE,FALSE,182.3,893.01,6.6,7.1,3.6
EMP000815,2024-12,4.24,3,7,1,FALSE,FALSE,396.95,1015.22,8.2,8.1,4.2
EMP000817,2024-12,3.51,0,11,2,FALSE,FALSE,169.8,902.71,6.7,6.8,3.7
EMP000818,2024-12,3.6,2,14,0,FALSE,FALSE,151.13,732.81,6.5,6.8,3.7
EMP000819,2024-12,3.9,3,10,0,FALSE,FALSE,341.19,1034.31,8.1,8.1,4.2
EMP000820,2024-12,4.17,3,18,2,FALSE,FALSE,593.45,1171.32,9.6,9,4.5
EMP000821,2024-12,4.1,8,8,0,FALSE,FALSE,532.46,525.99,7.9,8.9,4.4
EMP000822,2024-12,4.39,2,14,0,FALSE,FALSE,587.23,561.03,8.5,9,4.2
EMP000823,2024-12,3.6,1,10,1,FALSE,FALSE,58.86,234.38,7.6,6.8,3.7
EMP000825,2024-12,3.95,5,6,0,FALSE,FALSE,576.3,573.92,7.5,7.4,4
EMP000826,2024-12,3.02,3,9,3,FALSE,FALSE,165.98,815.79,7,6.9,2.8
EMP000827,2024-12,4.28,1,13,1,FALSE,FALSE,414.23,969.6,8,8.1,4.2
EMP000830,2024-12,4.26,5,16,0,FALSE,FALSE,713.26,1282.69,9.3,10,4.3
EMP000832,2024-12,3.88,2,15,0,FALSE,FALSE,94.15,616.56,7,6.2,3.8
EMP000833,2024-12,4.22,4,8,0,FALSE,TRUE,169,802.39,6.9,6.6,4.2
EMP000834,2024-12,4.49,6,15,2,FALSE,FALSE,1174.62,1518.66,7.2,6.5,4.4
EMP000838,2024-12,3.99,1,16,0,FALSE,FALSE,321.03,923.64,8.4,7.4,3.7
EMP000839,2024-12,4.65,7,22,0,FALSE,FALSE,829.57,1283.1,9.3,9.8,4.6
EMP000841,2024-12,3.49,1,5,1,FALSE,FALSE,83.87,283.37,7,7.9,3.2
EMP000843,2024-12,3.61,2,1,2,FALSE,FALSE,52.72,61.35,6.9,5.6,3.4
EMP000844,2024-12,4.54,4,18,0,FALSE,FALSE,2943.52,2896.9,7.1,7.7,4.6
EMP000845,2024-12,3.13,2,14,2,FALSE,FALSE,67.26,643.8,6.2,6.8,2.8
EMP000846,2024-12,3.6,0,18,1,FALSE,FALSE,169.63,904.96,6.9,7.2,3.4
EMP000847,2024-12,3.53,1,6,1,FALSE,FALSE,43.55,200.97,6.1,6.1,3.5
EMP000848,2024-12,3.69,5,18,1,FALSE,FALSE,86.18,689.38,5.9,4.8,3.5
EMP000850,2024-12,3.87,3,13,0,FALSE,FALSE,146,738.7,7.3,6.6,4.1
EMP000851,2024-12,3.94,2,10,0,FALSE,FALSE,303.85,985.25,6.7,5.8,4.5
EMP000853,2024-12,3.65,0,13,0,FALSE,FALSE,72.12,604.51,6.9,7.4,3.2
EMP000854,2024-12,4.36,7,18,1,FALSE,FALSE,967.63,1559.37,6.8,8.1,4.3
EMP000855,2024-12,3.59,1,12,1,FALSE,FALSE,146.21,678.74,6.9,6.1,3.3
EMP000856,2024-12,4.32,2,13,1,FALSE,FALSE,503.03,1197.29,7.5,7.2,4.1
EMP000857,2024-12,3.39,3,6,1,FALSE,FALSE,93.6,310.35,7.7,7.7,3.7
EMP000859,2024-12,3.81,5,13,0,FALSE,FALSE,382.55,938.5,9.2,9,4
EMP000860,2024-12,3.9,5,24,2,FALSE,FALSE,1086.67,1739.92,5.8,7.1,4
EMP000861,2024-12,4.34,3,25,1,FALSE,FALSE,994.23,1582.22,8.1,7.8,4.1
EMP000862,2024-12,3.58,3,21,0,FALSE,FALSE,220.23,921.01,9,9,3.4
EMP000865,2024-12,4.14,4,24,1,FALSE,FALSE,845.23,1581.52,7.8,7.2,4.3
EMP000866,2024-12,4.16,1,5,0,FALSE,FALSE,194.93,785.62,7.4,7,4.1
EMP000867,2024-12,4.21,2,12,0,FALSE,FALSE,301.79,894.07,6.3,6.5,4.4
EMP000868,2024-12,4.1,4,4,1,FALSE,FALSE,381.69,117.2,6.4,6.9,4.1
EMP000869,2024-12,4.24,1,13,1,FALSE,FALSE,179.37,759.59,6.9,8.3,4.3
EMP000870,2024-12,3.59,2,8,0,FALSE,FALSE,105.15,690.38,8,9.1,3.7
EMP000871,2024-12,4.37,4,7,0,FALSE,FALSE,610,623.72,8.8,9.1,4.9
EMP000872,2024-12,4.42,3,5,0,FALSE,FALSE,493.12,546.46,9.7,8.7,4.4
EMP000873,2024-12,4.5,4,12,1,FALSE,FALSE,777.49,1266.56,9.1,8.3,4.8
EMP000874,2024-12,4.33,3,7,0,FALSE,FALSE,54.47,227.4,7.5,7.1,4.9
EMP000876,2024-12,4.35,1,21,0,FALSE,FALSE,796.91,1506.92,7.6,7.9,4.5
EMP000878,2024-12,4.28,8,21,0,FALSE,TRUE,813.36,1345.26,7.9,7.9,4.5
EMP000880,2024-12,2.98,0,12,0,FALSE,FALSE,104.76,671.39,7.3,7.3,3.4
EMP000881,2024-12,4.41,1,13,0,FALSE,FALSE,522.07,1083.01,10,10,4.4
EMP000882,2024-12,4.21,0,15,0,FALSE,FALSE,485.36,1101.73,6.8,7.4,4.2
EMP000883,2024-12,3.91,1,7,0,FALSE,FALSE,184.88,362.14,7.8,8.1,4.2
EMP000884,2024-12,4.31,5,20,0,FALSE,FALSE,949.28,1314.26,7.5,6.9,4.2
EMP000886,2024-12,4.16,3,13,0,FALSE,FALSE,776.92,1436.36,8.3,9.2,4.4
EMP000887,2024-12,3.76,4,1,2,FALSE,FALSE,67.06,67.61,9,8.7,3.9
EMP000888,2024-12,3.82,2,11,1,FALSE,FALSE,463.34,1067.76,5.8,5.4,3.9
EMP000889,2024-12,3.6,3,13,0,FALSE,FALSE,109.87,685.35,7.1,6.6,3.6
EMP000890,2024-12,3.65,2,6,1,FALSE,FALSE,50.67,209.5,9,10,3.7
EMP000891,2024-12,3.81,2,6,2,FALSE,FALSE,244.47,447.3,5.8,3.9,3.7
EMP000893,2024-12,4.33,6,6,1,FALSE,FALSE,523.66,504.03,9.6,8.4,4.4
EMP000894,2024-12,4.88,4,19,0,FALSE,FALSE,1172.67,1739.33,7.4,7.2,4.5
EMP000895,2024-12,3.72,1,6,0,FALSE,FALSE,101.33,240.49,5.8,5.1,3.7
EMP000896,2024-12,4.21,9,18,1,FALSE,FALSE,937.43,1253.24,7.2,7,4.3
EMP000897,2024-12,4.4,3,11,1,FALSE,FALSE,425.4,1142.8,7.3,7.8,5
EMP000898,2024-12,3.45,3,3,0,FALSE,FALSE,81.21,54.9,7.6,7.3,3.5
EMP000901,2024-12,3.59,1,9,1,FALSE,FALSE,159.3,908.65,8.8,8.2,3.8
EMP000902,2024-12,4.07,1,9,0,FALSE,FALSE,387.92,906.03,7.6,6.8,3.9
EMP000904,2024-12,3.9,2,5,0,FALSE,FALSE,96.29,295.64,7.2,8,3.6
EMP000906,2024-12,4.27,6,21,1,FALSE,FALSE,923,1689.83,8.5,8.8,4.4
EMP000907,2024-12,4.68,3,2,0,FALSE,FALSE,587.13,510.48,9,8,5
EMP000908,2024-12,4.25,3,6,0,FALSE,FALSE,734.22,623.85,8.1,8.8,4.3
EMP000909,2024-12,4.02,7,20,1,FALSE,FALSE,779.8,1295.91,8.7,9.4,3.9
EMP000910,2024-12,4.13,1,5,0,FALSE,FALSE,245.33,352.68,8,7.7,3.8
EMP000911,2024-12,4.43,6,23,2,FALSE,FALSE,1018.9,1687.56,9.5,9.6,4.5
EMP000912,2024-12,4.06,2,15,0,FALSE,FALSE,128.32,666.92,7.4,7.7,4.4
EMP000913,2024-12,3.01,2,6,2,FALSE,FALSE,168.31,809.33,3.8,3.2,2.7
EMP000914,2024-12,4.25,3,24,0,FALSE,FALSE,1181.27,1610.15,7.2,6.7,4.4
EMP000915,2024-12,4.91,5,19,0,FALSE,FALSE,892.34,1307.86,7,7.5,5
EMP000916,2024-12,4.19,0,5,0,FALSE,FALSE,56.87,210.94,8.3,8.9,4.6
EMP000917,2024-12,3.47,4,11,0,FALSE,FALSE,99.31,649.49,5.4,5.6,4
EMP000919,2024-12,4.9,7,7,0,FALSE,FALSE,1271.45,638.31,7.5,4.6,5
EMP000921,2024-12,3.55,1,16,0,FALSE,FALSE,79.42,698.91,8.5,8.1,3.6
EMP000922,2024-12,3.32,2,13,0,FALSE,FALSE,159.88,729.44,9,8.8,2.8
EMP000923,2024-12,4.58,3,7,0,FALSE,FALSE,484.92,524.58,6,5.3,4.2
EMP000924,2024-12,3.65,2,6,3,FALSE,FALSE,96.03,618.61,6.5,6.6,3.6
EMP000926,2024-12,4.25,1,0,0,FALSE,FALSE,175.48,58.41,8.3,7.6,4.6
EMP000928,2024-12,3.26,3,8,1,FALSE,FALSE,70.94,579.78,7.3,6.8,3.3
EMP000929,2024-12,4.17,3,23,0,FALSE,FALSE,778.54,1514.04,6.3,5.7,3.8
EMP000930,2024-12,4.07,4,19,3,FALSE,FALSE,1004.29,1487.15,7,6.1,4.2
EMP000932,2024-12,4.36,6,21,0,FALSE,FALSE,885.83,1564.01,8.7,8.6,4.6
EMP000933,2024-12,4.28,2,2,0,FALSE,FALSE,315.87,115.68,8.2,9,4.9
EMP000934,2024-12,4.62,7,16,4,FALSE,TRUE,3232.97,3112.5,8.7,8.7,4.8
EMP000935,2024-12,4.18,7,10,2,FALSE,FALSE,588.93,588.57,5.8,6.3,4.5
EMP000937,2024-12,3.63,0,2,1,FALSE,FALSE,178.8,349.19,7.1,7.1,3.3
EMP000938,2024-12,4.44,6,24,1,FALSE,FALSE,811.02,1327.14,7.9,8.3,4.2
EMP000939,2024-12,4.99,4,7,0,FALSE,FALSE,1031.46,666.44,8.2,8.5,4.9
EMP000940,2024-12,4.44,1,18,0,FALSE,FALSE,364.12,1057.85,6.4,6.9,4.3
EMP000941,2024-12,4.19,3,10,1,FALSE,FALSE,447.73,1205.05,7.9,8.4,4.5
EMP000942,2024-12,3.86,2,14,1,FALSE,FALSE,320.55,921.69,6.2,5.5,3.4
EMP000943,2024-12,3.65,3,6,0,FALSE,FALSE,136.72,323.37,7.1,7.3,3.7
EMP000944,2024-12,4.12,2,14,1,FALSE,FALSE,447.97,1061.43,6.6,7.6,3.6
EMP000945,2024-12,3.87,10,14,0,FALSE,FALSE,645.85,1241.53,6.8,6.8,4
EMP000946,2024-12,4.07,6,7,0,FALSE,FALSE,303.33,441.63,5.7,5.5,4.5
EMP000947,2024-12,4.21,3,17,0,FALSE,FALSE,174.6,760.41,8.3,7.6,4.2
EMP000948,2024-12,3.71,1,4,1,FALSE,FALSE,417.82,92,5.5,4.7,3.3
EMP000949,2024-12,4.26,5,23,1,FALSE,FALSE,784.67,1146.47,9.7,9.7,4.2
EMP000950,2024-12,3.84,3,21,0,FALSE,FALSE,159.97,781.67,7.3,7.7,4.2
EMP000951,2024-12,3.73,2,10,1,FALSE,FALSE,167.22,723.1,7,7.4,3.9
EMP000952,2024-12,4.15,3,5,0,FALSE,FALSE,78.91,244.82,6.4,6.6,4.2
EMP000953,2024-12,3.96,0,17,1,FALSE,FALSE,339.05,1066.06,7.3,6.6,4.2
EMP000954,2024-12,3.58,1,10,3,FALSE,FALSE,98.83,686.73,5.7,6,3.6
EMP000955,2024-12,3.76,7,9,5,FALSE,FALSE,189.97,753.96,7.1,7.8,3.8
EMP000957,2024-12,3.96,3,11,0,FALSE,FALSE,198.04,819.05,5.5,6,4.4
EMP000960,2024-12,4.16,3,16,1,FALSE,FALSE,412.27,969.33,9.2,9.1,4.2
EMP000962,2024-12,4.14,0,20,0,FALSE,FALSE,432.34,1028.43,9.1,10,4.7
EMP000963,2024-12,3.49,2,10,0,FALSE,FALSE,170.72,757.54,7,7.3,3
EMP000964,2024-12,3.77,4,17,1,FALSE,FALSE,338.64,1021.08,8,8.4,3.6
EMP000965,2024-12,4.2,12,7,0,FALSE,FALSE,387.32,459.37,7.8,7.8,4.6
EMP000966,2024-12,4.21,0,4,1,FALSE,FALSE,139.78,313.2,8.8,8.2,4.2
EMP000967,2024-12,3.41,0,13,1,FALSE,FALSE,139.47,850.67,7.9,7.4,3.5
EMP000968,2024-12,3.98,1,14,0,FALSE,FALSE,207.75,787.49,8.6,9.5,4
EMP000969,2024-12,4.34,7,7,1,FALSE,FALSE,549.43,460.88,9.5,8.1,4
EMP000971,2024-12,4.08,2,20,1,FALSE,FALSE,320.17,900.63,6.7,6.3,4
EMP000972,2024-12,4.04,1,3,0,FALSE,FALSE,183.86,339.89,7.3,7.8,4.3
EMP000974,2024-12,3.47,0,12,0,FALSE,FALSE,192.02,804.52,7.3,6.2,3.6
EMP000975,2024-12,3.89,3,10,0,FALSE,FALSE,234.3,882.94,6.8,6.3,4.3
EMP000976,2024-12,3.9,2,19,2,FALSE,FALSE,153.31,728.68,6.9,7.2,3.9
EMP000977,2024-12,3.8,1,8,0,FALSE,FALSE,73.8,242.98,8.7,9.4,3.1
EMP000978,2024-12,2.98,0,3,0,FALSE,FALSE,39.22,207.04,7.1,7.7,3.2
EMP000979,2024-12,2.92,2,16,0,FALSE,FALSE,65.23,659.99,8.6,9.1,2.9
EMP000981,2024-12,3.45,1,10,0,FALSE,FALSE,136.29,671.69,8,7.8,3.7
EMP000982,2024-12,4.35,7,2,0,FALSE,FALSE,706.63,99.97,7.9,7.1,4.1
EMP000983,2024-12,3.86,1,5,1,FALSE,FALSE,134.81,721.29,8.6,8.9,3.9
EMP000985,2024-12,3.92,5,5,1,FALSE,FALSE,119.21,323.32,7.5,8.7,3.9
EMP000986,2024-12,4.59,5,4,2,FALSE,FALSE,257.98,322.24,6,6.4,4.8
EMP000987,2024-12,3.45,3,15,0,FALSE,FALSE,172.76,923.83,5.7,5,3.5
EMP000989,2024-12,4.04,3,13,0,FALSE,FALSE,144.37,688.54,7.4,7.9,4.6
EMP000990,2024-12,4.61,4,17,0,FALSE,FALSE,1070.08,1667.37,6.9,7.5,4.8
EMP000991,2024-12,4.51,1,3,1,FALSE,FALSE,303.66,381.79,7.7,8.5,4.8
EMP000992,2024-12,4.1,2,14,0,FALSE,FALSE,93.3,706.27,8.3,7.9,3.9
EMP000993,2024-12,4.13,2,22,0,FALSE,FALSE,886.84,1667.38,7.1,7.2,4.1
EMP000995,2024-12,4.32,4,1,1,TRUE,FALSE,246.66,94.57,7,7.7,4.7
EMP000996,2024-12,4.01,1,19,0,FALSE,FALSE,192.22,917.39,7.3,7.4,3.9
EMP000997,2024-12,4.2,1,4,2,FALSE,FALSE,165.21,74.49,8.5,7.8,3.9
EMP000998,2024-12,4.56,7,22,1,FALSE,FALSE,719.19,1147.5,7.2,7.8,4.6
EMP000999,2024-12,4.55,1,16,0,FALSE,FALSE,548.89,1214.79,8.3,8.5,4.7
EMP001000,2024-12,3.92,0,4,0,FALSE,FALSE,108.43,321.48,7.1,7.8,4.3
EMP001001,2024-12,3.52,3,12,3,FALSE,FALSE,153.25,923.59,7.3,8.1,3.4
EMP001002,2024-12,3.66,3,9,1,FALSE,FALSE,96.02,285.46,9.1,8.3,3.4
EMP001003,2024-12,3.69,1,12,1,FALSE,FALSE,141.44,670.86,8.8,9.4,3.8
EMP001005,2024-12,3.73,3,17,1,FALSE,FALSE,78.87,644.89,6.5,7.2,3.7
EMP001006,2024-12,4.18,1,14,0,FALSE,FALSE,351.43,893.21,7,7.8,4.1
EMP001008,2024-12,4.27,0,16,1,FALSE,FALSE,438.87,1051.34,6.9,6.5,4.5
EMP001009,2024-12,3.99,1,12,0,FALSE,FALSE,215.75,890.45,7.8,7.8,3.6
EMP001010,2024-12,3.93,1,22,0,FALSE,FALSE,591.54,1160.9,7.6,7.9,3.8
EMP001012,2024-12,3.53,2,16,0,FALSE,FALSE,92.38,701.28,8.8,10,3.8
EMP001014,2024-12,3.17,3,22,2,FALSE,FALSE,58.31,570.75,5.8,6,3.2
EMP001015,2024-12,4.14,3,20,1,FALSE,FALSE,406.75,898.13,8.4,9,4.5
EMP001016,2024-12,3.48,1,0,2,FALSE,FALSE,68.25,65.35,5.3,5.1,3.8
EMP001017,2024-12,3.69,4,20,0,FALSE,FALSE,357.38,964.11,6.8,7,3.4
EMP001018,2024-12,4.23,1,9,0,FALSE,FALSE,535.31,1188.22,5.9,5,4
EMP001020,2024-12,4.41,7,6,1,FALSE,FALSE,562.42,509.75,9,8.8,4.2
EMP001021,2024-12,4.16,4,16,1,FALSE,FALSE,391.77,878.89,6.9,6.2,4.3
EMP001022,2024-12,3.8,3,19,0,FALSE,FALSE,187.37,903.97,7.2,7.9,3.9
EMP001023,2024-12,4.02,2,5,0,FALSE,FALSE,236.71,361.99,7.9,8.2,3.8
EMP001024,2024-12,3.75,3,13,0,FALSE,FALSE,151.8,673.4,6.3,7,3.9
EMP001025,2024-12,4.07,3,2,2,FALSE,FALSE,226.76,386.94,7.6,8.4,4.3
EMP001026,2024-12,4.04,6,23,0,FALSE,FALSE,1169.11,1621.68,8,8.6,4.1
EMP001027,2024-12,4.5,8,23,0,FALSE,FALSE,706.42,1286.82,8.7,8.3,5
EMP001028,2024-12,3.97,2,11,1,FALSE,FALSE,84.2,565.43,8.2,7.9,4.1
EMP001029,2024-12,4.26,2,1,0,FALSE,FALSE,90.42,69.18,7.9,8.3,3.5
EMP001030,2024-12,3.58,5,14,0,FALSE,FALSE,149.38,751.64,9,9.7,3.8
EMP001031,2024-12,3.67,1,10,0,FALSE,FALSE,78.95,643.81,4.9,4.4,3.5
EMP001032,2024-12,3.83,3,16,0,FALSE,FALSE,296.61,929.34,9.5,8.5,3.7
EMP001033,2024-12,4.4,4,9,1,FALSE,FALSE,530.48,416.43,6.9,7,4.2
EMP001034,2024-12,3.86,2,9,0,FALSE,FALSE,230.61,919.34,7.5,7.9,3.8
EMP001035,2024-12,4.29,3,16,1,FALSE,FALSE,213.93,751.55,8.1,8.1,4.3
EMP001038,2024-12,3.54,3,11,0,FALSE,FALSE,92.1,692.24,7.3,7.6,3.8
EMP001039,2024-12,3.5,4,3,2,FALSE,FALSE,61.25,227.26,5.7,5.3,3.2
EMP001040,2024-12,4.43,5,20,1,FALSE,FALSE,1179.42,1650.94,7,7.6,4.3
EMP001041,2024-12,4.63,6,26,0,FALSE,FALSE,709.62,1285.77,8.6,10,4.4
EMP001043,2024-12,3.99,3,13,2,FALSE,FALSE,333.5,1022.17,8.5,9.5,3.8
EMP001044,2024-12,4.29,7,8,0,FALSE,FALSE,617.69,534.07,9.4,9,4.9
EMP001045,2024-12,4.11,3,12,0,FALSE,FALSE,420.29,1208.44,7.6,7.3,3.9
EMP001046,2024-12,4.43,7,20,0,FALSE,FALSE,896.35,1231.22,6.8,7.3,4.8
EMP001047,2024-12,4.03,0,14,2,FALSE,FALSE,415.62,935.15,7.7,8,3.9
EMP001048,2024-12,4.62,1,9,1,FALSE,FALSE,458.51,1016.81,6.8,9,4.7
EMP001049,2024-12,3.84,1,8,0,FALSE,FALSE,225.81,927.71,5.2,4.8,3.7
EMP001050,2024-12,4.09,6,25,0,FALSE,FALSE,991.81,1462.32,6.5,7.5,4
EMP001051,2024-12,3.12,2,8,2,FALSE,FALSE,150.07,699.64,4.7,4.2,3
EMP001052,2024-12,4.12,3,5,0,FALSE,FALSE,133.7,323.94,9.9,9.4,4
EMP001053,2024-12,3.66,1,6,1,FALSE,FALSE,450.4,1208,5.9,4.9,3.8
EMP001054,2024-12,4.41,4,12,2,FALSE,FALSE,381.31,989.59,7.7,6.9,4.3
EMP001055,2024-12,4.33,2,4,1,FALSE,FALSE,195.87,358.32,9.5,9.8,4.4
EMP001056,2024-12,4.3,8,6,0,FALSE,FALSE,556.15,441.58,8.4,8.2,4.7
EMP001057,2024-12,4.37,5,4,1,FALSE,FALSE,587.78,461.43,5.8,6,4.6
EMP001058,2024-12,3.07,4,16,1,FALSE,FALSE,62.78,535.7,4,6.4,2.6
EMP001059,2024-12,3.93,4,9,0,FALSE,FALSE,182.93,874.69,7.7,7.5,3.5
EMP001063,2024-12,3.72,4,14,0,FALSE,FALSE,164.69,802.77,6.9,6.6,4.2
EMP001064,2024-12,3.94,2,5,0,FALSE,FALSE,44.96,208.92,8.1,7.2,3.5
EMP001065,2024-12,4.33,8,14,0,FALSE,FALSE,1043.34,1493.93,9.7,10,3.9
EMP001066,2024-12,4.07,3,4,0,FALSE,FALSE,100.12,294.7,6.8,8.5,4.4
EMP001067,2024-12,4.34,1,2,3,FALSE,FALSE,302.69,392.24,9.2,9.7,4.8
EMP001068,2024-12,4.48,10,20,0,FALSE,FALSE,1033.45,1426.68,10,9.4,4.9
EMP001069,2024-12,4.67,7,26,0,FALSE,FALSE,2093.06,1729.06,8.9,10,4.9
EMP001070,2024-12,4.56,1,6,0,FALSE,FALSE,589.25,1178.83,7.7,8.9,4.2
EMP001071,2024-12,4.39,6,19,0,FALSE,FALSE,1177.17,1587.51,6.2,6.4,4.3
EMP001073,2024-12,3.99,2,8,0,FALSE,FALSE,181.64,823.46,6.6,7,3.6
EMP001074,2024-12,4.6,8,26,2,FALSE,FALSE,3255.15,2773.62,8.9,8.4,5
EMP001075,2024-12,4.32,7,19,1,FALSE,FALSE,2311.95,2710.04,7.2,8.1,3.7
EMP001076,2024-12,4.08,2,9,0,FALSE,FALSE,287.29,909.66,7,7.4,4.2
EMP001078,2024-12,3.23,2,4,1,FALSE,FALSE,64.95,246.15,6,5.9,2.8
EMP001079,2024-12,3.54,2,9,1,FALSE,FALSE,161.04,740.61,8.2,6.7,3.4
EMP001080,2024-12,3.76,1,0,0,FALSE,FALSE,189.96,69.08,6.3,6.7,3.6
EMP001082,2024-12,2.96,4,13,1,FALSE,FALSE,144.98,882.17,6.3,5.9,2.7
EMP001083,2024-12,4.55,6,7,0,FALSE,FALSE,684.23,627.9,10,10,4.4
EMP001084,2024-12,4,0,3,0,FALSE,FALSE,249.37,438.52,8.4,8.9,3.7
EMP001085,2024-12,4.03,5,1,2,FALSE,FALSE,31.94,47.06,7.7,9.4,3.8
EMP001086,2024-12,3.64,2,3,1,FALSE,FALSE,272.06,419.17,5.8,6.2,2.6
EMP001090,2024-12,4.45,1,6,0,TRUE,FALSE,373.01,978.14,8.1,8.5,4.4
EMP001091,2024-12,4.44,3,12,2,FALSE,FALSE,662.1,566.58,7.3,7.6,4.1
EMP001093,2024-12,4.22,4,10,0,FALSE,FALSE,426.99,459.9,7.2,7.8,4.3
EMP001094,2024-12,3.65,3,6,0,FALSE,FALSE,70.66,245.89,7.5,7.5,3.2
EMP001095,2024-12,4.25,2,21,1,FALSE,FALSE,991.6,1527.34,7.1,5.5,4.1
EMP001096,2024-12,3.49,1,20,0,FALSE,FALSE,106.84,672.21,7.9,7.3,3.7
EMP001097,2024-12,4.24,5,23,0,FALSE,FALSE,1094.66,1727.43,6.3,5.4,4.3
EMP001098,2024-12,4.13,3,21,0,FALSE,FALSE,925.5,1398.53,7.2,6,4.6
EMP001101,2024-12,4.46,5,9,0,FALSE,FALSE,624.75,603.68,9.5,10,4.2
EMP001102,2024-12,3.59,3,2,1,FALSE,FALSE,229.09,361.63,7.7,7.6,3.5
EMP001103,2024-12,4.57,6,17,0,FALSE,FALSE,1036.68,1507.88,5.9,6.1,4.7
EMP001104,2024-12,4.2,3,18,0,FALSE,FALSE,393.53,1005.38,10,9.4,4.7
EMP001105,2024-12,3.65,2,14,3,FALSE,FALSE,160.98,708.98,5.3,5.5,3.8
EMP001107,2024-12,4.46,4,6,1,FALSE,FALSE,613.6,606.19,8,6.3,4.2
EMP001108,2024-12,4.4,2,3,1,FALSE,FALSE,106.23,290.06,7.1,8.1,3.8
EMP001113,2024-12,3.86,1,1,0,FALSE,FALSE,95.31,55.93,6.5,7.2,3.8
EMP001114,2024-12,3.45,0,16,1,FALSE,FALSE,84.26,656.37,5.1,4.4,3.2
EMP001115,2024-12,4.2,1,7,1,FALSE,FALSE,107.63,282.59,7.4,8.1,4.1
EMP001116,2024-12,3.64,3,11,1,FALSE,FALSE,184.54,918.54,6.7,7.2,3.7
EMP001117,2024-12,4.11,3,7,1,FALSE,FALSE,537.67,547.02,7.3,6.6,3.8
EMP001118,2024-12,4.31,3,3,1,FALSE,FALSE,1131.28,140.76,6.9,6.4,4.1
EMP001120,2024-12,3.93,2,15,0,FALSE,FALSE,173.13,668.92,8.8,8.5,4.2
EMP001122,2024-12,3.85,4,12,2,FALSE,FALSE,400.7,1192.2,8.2,8,3.9
EMP001123,2024-12,4,5,1,0,FALSE,FALSE,376.17,108.03,6.2,7.2,3.6
EMP001124,2024-12,4.51,3,15,0,FALSE,FALSE,903.04,1303.34,9.6,9.4,4.1
EMP001126,2024-12,3.68,1,8,0,FALSE,FALSE,158.68,722.36,6,6,2.9
EMP001127,2024-12,3.87,3,11,1,FALSE,FALSE,160.82,829.2,6,5.9,3.8
EMP001128,2024-12,4.03,2,9,2,FALSE,FALSE,151.36,678.46,7.7,8.2,3.8
EMP001129,2024-12,4.35,1,14,1,FALSE,FALSE,563.72,1167.87,10,9.2,4.2
EMP001130,2024-12,3.52,2,14,4,FALSE,FALSE,92.42,655.4,8.4,10,3.5
EMP001131,2024-12,4.43,4,10,0,FALSE,FALSE,423.66,923.52,9.5,9.5,4.9
EMP001132,2024-12,3.9,2,4,1,FALSE,FALSE,141.18,325.49,7.1,7.2,3.7
EMP001133,2024-12,3.69,0,14,1,FALSE,FALSE,204.42,873.1,7.3,7.2,3.2
EMP001134,2024-12,4.28,6,19,1,FALSE,FALSE,900.95,1586.77,8.7,8.5,4.5
EMP001135,2024-12,4.74,2,17,0,FALSE,FALSE,1235.46,1607.6,9.9,10,5
EMP001136,2024-12,3.4,2,7,0,FALSE,FALSE,207.9,327.69,5.9,4.9,3.7
EMP001137,2024-12,3.8,2,18,0,FALSE,FALSE,152.37,844.04,7.7,7.3,4
EMP001138,2024-12,4.11,4,20,1,FALSE,FALSE,78.62,628.4,7.9,9.1,4.1
EMP001139,2024-12,3.86,1,18,0,FALSE,TRUE,476.37,1242.71,5.1,6.2,3.7
EMP001140,2024-12,3.85,1,15,0,FALSE,FALSE,78.62,561.12,8,6.9,3.9
EMP001141,2024-12,4.36,4,24,0,FALSE,FALSE,905.84,1604.31,8.8,9.8,4
EMP001142,2024-12,3.42,1,7,1,FALSE,FALSE,105.15,268.65,7.8,8,3.6
EMP001143,2024-12,3.92,4,17,0,FALSE,FALSE,473.29,1237.74,7.3,6.5,3.9
EMP001146,2024-12,3.37,0,16,0,FALSE,FALSE,82.06,547.2,7.1,7.4,3.2
EMP001147,2024-12,3.88,4,2,0,FALSE,FALSE,162.03,56.71,8.9,9.8,4.2
EMP001148,2024-12,4.84,3,13,1,FALSE,FALSE,1211.78,1717.5,10,9.9,5
EMP001149,2024-12,4.15,3,10,0,FALSE,FALSE,173.04,868.82,7.4,6.1,4.2
EMP001150,2024-12,3.75,2,2,0,FALSE,FALSE,61.65,256.28,6.7,6.6,4.2
EMP001151,2024-12,3.87,7,22,1,FALSE,FALSE,928.43,1417.77,5.2,5.6,4.3
EMP001152,2024-12,3.33,1,12,2,FALSE,FALSE,95.08,637.2,6.5,8.5,3.2
EMP001153,2024-12,3.84,0,15,0,FALSE,FALSE,104.3,603.64,5.2,6.1,3.4
EMP001154,2024-12,4.58,0,4,0,FALSE,FALSE,564.72,463.71,8.6,8.9,4.7
EMP001155,2024-12,4.48,2,9,1,FALSE,FALSE,599.22,582.27,7.2,8.7,4.5
EMP001156,2024-12,4.07,2,13,0,FALSE,FALSE,315.53,993.7,4.8,4.8,4.2
EMP001157,2024-12,3.87,3,11,0,FALSE,FALSE,418.92,1136.84,10,9.7,4.4
EMP001158,2024-12,4.41,6,21,1,FALSE,FALSE,983.92,1307.48,7.9,7.1,4.9
EMP001159,2024-12,4.1,2,10,0,FALSE,FALSE,158.39,696.65,7.6,8.1,4.7
EMP001160,2024-12,3.9,4,6,1,FALSE,FALSE,229.85,343.8,8.8,10,4
EMP001161,2024-12,3.85,1,2,2,FALSE,FALSE,67.05,66.04,10,9.4,4.5
EMP001162,2024-12,4.14,9,8,0,FALSE,FALSE,522.77,565.51,8.1,9.1,4
EMP001163,2024-12,3.39,3,18,3,FALSE,FALSE,147.09,710.67,7.8,7,3
EMP001165,2024-12,3.48,1,11,1,FALSE,FALSE,120.07,693.91,8.2,9.3,3.1
EMP001166,2024-12,4.2,2,9,0,FALSE,FALSE,324.92,955.06,8.3,8.4,4
EMP001167,2024-12,4.09,2,15,2,FALSE,FALSE,377.81,1109.51,7.6,7.4,4.3
EMP001168,2024-12,4.28,4,10,1,FALSE,FALSE,949.69,1503.11,8.2,7.4,4.6
EMP001169,2024-12,3.98,1,10,0,FALSE,FALSE,208.03,904.15,5,5.5,4.1
EMP001170,2024-12,4.29,5,9,0,FALSE,FALSE,746.22,628.46,7.4,6.6,4.4
EMP001172,2024-12,3.32,1,10,1,FALSE,FALSE,139.85,884.35,6.4,5.8,3.1
EMP001173,2024-12,4.08,6,20,0,FALSE,FALSE,733.13,1380.23,5.2,5.7,3.9
EMP001174,2024-12,4.29,3,6,0,FALSE,FALSE,318.71,437.66,7.1,7.2,4
EMP001175,2024-12,3.77,3,18,1,FALSE,FALSE,130.51,732.73,5.6,5.3,3.4
EMP001176,2024-12,3.95,2,13,1,FALSE,FALSE,385.32,1035.71,8.8,8,3.7
EMP001178,2024-12,3.8,1,10,1,FALSE,TRUE,183.52,809.64,8.8,8,3.8
EMP001179,2024-12,3.76,1,13,1,FALSE,FALSE,346.84,1088.64,6.1,6.6,3.4
EMP001180,2024-12,3.6,0,17,1,FALSE,FALSE,86.27,639.12,6.9,7.5,2.8
EMP001183,2024-12,4,3,15,1,FALSE,FALSE,458.1,1105.96,7.6,7.4,3.8
EMP001184,2024-12,4.43,2,6,1,FALSE,FALSE,280.48,414.25,6.7,6,3.9
EMP001185,2024-12,4.23,7,13,0,FALSE,FALSE,1069.91,1495.81,5.9,7.2,4.6
EMP001186,2024-12,4.07,1,21,2,FALSE,FALSE,979.93,1443.07,7.4,6.1,4.2
EMP001187,2024-12,3.75,1,5,0,FALSE,FALSE,163.12,894.07,6.5,6.3,3.2
EMP001190,2024-12,3.38,1,2,0,FALSE,FALSE,66.34,59.19,6.8,6.5,3.1
EMP001191,2024-12,3.43,0,14,0,FALSE,FALSE,88.4,645.09,3.4,2.2,3.8
EMP001192,2024-12,4.29,2,22,0,FALSE,FALSE,441.18,998.65,8.1,6.9,4.5
EMP001193,2024-12,4.15,1,19,1,FALSE,FALSE,153.98,713.69,7.2,7.9,4.1
EMP001195,2024-12,3.93,3,12,1,FALSE,FALSE,189.74,737.96,6.1,7.5,4.5
EMP001197,2024-12,4,1,14,1,FALSE,FALSE,344.48,921.69,6.6,5.2,4.3
EMP001198,2024-12,4.47,3,24,1,FALSE,FALSE,911.23,1182.4,9.7,9.4,4.3
EMP001200,2024-12,3.28,4,15,1,FALSE,FALSE,88.47,726.35,7.5,7.8,3.4
EMP001203,2024-12,4.37,5,11,0,FALSE,FALSE,816.57,633.43,9.3,10,4.4
EMP001204,2024-12,3.76,3,5,2,FALSE,FALSE,53.06,191,7.8,7.4,3.9
EMP001205,2024-12,3.68,5,3,1,FALSE,FALSE,70.48,56.55,9.4,9.5,3.4
EMP001206,2024-12,3.59,0,12,0,FALSE,FALSE,90.94,612.78,5.2,4.7,2.9
EMP001207,2024-12,3.53,1,0,0,FALSE,FALSE,65.19,65.1,7.5,6.2,3.8
EMP001208,2024-12,4.18,3,0,0,FALSE,FALSE,151.61,82.64,6.1,8.6,3.6
EMP001209,2024-12,3.19,1,12,4,FALSE,FALSE,59.3,544.63,7.2,7,3.2
EMP001211,2024-12,4.27,5,15,0,FALSE,FALSE,806.35,1217.91,8.4,7.6,4.3
EMP001212,2024-12,4.02,1,10,1,FALSE,FALSE,394.58,1127.66,8.8,9.1,4.1
EMP001213,2024-12,3.45,3,15,1,FALSE,FALSE,107.62,716.44,7.6,7.8,3.4
EMP001214,2024-12,4.94,6,26,1,FALSE,FALSE,976.31,1418.51,9.5,9.1,4.3
EMP001215,2024-12,3.84,1,16,0,FALSE,FALSE,404.52,961.54,5,5.1,4.1
EMP001217,2024-12,3,0,11,2,FALSE,FALSE,135.35,715.23,4.5,4.3,3.5
EMP001218,2024-12,4.24,5,18,0,FALSE,FALSE,938.15,1525.43,7.9,7.5,4.2
EMP001219,2024-12,3.48,2,9,2,FALSE,FALSE,279.09,1014.08,6.5,7.2,3.7
EMP001220,2024-12,3.56,3,9,2,FALSE,FALSE,154.83,842.45,7,7,3.7
EMP001222,2024-12,3.6,2,15,1,FALSE,FALSE,142.23,722.18,6.9,5.3,4.1
EMP001223,2024-12,3.96,4,10,1,FALSE,FALSE,108.53,602.9,7.2,7,4.2
EMP001224,2024-12,3.7,1,13,0,FALSE,FALSE,356.08,1169.19,6.1,5,3.8
EMP001225,2024-12,4.43,1,2,1,FALSE,FALSE,967.27,100.79,9.1,8.7,4.3
EMP001226,2024-12,3.58,2,5,0,FALSE,FALSE,116.92,291.39,8,7.2,3.5
EMP001227,2024-12,3.82,0,11,1,FALSE,FALSE,149.48,668.86,9.4,8.4,3.7
EMP001228,2024-12,4.21,10,25,1,FALSE,FALSE,888.06,1576.2,7.9,8.7,4.2
EMP001229,2024-12,3.24,4,6,0,FALSE,FALSE,80.94,635.78,7.1,7.3,3.5
EMP001230,2024-12,4.13,5,8,1,FALSE,FALSE,520.13,623.58,6.1,5.5,3.1
EMP001232,2024-12,3.72,6,10,0,FALSE,FALSE,165.87,769.95,9.8,9,3.3
EMP001233,2024-12,4.69,2,17,1,FALSE,FALSE,488.72,1139.06,7.6,6.6,4.6
EMP001234,2024-12,3.89,3,15,2,FALSE,FALSE,362.13,1151.72,6.6,7.4,3.3
EMP001235,2024-12,4.28,7,19,0,FALSE,FALSE,690.62,1324.33,8.6,9.2,4.3
EMP001236,2024-12,4.25,2,13,0,FALSE,FALSE,412.11,951.6,8.2,9.1,4.3
EMP001237,2024-12,4.18,4,16,0,FALSE,FALSE,699.95,1182.23,8.6,8.5,4.4
EMP001238,2024-12,4.05,5,7,1,FALSE,FALSE,392.58,949.4,8.4,8.7,3.6
EMP001239,2024-12,4.41,5,3,0,FALSE,FALSE,584.61,635.29,9.3,8.8,4.9
EMP001240,2024-12,3.57,2,16,0,FALSE,TRUE,106.94,698.66,6.1,6.2,3.8
EMP001241,2024-12,4.58,4,32,0,FALSE,FALSE,3456.9,3031.77,9.2,10,4.6
EMP001242,2024-12,4.49,4,19,0,FALSE,FALSE,875.48,1429.62,6.9,8,4.4
EMP001244,2024-12,3.14,2,14,0,FALSE,FALSE,96.95,707.5,7.5,7.6,2.9
EMP001246,2024-12,4.06,2,20,0,FALSE,FALSE,164.86,677.45,7.4,8,4
EMP001247,2024-12,3.51,2,8,1,FALSE,FALSE,94.48,624.88,8.6,8.1,3.6
EMP001249,2024-12,4.42,5,5,0,FALSE,FALSE,724.99,625.63,6.5,6.1,4.4
EMP001250,2024-12,3.89,1,13,1,FALSE,FALSE,91.62,671.67,6.6,6.2,4.1
EMP001251,2024-12,4.02,0,4,0,FALSE,FALSE,116.13,271.09,8.1,8.5,3.5
EMP001252,2024-12,4.07,1,3,1,FALSE,FALSE,92.46,258.79,7.3,8.4,4
EMP001254,2024-12,3.58,3,15,3,FALSE,FALSE,368.72,1226.63,6.5,5.9,3.8
EMP001255,2024-12,3.55,2,4,0,FALSE,FALSE,67.2,250.3,7,5.6,3.4
EMP001256,2024-12,4.1,2,12,0,FALSE,FALSE,366.43,1178.19,7.2,7,3.8
EMP001257,2024-12,3.94,1,11,2,FALSE,FALSE,91.21,617.61,6.7,6.3,3.9
EMP001258,2024-12,3.86,2,14,0,FALSE,FALSE,338.69,1114.42,7.7,8.1,3.6
EMP001259,2024-12,3.91,0,13,1,FALSE,FALSE,205.6,848.6,9.2,9.6,3.7
EMP001260,2024-12,4.16,4,13,1,FALSE,FALSE,930.02,1320.25,7.3,7.5,4.2
EMP001263,2024-12,4.04,2,18,1,FALSE,FALSE,960.76,1321.44,7.8,9.4,3.6
EMP001264,2024-12,3.68,1,16,0,FALSE,TRUE,162.9,722.09,6.1,5.8,3.4
EMP001266,2024-12,4.4,5,25,0,FALSE,FALSE,1066.96,1676.29,8.7,8.1,4
EMP001268,2024-12,3.76,1,2,0,FALSE,FALSE,52.2,203.29,7.8,7.7,4.3
EMP001269,2024-12,3.64,0,10,0,FALSE,FALSE,372.66,1008.93,8.4,8,3.9
EMP001271,2024-12,3.98,3,15,0,FALSE,FALSE,161.34,676.14,7.7,9.4,3.6
EMP001272,2024-12,3.8,2,8,0,FALSE,FALSE,162.58,880.55,6.3,6.5,3.4
EMP001274,2024-12,3.91,3,3,0,FALSE,FALSE,360.75,106.02,8.9,8.9,4.3
EMP001275,2024-12,3.84,1,2,0,FALSE,FALSE,222.68,69.3,8,7.9,4.2
EMP001277,2024-12,4.26,1,16,1,FALSE,FALSE,940.24,1401.46,8,8.1,4.4
EMP001279,2024-12,3.8,1,14,1,FALSE,FALSE,86.39,692.2,6,5.7,4
EMP001280,2024-12,3.94,3,14,0,FALSE,FALSE,160.49,715.91,8.7,7.9,3.9
EMP001281,2024-12,3.77,2,6,1,FALSE,FALSE,45.97,196.56,7.7,7.3,4.1
EMP001283,2024-12,4.08,1,1,1,FALSE,FALSE,79.93,68.49,7.4,7.1,4.4
EMP001284,2024-12,4.15,1,9,0,FALSE,FALSE,357.43,916.44,7.4,7,3.7
EMP001285,2024-12,4.06,4,2,2,FALSE,FALSE,738.29,97.96,6.8,6,3.6
EMP001286,2024-12,4.21,2,18,2,FALSE,FALSE,152.34,674.47,7.1,7,4.5
EMP001287,2024-12,3.91,2,5,1,FALSE,FALSE,265.4,378.35,7.8,7.3,4
EMP001288,2024-12,4.05,2,2,1,FALSE,FALSE,66.89,57.01,8,9,4.2
EMP001289,2024-12,4.16,1,8,1,FALSE,FALSE,255.14,359.9,7.1,6.7,3.5
EMP001290,2024-12,2.7,0,6,0,FALSE,FALSE,45.8,248.73,6.8,7.6,2.4
EMP001293,2024-12,3.96,4,5,1,FALSE,FALSE,248.78,349.64,7.3,6.2,4.2
EMP001296,2024-12,4.06,8,8,0,FALSE,FALSE,531.25,600.97,9,8.8,3.3
EMP001297,2024-12,3.58,5,17,0,FALSE,FALSE,156.71,783.01,7,6.3,3.7
EMP001298,2024-12,4.08,6,13,0,FALSE,FALSE,497.72,1213,6.5,6,4.3
EMP001299,2024-12,4.05,1,5,1,FALSE,FALSE,176.85,340.25,5.6,4.9,3.7
EMP001301,2024-12,3.88,6,24,4,FALSE,TRUE,923.02,1586.36,9.6,9.3,4.1
EMP001304,2024-12,3.47,4,13,0,FALSE,FALSE,105.6,658.97,7,6.3,3.4
EMP001305,2024-12,3.89,1,7,1,FALSE,FALSE,445.93,1243.47,8.7,9,3.6
EMP001306,2024-12,3.35,1,9,0,FALSE,FALSE,150.76,701.63,7,9.3,3.4
EMP001307,2024-12,3.72,0,1,1,FALSE,FALSE,180.7,85.72,7.3,7.1,3.9
EMP001308,2024-12,4.48,2,10,1,FALSE,FALSE,298.64,879.65,8.1,7.3,4.6
EMP001309,2024-12,3.67,2,11,0,FALSE,FALSE,133.18,722.64,7.1,7.8,3.7
EMP001311,2024-12,3.78,3,16,1,FALSE,FALSE,155.13,687.99,8.6,7.8,3.3
EMP001312,2024-12,3.37,1,14,1,FALSE,FALSE,142.56,890.84,6.5,6.2,3.5
EMP001313,2024-12,3.58,2,18,1,FALSE,FALSE,64.05,559.26,8.2,9.4,4.6
EMP001314,2024-12,4.08,0,17,0,FALSE,FALSE,190.17,763.16,9.4,9.4,4
EMP001316,2024-12,3.7,3,22,1,FALSE,FALSE,371.23,891.04,5.4,5.4,3.3
EMP001318,2024-12,3.71,1,9,1,FALSE,FALSE,171.26,933.86,6.6,7.2,3.6
EMP001319,2024-12,4.02,4,8,1,FALSE,FALSE,491.22,512.69,6.6,6.6,4.2
EMP001320,2024-12,3.84,4,12,2,FALSE,FALSE,99.78,709.73,7.8,8,4.2
EMP001321,2024-12,3.4,3,12,0,FALSE,FALSE,94.79,623.94,6.5,6.4,3.7
EMP001322,2024-12,4.05,4,12,0,FALSE,FALSE,105.74,593.28,8.6,8.2,4.1
EMP001323,2024-12,3.08,1,12,1,FALSE,FALSE,75.63,570.72,8.5,7.9,2.5
EMP001324,2024-12,4.51,3,21,1,FALSE,FALSE,924.01,1254.52,7.8,6.7,4.6
EMP001329,2024-12,3.8,1,4,1,FALSE,FALSE,255.69,434.51,9.6,8.9,3.9
EMP001330,2024-12,4.24,0,17,1,FALSE,FALSE,449.97,1041.41,9.5,9.1,4.2
EMP001331,2024-12,4.16,1,9,1,FALSE,FALSE,193.71,716.64,6.7,7.4,4.2
EMP001332,2024-12,3.97,2,7,3,FALSE,FALSE,122.86,326.02,7.6,7.1,3.4
EMP001334,2024-12,4.56,4,24,1,FALSE,FALSE,1677.74,1879.42,9.4,9.2,5
EMP001335,2024-12,4.61,2,7,2,FALSE,FALSE,546.35,1083.1,7.1,6.7,4.1
EMP001336,2024-12,3.77,1,12,1,FALSE,FALSE,192.38,872.84,7.2,8,3.4
EMP001338,2024-12,3.99,2,12,1,FALSE,FALSE,168.29,681.84,8.3,8.3,4.1
EMP001339,2024-12,3.98,2,7,3,FALSE,FALSE,398.12,910.88,6.7,6.8,4.6
EMP001341,2024-12,4.21,5,19,0,FALSE,FALSE,895.72,1649.52,7.7,5.7,3.9
EMP001342,2024-12,4.04,5,6,1,FALSE,FALSE,803.59,118.01,9.3,9.3,3.7
EMP001343,2024-12,3.3,3,15,4,FALSE,FALSE,107.42,713.8,7.7,8.8,3.1
EMP001344,2024-12,4.27,6,7,0,FALSE,FALSE,613.5,528.2,8.2,7.2,4.1
EMP001346,2024-12,3.71,0,9,0,FALSE,FALSE,82.37,661.22,6.4,7.1,3.9
EMP001348,2024-12,4.45,1,18,1,FALSE,FALSE,194.8,787.65,5.2,5.1,4.3
EMP001349,2024-12,3.38,1,11,1,FALSE,FALSE,97.7,621.85,8.2,7.5,3.2
EMP001350,2024-12,3.62,3,23,0,FALSE,FALSE,136.2,784.37,6.4,7.7,3.3
EMP001351,2024-12,4.46,2,14,2,FALSE,FALSE,489.9,1011.69,9,10,4.2
EMP001352,2024-12,3.97,1,5,1,FALSE,FALSE,509.48,525.91,6.6,6.9,4.4
EMP001355,2024-12,3.8,1,15,0,FALSE,FALSE,364.36,951.35,7.1,6.9,3.4
EMP001356,2024-12,4.46,1,19,0,FALSE,FALSE,472.09,1094.83,7.6,9.3,4.5
EMP001357,2024-12,3.56,0,15,2,FALSE,FALSE,225.32,922.01,6.7,6.5,3.6
EMP001358,2024-12,3.77,2,18,0,FALSE,FALSE,498.89,1152,6.2,6.6,4.2
EMP001359,2024-12,3.92,3,17,1,FALSE,FALSE,176.58,771.22,8.5,9.4,4.2
EMP001361,2024-12,3.77,2,13,0,FALSE,FALSE,89.46,590.09,7.7,8.3,2.9
EMP001362,2024-12,4.44,1,17,0,FALSE,FALSE,533.67,1227.07,10,10,4.3
EMP001364,2024-12,3.8,0,9,0,FALSE,FALSE,170.72,805.01,6.9,6.8,3.7
EMP001365,2024-12,3.87,1,13,0,FALSE,FALSE,165.02,774.63,7.5,7.5,3.8
EMP001366,2024-12,4.18,2,23,1,FALSE,FALSE,1018.35,1721.31,7.5,8.4,4.4
EMP001369,2024-12,4.26,2,23,0,FALSE,FALSE,933.24,1710.46,9.7,9.1,4.5
EMP001370,2024-12,4.42,6,12,0,FALSE,FALSE,721.21,1263.73,10,10,4.5
EMP001372,2024-12,3.21,3,14,1,FALSE,FALSE,59.4,541.67,6.6,5.6,3.3
EMP001374,2024-12,4,6,11,0,FALSE,FALSE,144.77,723.95,7.8,8.8,3.8
EMP001375,2024-12,4.63,3,7,0,FALSE,FALSE,620.11,523.04,9.3,8.9,4.5
EMP001376,2024-12,4.31,4,15,0,FALSE,FALSE,3224.52,2929.86,8.7,7.8,3.9
EMP001377,2024-12,3.37,2,9,0,FALSE,FALSE,191.75,890.7,7.5,7.1,3.1
EMP001378,2024-12,4.05,1,14,1,FALSE,FALSE,199.05,840.59,6.7,6.3,3.8
EMP001379,2024-12,4.32,9,9,0,FALSE,FALSE,566.54,503.32,9.6,8.1,4.6
EMP001380,2024-12,4.16,2,5,0,FALSE,FALSE,203.98,99.98,8.6,7.8,3.5
EMP001381,2024-12,4.22,0,19,1,FALSE,FALSE,866.67,1300.5,6.3,6.7,4.2
EMP001382,2024-12,4.24,1,13,2,FALSE,FALSE,74.6,530.7,5.6,4,4
EMP001383,2024-12,3.6,2,12,0,FALSE,FALSE,168.07,818.23,9,7.2,4.2
EMP001385,2024-12,3.43,2,12,0,FALSE,FALSE,65.18,524.39,6.5,6.4,3.9
EMP001386,2024-12,3.59,3,12,1,FALSE,FALSE,91.02,632.4,7.5,7,3.6
EMP001387,2024-12,4.05,4,7,0,FALSE,FALSE,712.75,631.09,8,8.1,4
EMP001388,2024-12,3.74,0,12,1,FALSE,FALSE,158.05,915.12,4,4.3,4
EMP001389,2024-12,4.51,5,19,0,FALSE,FALSE,842.95,1308.85,7.7,6.7,4.9
EMP001390,2024-12,4.05,2,5,1,FALSE,FALSE,54.62,237.81,7.2,7.3,4
EMP001392,2024-12,4.51,1,14,1,FALSE,FALSE,534.71,1118.97,8,8.9,4.3
EMP001393,2024-12,3.63,1,7,0,FALSE,FALSE,101.34,286.84,6.6,4.9,4
EMP001394,2024-12,4.03,5,5,1,FALSE,FALSE,266.09,436.55,6.3,5.2,3.7
EMP001395,2024-12,4.02,1,12,1,FALSE,FALSE,328.88,1000.69,8.6,9.9,4.2
EMP001396,2024-12,4.24,2,19,2,FALSE,FALSE,754.91,1291.55,8.6,9.7,4.7
EMP001397,2024-12,4.46,9,21,0,FALSE,FALSE,1341.42,1755.98,5.6,5.7,4.6
EMP001398,2024-12,3.75,1,12,2,FALSE,FALSE,180.62,739.35,7.7,8.4,4.3
EMP001399,2024-12,3.65,1,2,1,FALSE,FALSE,96.46,262.2,6.2,4.8,3.5
EMP001400,2024-12,4.09,2,16,1,FALSE,FALSE,896.29,1279.64,6.4,5.4,3.9
EMP001402,2024-12,4.05,0,5,0,FALSE,FALSE,287.83,411.28,8,8.3,4
EMP001403,2024-12,4.21,0,14,0,FALSE,FALSE,224.2,885.66,6.9,8.4,4.9
EMP001404,2024-12,3.9,0,3,1,FALSE,FALSE,117.63,288.65,8.5,9,4.2
EMP001405,2024-12,4.6,3,19,4,FALSE,FALSE,948.33,1337.94,8.8,10,5
EMP001407,2024-12,4.5,2,17,3,FALSE,FALSE,971.16,1390.72,6.8,6.4,4.9
EMP001408,2024-12,3.48,4,8,0,FALSE,FALSE,128.85,676.01,6.8,6.6,3.5
EMP001410,2024-12,4.06,2,7,2,FALSE,FALSE,271.95,400.03,7.3,7.8,4.2
EMP001411,2024-12,3.32,0,11,1,FALSE,FALSE,129.2,771.61,8,7.1,3.3
EMP001412,2024-12,3.2,2,7,0,FALSE,FALSE,74.32,589.68,4.8,4.6,3
EMP001414,2024-12,4.47,4,12,1,FALSE,FALSE,609.83,464.57,6.2,5.9,4.6
EMP001415,2024-12,3.64,2,7,2,FALSE,FALSE,43.8,209.25,8.1,8,4.1
EMP001416,2024-12,4.35,7,9,0,FALSE,FALSE,601.27,572.21,6.7,8,4.8
EMP001418,2024-12,3.44,2,2,0,FALSE,FALSE,112.8,278.45,5.9,4.8,3.8
EMP001420,2024-12,3.87,0,5,0,FALSE,FALSE,118.24,283.26,7.8,8.4,3.5
EMP001421,2024-12,4.67,4,2,1,FALSE,FALSE,457.45,134.68,9,9.8,4.2
EMP001422,2024-12,3.87,2,8,1,FALSE,FALSE,109.1,668.41,8.1,7,3.9
EMP001423,2024-12,4.46,4,27,1,FALSE,FALSE,642.16,1173.49,6.9,6.9,4.5
EMP001425,2024-12,3.15,3,3,2,FALSE,FALSE,47.47,211.8,7.1,6.7,2.8
EMP001426,2024-12,3.36,2,8,1,FALSE,FALSE,67.33,561.33,7.4,6.4,4
EMP001427,2024-12,4.27,3,5,2,FALSE,FALSE,315.64,441.79,6.7,6.4,3.9
EMP001428,2024-12,3.82,4,10,3,FALSE,FALSE,70.15,562.34,7.4,7.7,3.8
EMP001429,2024-12,4.44,5,5,1,FALSE,FALSE,519.61,419.74,8.5,8.6,4.9
EMP001430,2024-12,3.8,2,15,1,FALSE,FALSE,201.29,825.55,9.6,10,4
EMP001431,2024-12,4.36,4,9,2,FALSE,FALSE,987.89,1489.3,9.7,9.2,4.4
EMP001432,2024-12,4.03,3,10,1,FALSE,FALSE,175.18,835.09,8.2,8.5,3.7
EMP001435,2024-12,4.28,4,14,0,FALSE,FALSE,981.36,1385.43,7.8,7.2,4.3
EMP001436,2024-12,4.09,2,2,0,FALSE,FALSE,177.05,91.38,5.7,5.3,3.6
EMP001437,2024-12,4.33,8,26,0,FALSE,FALSE,1037.53,1532.07,8.2,8.2,3.6
EMP001438,2024-12,3.77,2,10,0,FALSE,FALSE,194.41,761.11,9.5,9.1,4
EMP001439,2024-12,3.76,2,12,1,FALSE,FALSE,166.82,679.62,8,8.2,3.9
EMP001440,2024-12,4.03,1,17,0,FALSE,FALSE,189.24,697.2,6.5,7.7,4
EMP001441,2024-12,4.17,2,10,1,FALSE,FALSE,527.61,567.94,7.9,7.8,4.1
EMP001442,2024-12,4.31,6,17,0,FALSE,FALSE,978.99,1501.29,7.7,8,4.6
EMP001443,2024-12,3.71,2,10,0,FALSE,FALSE,73.86,600.41,8.2,8.6,3.5
EMP001444,2024-12,3.56,5,3,0,FALSE,FALSE,99.81,319.25,5.4,5.4,3.3
EMP001445,2024-12,3.85,4,4,2,FALSE,FALSE,63.29,223.74,10,9.5,3.6
EMP001446,2024-12,3.93,1,12,1,FALSE,FALSE,332.08,887.23,8.1,7.7,4.3
EMP001447,2024-12,4.23,2,12,0,FALSE,FALSE,452.07,997.44,9.2,10,4.3
EMP001448,2024-12,3.38,3,16,1,FALSE,FALSE,194.1,903.5,5.1,6.1,3.3
EMP001451,2024-12,4.33,0,8,0,FALSE,FALSE,461.9,1013.66,10,10,4
EMP001452,2024-12,3.71,4,16,3,FALSE,FALSE,163.46,919.36,7.2,8.2,3.1
EMP001453,2024-12,4.23,2,7,1,FALSE,FALSE,191.32,778.71,7.2,7.8,4.4
EMP001454,2024-12,4.27,7,13,0,FALSE,FALSE,1036.89,1454.39,7.3,7.7,4
EMP001456,2024-12,4.11,2,14,0,FALSE,FALSE,816.13,1355,7.5,7.2,4.3
EMP001457,2024-12,4.08,7,12,1,FALSE,FALSE,399.21,482.43,7.9,7.8,4
EMP001459,2024-12,3.83,2,11,0,FALSE,FALSE,204.11,805.39,6.4,6.8,4
EMP001460,2024-12,3.52,3,6,0,FALSE,FALSE,72.01,240.03,7.7,6.7,3.7
EMP001461,2024-12,3.47,2,21,1,FALSE,FALSE,180.63,849.11,6.4,6.7,3.2
EMP001463,2024-12,3.57,2,3,0,FALSE,FALSE,40.43,48.63,7.3,6.6,3.2
EMP001464,2024-12,3.78,2,10,0,FALSE,FALSE,169.84,818.88,4.9,5.3,3.5
EMP001465,2024-12,3.87,3,1,4,FALSE,FALSE,207.98,66.87,8.6,8.4,3.9
EMP001466,2024-12,4.51,5,21,1,FALSE,FALSE,2088.7,1853.02,7.6,7.3,5
EMP001467,2024-12,3.93,1,5,1,FALSE,FALSE,379.43,1203.33,6.7,5.5,4.6
EMP001468,2024-12,4.19,7,14,2,FALSE,FALSE,1173.81,1765.04,7.3,7.7,4.5
EMP001469,2024-12,3.71,4,5,2,FALSE,FALSE,383.59,997.73,8.3,7.2,4.6
EMP001471,2024-12,3.96,8,24,0,FALSE,FALSE,838.04,1439.31,6.2,6,4.4
EMP001472,2024-12,4.25,1,9,0,FALSE,FALSE,370.2,1076.3,8.9,9.9,4.1
EMP001473,2024-12,4.28,3,20,1,FALSE,FALSE,941.3,1736.28,8.5,9.2,4.1
EMP001474,2024-12,4.57,3,20,0,FALSE,FALSE,1297.16,1757.1,8.1,9.7,4.4
EMP001475,2024-12,3.63,1,14,2,FALSE,FALSE,169.92,684.86,6,6.4,3.3
EMP001476,2024-12,4.06,2,14,1,FALSE,FALSE,391.7,1175.54,8.2,8.2,3.9
EMP001477,2024-12,3.98,1,12,0,FALSE,FALSE,124.32,704.95,8.7,8.6,4.1
EMP001478,2024-12,3.85,3,16,0,FALSE,FALSE,158.73,836.73,9,8.7,4
EMP001481,2024-12,4.14,4,17,0,FALSE,FALSE,1032.04,1659.97,7.4,5.8,3.5
EMP001482,2024-12,3.55,0,5,0,FALSE,FALSE,183.66,789.17,6.7,5.9,3.2
EMP001483,2024-12,4.33,2,2,0,FALSE,FALSE,271.75,360.73,9.9,10,4.3
EMP001484,2024-12,4.71,5,9,2,FALSE,FALSE,2033.17,993.14,8.3,7.7,4.4
EMP001485,2024-12,4.34,6,16,0,FALSE,FALSE,918.4,1384.29,8.8,7.9,4.1
EMP001486,2024-12,3.91,5,31,0,FALSE,FALSE,808.41,1530.99,8.7,7.7,3.7
EMP001487,2024-12,4.24,3,7,3,FALSE,FALSE,537.28,456.55,7.1,6.3,4.4
EMP001489,2024-12,3.91,1,0,1,FALSE,FALSE,60.38,64.29,7.5,8,4.3
EMP001490,2024-12,4.4,3,3,0,FALSE,FALSE,430.32,139.61,7.8,7.9,4.5
EMP001491,2024-12,4.3,4,12,0,FALSE,FALSE,966.72,1724.69,9.3,10,4.1
EMP001492,2024-12,3.62,0,9,1,FALSE,FALSE,95.65,605.44,7.6,6.4,3.4
EMP001496,2024-12,3.58,2,9,0,FALSE,FALSE,138.46,713.41,5,4.8,3.3
EMP001497,2024-12,3.98,2,15,2,FALSE,FALSE,466.25,1210.98,6.6,6.7,4.1
EMP001498,2024-12,3.66,1,2,1,FALSE,FALSE,44.19,215.49,7.5,8.7,3.4
EMP001500,2024-12,3.9,2,11,1,FALSE,FALSE,391.81,1139.04,6.9,8.8,4
EMP001501,2024-12,4.11,5,3,0,FALSE,FALSE,442.43,490.37,8.8,9.4,4.3
EMP001502,2024-12,3.98,1,11,2,FALSE,FALSE,204.66,870.73,7.4,7.3,3.9
EMP001503,2024-12,4.51,0,17,1,FALSE,FALSE,479.99,1071.7,6.5,5.4,4.9
EMP001504,2024-12,4.09,5,3,0,FALSE,FALSE,536.63,613.12,10,10,3.7
EMP001505,2024-12,4.04,2,14,0,FALSE,FALSE,712.95,1165.13,8.7,8.3,3.9
EMP001506,2024-12,4.03,4,28,2,FALSE,FALSE,951.75,1453.71,6.1,6.3,4.4
EMP001507,2024-12,4.23,4,23,0,FALSE,FALSE,940.9,1695.69,6.6,7.1,4.1
EMP001508,2024-12,3.46,1,15,1,FALSE,FALSE,79.04,578.04,4.9,5.4,4.1
EMP001509,2024-12,4.31,3,15,0,FALSE,FALSE,477.27,1028.5,8,9.1,4.6
EMP001510,2024-12,3.78,2,12,0,FALSE,FALSE,344.2,1119.3,8.8,9.1,4.2
EMP001511,2024-12,3.41,2,4,1,FALSE,FALSE,45.12,193.1,7.5,6.8,3.6
EMP001512,2024-12,3.79,1,15,0,FALSE,FALSE,397.55,1213.59,6.7,6.5,3.8
EMP001513,2024-12,4.19,0,4,1,FALSE,TRUE,293.57,413.68,9.9,8.8,4.1
EMP001515,2024-12,3.43,2,13,2,FALSE,FALSE,132.95,678.78,6.8,6.6,3.8
EMP001516,2024-12,3.82,1,10,1,FALSE,FALSE,176.41,760.43,9.6,10,4
EMP001517,2024-12,4.18,2,9,0,FALSE,FALSE,531.96,1167.37,8.9,10,4.4
EMP001518,2024-12,3.45,2,8,0,FALSE,FALSE,95.09,262.26,5.6,5.1,3.3
EMP001519,2024-12,3.57,2,3,1,FALSE,TRUE,215.34,354.14,6.9,7.2,3.6
EMP001520,2024-12,4.17,2,7,0,FALSE,FALSE,412.28,1227.89,7.7,8.2,4.2
EMP001521,2024-12,3.83,0,11,1,FALSE,FALSE,188.74,902.03,6.2,6.9,3.4
EMP001522,2024-12,4.47,6,8,2,FALSE,FALSE,504.89,552.32,7.8,8.6,4.7
EMP001524,2024-12,3.54,3,8,1,FALSE,FALSE,178.43,730.27,8.8,8.6,3.3
EMP001525,2024-12,4.44,1,13,0,FALSE,FALSE,539.15,1220.29,7.9,8.1,4.4
EMP001527,2024-12,4.18,2,4,1,FALSE,FALSE,122.62,317.95,5.4,4.9,4.8
EMP001528,2024-12,3.78,3,13,1,FALSE,FALSE,78.45,625.09,6.5,6.2,3.8
EMP001530,2024-12,4.08,2,5,3,FALSE,FALSE,90.36,263.47,9.2,9.8,4.1
EMP001531,2024-12,4.03,2,9,0,FALSE,FALSE,182.89,778.44,7.5,8,4
EMP001532,2024-12,3.78,1,11,0,FALSE,FALSE,145.65,710.75,6.3,6,4
EMP001533,2024-12,4.53,4,16,0,FALSE,FALSE,782.98,1193.81,9.2,9.9,4.8
EMP001534,2024-12,3.27,0,14,0,FALSE,FALSE,143.35,713.81,6.5,6.9,3.2
EMP001535,2024-12,3.88,3,24,1,FALSE,FALSE,152.51,722.58,8.1,8.7,3.8
EMP001536,2024-12,4.29,5,11,1,FALSE,FALSE,99.44,635.42,6.7,5.8,4.2
EMP001539,2024-12,4.01,1,18,0,FALSE,FALSE,383.13,1205.08,6.1,5.2,3.8
EMP001541,2024-12,3.11,3,14,1,FALSE,FALSE,87.64,640.37,6.1,4.8,2.9
EMP001542,2024-12,4.29,7,17,2,FALSE,FALSE,1071.41,1678.04,7.2,7.9,4.3
EMP001543,2024-12,3.96,1,11,2,FALSE,FALSE,470.4,1241.81,6.1,5.2,4.1
EMP001544,2024-12,4.15,6,14,0,FALSE,FALSE,361.41,889.7,7.8,9.1,4.1
EMP001545,2024-12,3.64,0,13,1,FALSE,FALSE,178.42,781.79,6.1,6.7,3.6
EMP001546,2024-12,4.05,5,17,3,FALSE,FALSE,808.47,1380.23,8.1,6.7,3.7
EMP001547,2024-12,4.07,5,13,1,FALSE,FALSE,829.22,1658.37,8,8.4,4.5
EMP001549,2024-12,3.85,1,5,0,FALSE,FALSE,87.83,650.36,6.1,4.3,4
EMP001550,2024-12,4.38,7,17,1,FALSE,FALSE,958.34,1455.04,8.2,8,4.8
EMP001551,2024-12,4.21,3,6,0,FALSE,FALSE,84.91,267.43,6.2,5.6,4.3
EMP001552,2024-12,4.68,1,10,0,FALSE,FALSE,198.9,843.04,10,9.8,4.7
EMP001553,2024-12,3.49,4,5,1,FALSE,FALSE,48.19,226.74,6.9,6.6,4.1
EMP001554,2024-12,4.34,4,4,0,FALSE,FALSE,403.13,125.21,6.4,5.3,4.6
EMP001555,2024-12,4.43,6,21,0,FALSE,FALSE,1023.77,1679.44,10,9.9,4.2
EMP001557,2024-12,4.36,2,3,0,FALSE,FALSE,66.2,256.06,8.6,9,4.2
EMP001558,2024-12,4.34,3,18,0,FALSE,FALSE,510.47,1224.85,7.6,6.3,3.7
EMP001560,2024-12,3.59,1,18,0,FALSE,FALSE,216.85,914.8,8.3,7.8,3.8
EMP001561,2024-12,3.64,1,10,2,FALSE,FALSE,75.7,539.51,7.8,7.9,3.7
EMP001562,2024-12,3.96,2,12,0,FALSE,FALSE,225.75,891.85,5.1,5.5,3.9
EMP001563,2024-12,4.01,2,6,0,FALSE,FALSE,112.86,288.16,9.2,9.5,4
EMP001564,2024-12,3.79,3,24,0,FALSE,FALSE,742.94,1284.11,6,5,3.9
EMP001565,2024-12,4.01,5,22,2,FALSE,FALSE,579.6,1184.07,8.9,8.4,3.7
EMP001566,2024-12,4.02,1,14,1,FALSE,FALSE,120.54,720.53,6.9,8.4,4.2
EMP001567,2024-12,4.14,1,11,0,FALSE,FALSE,74.03,584.72,9.4,10,4.4
EMP001568,2024-12,3.63,1,7,0,FALSE,FALSE,98.48,243.86,7.4,7.6,3.9
EMP001569,2024-12,3.64,1,15,0,FALSE,FALSE,69.76,604.29,5.8,6.5,3.8
EMP001570,2024-12,4.12,2,25,1,FALSE,FALSE,1032.95,1434.29,9.4,10,4.7
EMP001571,2024-12,4.52,6,24,1,FALSE,FALSE,909.05,1328.9,9.2,9.7,4.9
EMP001572,2024-12,3.6,2,1,0,FALSE,FALSE,220.29,371.5,9.1,9.3,3.9
EMP001573,2024-12,4.09,4,25,1,FALSE,FALSE,965.11,1615.55,8,8,3.9
EMP001574,2024-12,4.35,2,24,0,FALSE,FALSE,960.26,1518.57,7.6,6.9,4.2
EMP001576,2024-12,3.76,0,14,0,FALSE,FALSE,157.05,775.07,7.9,6.9,3.4
EMP001577,2024-12,3.78,3,9,2,FALSE,FALSE,211.16,865.12,5.9,5.2,3.6
EMP001578,2024-12,3.88,0,5,0,FALSE,FALSE,98.28,277.71,7.7,7.4,3.9
EMP001579,2024-12,3.92,2,10,0,FALSE,FALSE,380.56,1010.62,6.5,6.7,3.5
EMP001580,2024-12,3.77,3,15,1,FALSE,FALSE,81.83,588.37,6.8,5.6,3.5
EMP001581,2024-12,4.36,5,16,1,FALSE,FALSE,635.57,1168.83,9.6,8.8,4.5
EMP001582,2024-12,4.1,2,11,0,FALSE,FALSE,329.97,894.39,10,9.5,3.9
EMP001583,2024-12,4.24,4,15,0,FALSE,FALSE,165.93,801.71,9.7,10,4.2
EMP001584,2024-12,3.06,3,15,1,FALSE,FALSE,88.93,701.24,4.8,5.5,3.1
EMP001586,2024-12,3.15,5,1,1,FALSE,FALSE,79.08,298.15,7.8,7.3,3.6
EMP001587,2024-12,4,0,14,0,FALSE,FALSE,199.67,773.15,7.6,7.1,4.3
EMP001588,2024-12,4.07,5,1,0,FALSE,FALSE,357.26,140,8,8.3,4.1
EMP001590,2024-12,3.99,0,13,0,FALSE,FALSE,227.51,882.79,7.3,7.5,4.4
EMP001591,2024-12,3.98,0,8,0,FALSE,TRUE,363.74,1114.48,6.5,6.7,3.9
EMP001593,2024-12,4.11,2,13,1,FALSE,FALSE,207.7,811.57,6.8,7.8,4.3
EMP001594,2024-12,4.26,3,17,0,FALSE,FALSE,659.82,1162.3,8.7,8.7,4.2
EMP001595,2024-12,4.37,7,23,0,FALSE,FALSE,953.44,1612.83,6.3,6,4.7
EMP001596,2024-12,4.02,2,11,2,FALSE,FALSE,184.19,852.51,9,9.2,4.1
EMP001597,2024-12,4.13,3,20,0,FALSE,FALSE,889.11,1547.35,8.6,8.4,4.4
EMP001598,2024-12,3.93,1,13,0,FALSE,FALSE,249.27,933.04,7.6,9,4.1
EMP001599,2024-12,4.21,1,6,0,FALSE,FALSE,227.79,398.2,7.6,8.2,4
EMP001600,2024-12,4.3,6,19,0,FALSE,FALSE,973.85,1728.09,9.1,10,4.9
EMP001603,2024-12,3.74,1,14,2,FALSE,FALSE,463.56,1149.31,7.4,7.3,3.5
EMP001604,2024-12,3.3,2,2,2,FALSE,FALSE,73.68,64.02,8,8.6,3.3
EMP001605,2024-12,4.22,7,23,1,FALSE,FALSE,784.1,1454.65,7.7,7.2,4.7
EMP001606,2024-12,3.22,1,0,2,FALSE,FALSE,51.72,54.22,5.3,4.1,4
EMP001607,2024-12,3.83,3,15,1,FALSE,FALSE,204.22,878.99,5.6,6.5,3.9
EMP001609,2024-12,3.63,1,5,0,FALSE,FALSE,56.1,207.84,5.4,5.3,3.3
EMP001610,2024-12,3.2,2,14,0,FALSE,FALSE,136.53,887.11,8.1,7.1,3.4
EMP001613,2024-12,3.35,0,15,0,FALSE,FALSE,175.31,831,8.1,8.6,3.3
EMP001614,2024-12,4.39,2,9,0,FALSE,FALSE,477.18,979.52,5.8,7.2,4.4
EMP001615,2024-12,4.11,1,12,1,FALSE,FALSE,182.56,743.04,6.2,7.6,3.7
EMP001616,2024-12,4.87,6,19,1,FALSE,FALSE,2430.12,1957.21,7.5,6.7,5
EMP001617,2024-12,4.03,3,6,2,FALSE,FALSE,214.06,402.52,6.7,6.8,4.2
EMP001618,2024-12,4.34,3,15,1,FALSE,FALSE,730.6,1303.85,6.3,6.6,4
EMP001619,2024-12,4.03,9,17,0,FALSE,FALSE,941,1643.71,7.8,7.8,3.8
EMP001621,2024-12,4,0,14,0,FALSE,FALSE,450.59,1212.65,6.6,7.3,4.4
EMP001622,2024-12,4.53,2,21,0,FALSE,FALSE,1008.33,1529.85,5.7,5,5
EMP001623,2024-12,3.84,2,15,2,FALSE,FALSE,185.21,837.12,5.6,5.5,4.1
EMP001624,2024-12,4.28,5,1,1,FALSE,FALSE,266.91,98,10,10,4.3
EMP001625,2024-12,3.92,2,4,1,FALSE,FALSE,69.49,244.75,7.3,7.4,4.2
EMP001626,2024-12,4.06,1,12,0,FALSE,FALSE,411.74,1025.38,7,7.2,4.2
EMP001627,2024-12,3.96,3,10,0,FALSE,FALSE,93.88,273.08,9.6,9.6,3.7
EMP001628,2024-12,4.65,5,14,2,FALSE,FALSE,764.98,1254.46,7.4,6.8,4.7
EMP001629,2024-12,4.21,3,15,0,FALSE,FALSE,797.06,1491.48,6.7,7.3,4.5
EMP001630,2024-12,3.98,1,9,1,FALSE,FALSE,181.08,848.5,6.7,6.3,4
EMP001631,2024-12,4.13,3,5,0,FALSE,FALSE,71.64,237.15,6.6,7.4,4.2
EMP001632,2024-12,3.92,1,17,0,FALSE,FALSE,453.16,1153.73,6.7,7.1,3.6
EMP001633,2024-12,4.37,6,6,0,FALSE,FALSE,279.43,449.57,10,10,4.2
EMP001634,2024-12,3.36,3,6,1,FALSE,FALSE,92.74,318.88,6,5.2,3.4
EMP001635,2024-12,4.34,2,24,0,FALSE,FALSE,1022.35,1579.67,7.8,5.8,4.2
EMP001636,2024-12,4.07,3,18,0,FALSE,TRUE,94.89,673.23,6.6,7,4.5
EMP001637,2024-12,4.03,4,16,1,FALSE,FALSE,112.98,683.51,7.1,8.2,4.3
EMP001638,2024-12,4.28,1,6,0,FALSE,FALSE,480.84,528.75,8.9,9.8,4.1
EMP001639,2024-12,4.23,1,24,3,FALSE,FALSE,803.48,1221.07,7.1,6.7,4.3
EMP001640,2024-12,3.17,0,10,0,FALSE,FALSE,89.09,628.51,3.5,3.4,3
EMP001641,2024-12,4.43,4,14,0,FALSE,FALSE,896.83,1451.71,7.7,7.8,4.7
EMP001642,2024-12,4.39,8,26,1,FALSE,FALSE,804.42,1437.2,8.2,9,4.4
EMP001643,2024-12,3.89,4,9,0,FALSE,FALSE,378.7,1246.66,8.4,7.8,3.9
EMP001646,2024-12,3.63,0,12,0,FALSE,FALSE,113.04,671.63,5.7,6.4,3.7
EMP001647,2024-12,4.49,3,12,1,FALSE,FALSE,928.32,1294.14,9.6,8.8,4.4
EMP001649,2024-12,4.48,3,18,0,FALSE,FALSE,2492.14,2360.8,8.2,8.1,4.6
EMP001650,2024-12,4.11,4,7,0,FALSE,FALSE,605.42,572.45,10,9.9,4.4
EMP001651,2024-12,4.03,2,10,1,FALSE,FALSE,143.36,763.86,6.6,6.5,3.8
EMP001652,2024-12,3.89,2,10,1,FALSE,FALSE,466.96,1178.62,8.1,8.7,3.2
EMP001653,2024-12,4.36,2,4,0,FALSE,FALSE,73.59,256.55,7,7.6,3.7
EMP001656,2024-12,3.37,0,15,1,FALSE,FALSE,148.85,784.15,6.7,6.2,3.1
EMP001657,2024-12,3.78,1,17,1,FALSE,FALSE,446.31,1031.66,8.4,9.6,3.4
EMP001659,2024-12,4.24,2,14,1,FALSE,FALSE,93.15,623.98,8.5,8.1,4.4
EMP001660,2024-12,4.27,1,3,0,FALSE,FALSE,230.76,327.82,7,7.2,4.3
EMP001661,2024-12,3.76,4,4,2,FALSE,FALSE,127.37,328.51,6.8,8.9,4.1
EMP001662,2024-12,3.76,3,11,0,FALSE,FALSE,92.69,677.57,8.5,9.5,3.8
EMP001663,2024-12,4.11,1,18,0,FALSE,FALSE,452.18,1221.78,6.6,7.1,4.5
EMP001664,2024-12,4.45,3,18,0,FALSE,FALSE,1008.49,1643.63,7,6.8,4.3
EMP001665,2024-12,3.97,3,16,0,FALSE,FALSE,189.51,848.29,7,7.1,4.7
EMP001666,2024-12,3.28,3,10,2,FALSE,FALSE,78.2,706.38,8.3,8.3,3.4
EMP001667,2024-12,4.17,4,11,1,FALSE,FALSE,512.11,1125.61,10,9.8,3.9
EMP001668,2024-12,3.83,2,9,0,FALSE,FALSE,86.12,597.51,7.8,7.6,3.5
EMP001669,2024-12,4.22,3,1,0,FALSE,FALSE,269.37,422.43,7.8,7,3.8
EMP001670,2024-12,3.56,1,12,0,FALSE,FALSE,106.2,728.03,7.9,7.5,3.3
EMP001671,2024-12,4.25,4,27,0,FALSE,FALSE,859.05,1663.51,7,6.5,4
EMP001672,2024-12,4.16,4,12,3,FALSE,FALSE,172.61,714.32,9.7,9.8,4.2
EMP001673,2024-12,3.77,4,24,3,FALSE,FALSE,851.71,1573.99,7.7,8.5,3.8
EMP001675,2024-12,3.96,3,17,1,FALSE,FALSE,945.7,1539.53,7.3,7.6,3.6
EMP001676,2024-12,4.1,6,6,0,FALSE,FALSE,575.26,528.32,6.3,7.1,3.8
EMP001677,2024-12,4.09,3,13,1,FALSE,FALSE,343.96,996.03,8.9,8.5,3.4
EMP001679,2024-12,4.28,4,9,0,FALSE,FALSE,521.32,437.46,8.1,7,4
EMP001680,2024-12,4.46,3,24,1,FALSE,FALSE,991.08,1632.45,6.2,6.9,4.7
EMP001681,2024-12,4.3,1,13,1,FALSE,FALSE,343.15,879.56,10,8.8,4.5
EMP001683,2024-12,3.27,3,10,0,FALSE,FALSE,127.31,769.14,6.9,7.2,3.4
EMP001685,2024-12,3.87,2,0,1,FALSE,FALSE,178.32,54.43,8.1,7.7,3.6
EMP001686,2024-12,3.56,0,12,0,FALSE,FALSE,209.88,901.33,7.2,7.1,4.1
EMP001687,2024-12,4.03,0,8,1,FALSE,FALSE,347.91,924.91,6.2,8,3.9
EMP001688,2024-12,3.81,2,15,2,FALSE,FALSE,139.35,792.53,7.8,7,3.5
EMP001689,2024-12,3.43,3,8,1,FALSE,FALSE,343.72,1043.73,5.9,5.3,3.4
EMP001691,2024-12,3.25,3,10,0,FALSE,FALSE,81.58,611.72,6.1,7.1,3.3
EMP001692,2024-12,4.07,3,13,1,FALSE,FALSE,870.79,1765.02,9.6,10,4
EMP001693,2024-12,4.12,3,13,0,FALSE,TRUE,339.08,951.24,8.8,9.2,4.2
EMP001694,2024-12,4.48,5,19,0,FALSE,FALSE,1099.44,1610.96,7.3,8.3,4
EMP001695,2024-12,2.85,4,9,0,FALSE,FALSE,88.75,688.64,9.3,8.7,2.6
EMP001696,2024-12,4.48,1,4,0,FALSE,FALSE,228.89,377.2,8.3,8.8,4.5
EMP001697,2024-12,3.63,4,11,2,FALSE,FALSE,167.03,776.22,6.5,5.9,3.4
EMP001698,2024-12,4.41,4,6,0,FALSE,FALSE,511.83,535.78,8.6,8.9,4.5
EMP001699,2024-12,3.94,1,0,1,FALSE,FALSE,234.21,362.33,9.2,9.2,4.4
EMP001700,2024-12,4.61,5,6,0,FALSE,FALSE,564.9,584.61,8.9,9.2,4.8
EMP001701,2024-12,4.73,4,22,0,FALSE,FALSE,924.68,1165.2,9.7,9.2,4.7
EMP001703,2024-12,4.8,6,31,2,FALSE,FALSE,3089.77,2742.81,9.2,9.5,4.6
EMP001704,2024-12,4.12,2,13,1,FALSE,FALSE,380.36,1138.8,7.7,6.8,4.4
EMP001705,2024-12,3.45,4,5,1,FALSE,FALSE,84.51,279.38,4.1,3.3,3.2
EMP001706,2024-12,3.9,2,19,0,FALSE,FALSE,193.3,797.86,8.3,7.6,3.1
EMP001707,2024-12,4.42,4,18,1,FALSE,FALSE,1158.66,1490.09,8.4,7.7,4
EMP001709,2024-12,3.65,4,17,0,FALSE,FALSE,221.39,893.94,6.7,6.5,4
EMP001710,2024-12,4.35,6,12,0,FALSE,FALSE,1032.75,1524.27,6.2,6.6,4.5
EMP001711,2024-12,4.28,2,5,2,FALSE,FALSE,405.01,128.61,7.4,6.7,5
EMP001712,2024-12,4.19,1,1,2,FALSE,FALSE,363.08,92.24,7.9,6.7,4
EMP001713,2024-12,3.5,2,10,2,FALSE,FALSE,97.16,675.69,8.3,8.4,2.8
EMP001714,2024-12,3.81,2,8,0,FALSE,FALSE,75.56,535.71,8.6,8.8,3
EMP001715,2024-12,4.1,0,17,0,FALSE,FALSE,99.6,687.26,8.3,8.1,4.4
EMP001716,2024-12,3.47,2,5,1,FALSE,FALSE,68.04,255.9,7,6.7,3.2
EMP001717,2024-12,3.58,1,18,0,FALSE,FALSE,90.92,675.83,6.2,5.5,3.9
EMP001718,2024-12,3.79,3,12,0,FALSE,FALSE,199.74,816.57,9.6,10,2.9
EMP001719,2024-12,3.7,1,4,1,FALSE,FALSE,94.78,243.06,6.8,8.2,3.9
EMP001720,2024-12,3.66,1,17,0,FALSE,FALSE,173.64,879.12,7.9,7.7,3.4
EMP001721,2024-12,3.73,0,14,0,FALSE,FALSE,156.39,700.18,7.5,8.1,3.5
EMP001722,2024-12,3.66,1,9,0,FALSE,FALSE,77.6,251.2,8,6.4,3.5
EMP001723,2024-12,4.72,1,10,0,FALSE,FALSE,474.37,1202.02,10,10,4.9
EMP001724,2024-12,4.34,2,14,0,FALSE,FALSE,94.02,704.6,9,9,4.3
EMP001725,2024-12,3.83,0,17,0,FALSE,FALSE,103.56,658.65,6.4,6.6,3.6
EMP001726,2024-12,4.22,4,12,0,FALSE,FALSE,192.35,756.61,7,7.3,4.2
EMP001727,2024-12,3.9,2,18,0,FALSE,FALSE,110.13,652.1,5.8,6.7,3.5
EMP001728,2024-12,3.7,2,15,0,FALSE,FALSE,74.66,554.29,7.5,6.4,4.3
EMP001729,2024-12,3.98,8,10,0,FALSE,FALSE,407.88,417.75,5.8,5.7,4.1
EMP001730,2024-12,4.3,2,11,0,FALSE,FALSE,383.37,1104.19,6.7,7.1,4.7
EMP001731,2024-12,4.57,5,26,1,FALSE,FALSE,809.28,1337.15,8.2,8,4.3
EMP001732,2024-12,3.44,2,12,0,FALSE,FALSE,172.21,795.85,6.2,8.3,3.5
EMP001733,2024-12,4.46,3,16,0,FALSE,FALSE,493.61,1151.47,9,8.9,3.9
EMP001734,2024-12,3.28,2,13,1,FALSE,FALSE,60.04,535,7.4,7.2,3.6
EMP001735,2024-12,4.04,4,14,0,FALSE,FALSE,802.61,1588.94,7.3,7.8,4.2
EMP001737,2024-12,4.41,8,17,0,FALSE,FALSE,973.38,1307.71,8.6,7.5,4.3
EMP001738,2024-12,3.82,1,10,0,FALSE,FALSE,447.54,1162.31,6.7,5.7,3.6
EMP001739,2024-12,3.62,5,6,1,FALSE,FALSE,98.73,302.79,6.1,6.1,3.8
EMP001740,2024-12,3.82,0,10,1,FALSE,FALSE,367.94,1119.54,6.8,7.9,3.7
EMP001741,2024-12,3.24,0,6,0,FALSE,FALSE,89.56,265.29,7.5,7.9,3.1
EMP001742,2024-12,4.29,3,17,1,FALSE,FALSE,828.49,1599.7,8,8.6,4
EMP001743,2024-12,4.47,1,21,1,FALSE,FALSE,723.22,1299.26,8.7,7.9,4.4
EMP001745,2024-12,3.57,4,17,0,FALSE,FALSE,218.2,923.49,7.9,6.8,3.3
EMP001746,2024-12,4.6,4,3,0,FALSE,FALSE,656.62,134.23,8,8.7,4.8
EMP001747,2024-12,4.6,6,3,0,FALSE,FALSE,521.98,136.58,6.8,6.8,4.8
EMP001748,2024-12,3.31,4,13,1,FALSE,FALSE,65.21,613.71,6,7.1,2.6
EMP001749,2024-12,4.27,1,8,0,FALSE,FALSE,89.57,261,8.2,7.4,4.6
EMP001750,2024-12,4.1,1,11,1,FALSE,FALSE,318.93,926.73,8.2,8.4,4.3
EMP001752,2024-12,4.44,2,0,0,FALSE,FALSE,523.09,94.79,7.8,8.3,4.1
EMP001753,2024-12,4.51,1,10,1,FALSE,FALSE,413.65,1144.81,6.8,5.8,4.3
EMP001754,2024-12,4.88,5,10,0,FALSE,FALSE,629.22,551.53,8.6,9.5,4.6
EMP001755,2024-12,3.31,1,12,0,FALSE,FALSE,121.13,745.06,8.3,9.1,2.9
EMP001756,2024-12,4,2,17,0,FALSE,FALSE,904.65,1260.98,7,6.2,4.3
EMP001757,2024-12,3.86,1,9,0,FALSE,FALSE,52.44,249.1,6.6,5.7,4.1
EMP001758,2024-12,4.13,1,10,0,FALSE,FALSE,182.25,787.07,7.5,8.6,3.8
EMP001759,2024-12,3.77,0,4,1,FALSE,FALSE,241.54,340.67,6.7,8.3,3.7
EMP001760,2024-12,3.56,2,14,0,FALSE,FALSE,154.28,926.28,6.3,7.2,3
EMP001761,2024-12,4.21,1,1,0,FALSE,FALSE,163.92,86.53,9,8.6,4.2
EMP001762,2024-12,3.98,3,11,1,FALSE,FALSE,188.1,909.74,7.7,8.4,3.8
EMP001763,2024-12,3.22,0,4,0,FALSE,FALSE,79.38,272.37,5.6,6.8,3.7
EMP001764,2024-12,4.03,2,2,3,FALSE,FALSE,215.69,317.38,7.2,7.7,4.4
EMP001765,2024-12,5,2,27,1,FALSE,FALSE,970.8,1235.01,10,10,4.8
EMP001766,2024-12,3.33,3,15,1,FALSE,FALSE,93.1,636.16,8,7.2,3.3
EMP001767,2024-12,3.86,0,12,2,FALSE,FALSE,322.32,1043.67,8.1,7.8,3.9
EMP001769,2024-12,4.46,5,27,0,FALSE,FALSE,1109.15,1456.91,8.5,9.4,4.2
EMP001770,2024-12,4.49,4,14,0,FALSE,FALSE,1940.76,2123.11,9.1,10,5
EMP001771,2024-12,3.17,3,13,0,FALSE,FALSE,96.94,726.18,5.3,5.2,3.5
EMP001772,2024-12,4.34,2,24,1,FALSE,FALSE,1069.44,1687.14,9.1,9.7,4.8
EMP001773,2024-12,3.72,3,14,1,FALSE,FALSE,78.84,522.37,6.6,6.1,3.8
EMP001776,2024-12,3.85,1,11,0,FALSE,FALSE,92.82,671.28,9.1,8.3,3.9
EMP001777,2024-12,4.11,2,5,0,FALSE,FALSE,149.11,804.16,6.9,6.5,4.5
EMP001778,2024-12,4.13,2,3,0,FALSE,FALSE,264.96,421.09,6.5,5.3,4.2
EMP001779,2024-12,3.85,1,6,1,FALSE,FALSE,98.73,325.43,6.9,6.1,3.4
EMP001780,2024-12,3.32,1,17,3,FALSE,FALSE,83.69,707.68,6.5,7.1,3.2
EMP001781,2024-12,3.55,1,4,1,FALSE,FALSE,47.61,188.11,8.1,8,3.8
EMP001782,2024-12,3.6,3,18,1,FALSE,FALSE,76.92,574.71,8.2,9.1,3.8
EMP001783,2024-12,3.68,2,10,0,FALSE,FALSE,134.41,783.33,6.3,6.9,3.6
EMP001785,2024-12,3.97,2,5,2,FALSE,FALSE,283.93,398.96,7.7,8.4,4.2
EMP001786,2024-12,3.27,1,13,0,FALSE,FALSE,94.06,683.89,6.1,7.9,3
EMP001787,2024-12,3.85,3,3,0,FALSE,FALSE,71.68,261.11,7.1,7,3.3
EMP001788,2024-12,4.27,2,2,0,FALSE,FALSE,182.37,99.98,8.5,8.7,4
EMP001790,2024-12,3.36,2,15,2,FALSE,FALSE,91.92,674.57,8.9,9.2,3.3
EMP001792,2024-12,3.82,3,19,1,FALSE,FALSE,524.45,1249.56,7.4,8.2,3.7
EMP001793,2024-12,4.26,2,5,0,FALSE,FALSE,425.32,422.34,7.5,7.3,4.3
EMP001794,2024-12,4.77,3,15,0,FALSE,FALSE,1155.69,1703.31,9.7,8.5,5
EMP001796,2024-12,4.09,1,12,1,FALSE,FALSE,478.86,1143.33,10,9.8,4
EMP001797,2024-12,4.56,8,19,1,FALSE,FALSE,823.49,1243.03,10,9.4,4.1
EMP001798,2024-12,3.61,2,9,2,FALSE,FALSE,173.3,909.43,8.2,7.9,3
EMP001800,2024-12,4.34,6,12,1,FALSE,FALSE,497.14,576.56,7.8,8.2,4.8
EMP001801,2024-12,4.48,4,23,1,FALSE,FALSE,911.04,1336.6,7.6,7.5,4.6
EMP001802,2024-12,4.13,0,21,1,FALSE,FALSE,804.77,1331.55,6.5,6.1,3.5
EMP001803,2024-12,3.93,2,5,1,FALSE,FALSE,217.4,365.4,5,6.4,4.1
EMP001804,2024-12,3.77,1,14,0,FALSE,FALSE,84.96,564.16,7.7,7.4,3.7
EMP001805,2024-12,4.01,8,2,1,FALSE,FALSE,413.34,122.49,7.7,8.1,4.3
EMP001806,2024-12,4.27,4,1,1,FALSE,FALSE,329.6,442.51,8.8,9,4.1
EMP001807,2024-12,4.52,4,5,1,FALSE,FALSE,496.16,508.54,8.8,9.5,4.8
EMP001809,2024-12,4,1,17,0,FALSE,FALSE,390.15,1162.88,6.9,7.6,4.1
EMP001810,2024-12,3.26,0,13,0,FALSE,FALSE,94.91,622.21,6,6.8,3
EMP001811,2024-12,3.7,3,15,0,FALSE,FALSE,400.58,1140.93,7.4,8.8,3.5
EMP001812,2024-12,4.48,3,31,0,FALSE,FALSE,1104.72,1454.46,5.9,5.4,4.7
EMP001813,2024-12,4.66,4,24,1,FALSE,FALSE,1233,1622.06,8.4,9.7,5
EMP001814,2024-12,4.24,2,6,0,FALSE,FALSE,47.96,211.85,7.5,7.9,4
EMP001815,2024-12,3.83,5,15,1,FALSE,FALSE,179.94,698.01,9.8,8.8,4.1
EMP001816,2024-12,3.44,2,14,1,FALSE,FALSE,135.68,684.9,7.7,6.4,3.3
EMP001817,2024-12,3.32,2,3,0,FALSE,FALSE,74.61,54.59,7.7,8.6,3.5
EMP001819,2024-12,4.49,7,13,0,FALSE,FALSE,976.02,1395.3,9.2,7.1,4.6
EMP001821,2024-12,4.01,5,6,0,FALSE,FALSE,632.66,548.03,6.8,7.5,4.2
EMP001822,2024-12,4.41,4,10,1,FALSE,FALSE,497.7,535.3,10,10,4.8
EMP001823,2024-12,4.64,6,19,0,FALSE,TRUE,972.01,1449.34,9,9.1,4.7
EMP001824,2024-12,4.3,0,12,0,FALSE,FALSE,1015.79,1505.68,7.9,6.3,4.6
EMP001825,2024-12,3.77,2,14,0,FALSE,FALSE,95.35,674.85,6.6,5.7,3.8
EMP001827,2024-12,3.58,1,12,0,FALSE,FALSE,133.33,683.77,6.6,7.4,3.5
EMP001828,2024-12,4.12,4,12,0,FALSE,FALSE,835.05,1650.97,5,5.6,3.8
EMP001829,2024-12,4.63,8,15,0,FALSE,FALSE,959.98,1320.54,8,7.8,4.3
EMP001830,2024-12,3.72,2,12,0,FALSE,FALSE,216.84,875.98,6.6,6.4,3.9
EMP001831,2024-12,4.18,3,16,1,FALSE,FALSE,416.47,924.72,8.1,8.7,5
EMP001832,2024-12,4.34,4,4,0,FALSE,FALSE,237.29,324.46,5.9,7,4.6
EMP001833,2024-12,4.2,1,14,0,FALSE,FALSE,481.49,1131.44,7.9,8.6,4.2
EMP001836,2024-12,4.54,5,26,1,FALSE,FALSE,1203.02,1573.24,6.9,6.2,4.5
EMP001837,2024-12,4.5,6,18,1,FALSE,FALSE,1187.66,1598.48,9.1,8.7,4.8
EMP001838,2024-12,4.14,3,16,1,FALSE,FALSE,190.42,870.35,8.9,10,4.3
EMP001839,2024-12,4.08,2,1,0,FALSE,FALSE,77.72,70.42,6.2,7.2,4.7
EMP001841,2024-12,3.18,2,19,0,FALSE,FALSE,123.49,685.65,5.2,5.1,2.9
EMP001842,2024-12,4.33,2,10,0,FALSE,FALSE,582.63,1237.01,9.4,8.7,4.2
EMP001843,2024-12,3.27,4,5,2,FALSE,FALSE,65.98,246.83,6.9,6.7,3.2
EMP001844,2024-12,4.48,5,7,1,FALSE,FALSE,566.94,481.89,6.3,6,4
EMP001845,2024-12,4.52,7,24,1,FALSE,FALSE,2347.21,2690.23,7.2,8,4.5
EMP001846,2024-12,3.48,3,14,1,FALSE,FALSE,165.97,908.14,9.2,9.2,3.2
EMP001847,2024-12,4.19,4,13,0,FALSE,FALSE,369.22,1070.32,8.6,9.4,3.6
EMP001848,2024-12,4.63,5,5,0,FALSE,FALSE,872.76,643.39,8.1,8.2,4
EMP001849,2024-12,4.35,4,19,0,FALSE,FALSE,1275.36,1758.21,9.7,9.8,4.8
EMP001850,2024-12,4.14,4,10,0,FALSE,FALSE,214.66,789.7,6,5.9,4.3
EMP001851,2024-12,4.51,7,23,1,FALSE,FALSE,792.81,1343.2,9.5,9.5,4.4
EMP001852,2024-12,4.72,3,27,0,FALSE,FALSE,722.6,1285.16,8.7,9.5,5
EMP001853,2024-12,3.61,1,3,0,FALSE,FALSE,48.48,247.28,6.2,6,3.5
EMP001854,2024-12,4.24,1,14,0,FALSE,FALSE,230.9,848.39,9.8,9.8,4
EMP001855,2024-12,4.44,1,22,0,FALSE,FALSE,373.11,1093.48,6.6,6.9,4.5
EMP001857,2024-12,4.13,4,8,1,FALSE,FALSE,707.65,600.73,7.8,7.5,4.4
EMP001858,2024-12,3.19,0,14,4,FALSE,FALSE,196.49,885.5,6.9,7.4,3.2
EMP001859,2024-12,3.52,3,3,2,FALSE,FALSE,41.92,225.59,6.6,5.8,3.8
EMP001860,2024-12,3.7,2,9,0,FALSE,FALSE,136.52,755.52,8.2,8.4,4.2
EMP001861,2024-12,4.64,2,23,2,FALSE,FALSE,1025.38,1287.61,9.1,8.5,5
EMP001862,2024-12,4.3,3,2,1,FALSE,FALSE,186.39,345.25,10,9.4,4.2
EMP001863,2024-12,4.78,6,7,1,FALSE,FALSE,1629.21,976.57,8.3,8.6,4.6
EMP001864,2024-12,4.12,4,25,0,FALSE,FALSE,679.38,1368.81,8.1,8.6,4.2
EMP001865,2024-12,4.12,1,15,0,FALSE,FALSE,427.99,984.03,8.7,8.2,4.3
EMP001866,2024-12,4.42,3,22,0,FALSE,FALSE,844.28,1490.31,6.9,7.1,4.9
EMP001867,2024-12,3.76,3,16,1,FALSE,FALSE,85.96,593.79,8.3,8.5,3.9
EMP001868,2024-12,3.53,1,6,1,FALSE,FALSE,84.08,258.6,9.4,8.6,4.1
EMP001869,2024-12,4.73,5,9,0,FALSE,FALSE,602.27,514.46,7.8,8.6,4.7
EMP001870,2024-12,4.63,7,30,1,FALSE,FALSE,1049.34,1311.71,9.2,9.6,4.7
EMP001871,2024-12,3.92,3,5,0,FALSE,FALSE,202.96,362.13,7.5,6.5,3.9
EMP001872,2024-12,4.62,6,18,0,FALSE,FALSE,735.49,1352.16,8.2,7.6,4.3
EMP001873,2024-12,3.27,0,13,0,FALSE,FALSE,91,634.98,6.6,6.2,3.3
EMP001874,2024-12,3.9,4,4,1,FALSE,FALSE,376.89,108.33,7.5,6.9,4.3
EMP001875,2024-12,3.5,2,15,3,FALSE,FALSE,78.56,566.21,6.5,5.1,3.7
EMP001877,2024-12,4.52,5,4,2,FALSE,FALSE,571.03,613.04,7.1,7.3,4.5
EMP001878,2024-12,3.51,1,17,2,FALSE,FALSE,83.34,641.81,4.9,5.5,3.4
EMP001879,2024-12,4.09,3,11,0,FALSE,FALSE,305.61,916.36,9.3,9.3,3.7
EMP001880,2024-12,4.31,2,19,0,FALSE,FALSE,774.69,1227.89,7.3,7.5,4.2
EMP001881,2024-12,3.73,2,14,0,FALSE,FALSE,149.96,842.7,9.3,9.7,3.6
EMP001882,2024-12,4.83,2,10,1,FALSE,FALSE,1966.57,1050.51,7.8,9.9,4.5
EMP001883,2024-12,4.49,2,5,0,FALSE,FALSE,274.7,448.04,6.8,6.3,4.7
EMP001884,2024-12,3.69,1,7,0,FALSE,FALSE,159.04,685.87,6.4,5.8,3.7
EMP001885,2024-12,3.22,2,9,0,FALSE,FALSE,73.65,527.98,8.3,7.9,3.5
EMP001886,2024-12,4.6,7,15,0,FALSE,FALSE,947.79,1573.07,6.3,5.9,4.3
EMP001889,2024-12,3.71,1,12,1,FALSE,TRUE,81.82,700.17,7.3,6.8,3.6
EMP001890,2024-12,3.87,5,22,2,FALSE,FALSE,814.25,1677.83,9.7,10,3.7
EMP001891,2024-12,3.55,0,10,0,FALSE,FALSE,55.87,214.28,9.8,10,3.4
EMP001892,2024-12,4.09,6,19,0,FALSE,FALSE,155.63,794.46,8.5,6.9,4.1
EMP001893,2024-12,4.69,5,3,1,FALSE,FALSE,296.48,96.7,7.5,7.2,4.5
EMP001894,2024-12,3.58,1,17,0,FALSE,FALSE,82.17,540.25,7,6.9,3.1
EMP001895,2024-12,3.44,1,9,0,FALSE,FALSE,189.15,879.55,7.4,7.7,3.2
EMP001897,2024-12,4.27,6,15,0,FALSE,FALSE,882.52,1540.03,6.6,5.9,4.5
EMP001898,2024-12,4.22,6,15,2,FALSE,FALSE,756.74,1444.69,9.2,9.1,4.3
EMP001899,2024-12,3.39,4,12,3,FALSE,FALSE,151.03,933.98,8.1,8,3.1
EMP001900,2024-12,4.07,3,11,0,FALSE,FALSE,94.82,605.62,6.9,7.3,4.5
EMP001901,2024-12,3.47,2,16,1,FALSE,FALSE,62.04,540.98,9.2,9.6,3.1
EMP001903,2024-12,4.33,8,3,0,FALSE,FALSE,333.89,118.35,7.9,7,3.8
EMP001904,2024-12,3.95,1,6,0,FALSE,FALSE,125.74,294.25,10,10,3.8
EMP001905,2024-12,4.2,3,16,0,FALSE,FALSE,945.15,1506.35,8.4,8.5,4.2
EMP001906,2024-12,3.86,0,15,0,FALSE,FALSE,369.64,963.29,4.4,3.6,3.7
EMP001908,2024-12,4.24,1,8,1,FALSE,FALSE,332,420.41,9.4,9.2,4.4
EMP001909,2024-12,4.06,1,9,2,FALSE,FALSE,107.66,328.97,8.1,6.7,4.1
EMP001910,2024-12,3.77,3,7,1,FALSE,FALSE,97.72,303.14,7.7,8,3.8
EMP001912,2024-12,3.25,2,9,0,FALSE,FALSE,53.29,227.72,5.7,5.2,3.6
EMP001913,2024-12,3.83,2,16,0,FALSE,FALSE,397.31,986.3,7.3,8.5,3.7
EMP001914,2024-12,3.69,2,12,0,FALSE,FALSE,170.85,677.73,8.3,8.2,4
EMP001915,2024-12,3.32,2,14,1,FALSE,FALSE,152.16,926.49,6,6.1,3
EMP001918,2024-12,3.66,1,16,1,FALSE,TRUE,379.08,967.07,7.7,9.6,3.6
EMP001919,2024-12,4.42,4,12,0,FALSE,FALSE,493,437.72,8.7,9.3,4.7
EMP001920,2024-12,3.98,1,15,1,FALSE,FALSE,169.7,817.82,5.7,5.2,4.2
EMP001921,2024-12,3.99,1,9,1,FALSE,FALSE,452.66,1229.27,7.1,8.4,4.4
EMP001922,2024-12,3.84,3,25,0,FALSE,FALSE,830.6,1498.57,6.1,6.9,4.3
EMP001923,2024-12,3.36,2,5,2,FALSE,FALSE,99.53,317.5,6.9,7.2,3.4
EMP001924,2024-12,4.64,4,16,0,FALSE,FALSE,963.82,1201.02,8.6,7.6,3.9
EMP001925,2024-12,3.89,1,6,0,FALSE,FALSE,282.74,405.74,9.3,9.3,4.2
EMP001926,2024-12,3.45,0,11,1,FALSE,FALSE,94.35,681.11,8.1,5.9,3.2
EMP001928,2024-12,3.16,4,6,1,FALSE,FALSE,83.55,246.87,6.9,5.5,3.4
EMP001929,2024-12,3.53,3,8,0,FALSE,FALSE,118.12,700.3,6.3,5.7,3.1
EMP001930,2024-12,3.86,2,7,1,FALSE,FALSE,49.89,214.31,7.6,8.2,4.1
EMP001931,2024-12,3.72,3,18,0,FALSE,TRUE,483.45,1247.1,7.4,8.2,3.7
EMP001935,2024-12,3.96,3,7,0,FALSE,FALSE,159.44,882.57,7.8,8.6,3.7
EMP001936,2024-12,4.33,5,20,0,FALSE,FALSE,1082.05,1565.35,7.8,7.6,4.3
EMP001937,2024-12,4.38,1,6,1,FALSE,FALSE,383.03,1066.53,8.2,7.1,4
EMP001939,2024-12,4.42,1,12,0,FALSE,FALSE,111.75,669.97,6.1,5.2,4.8
EMP001940,2024-12,4.2,0,10,0,FALSE,FALSE,394.35,1236.84,6.9,8,4.1
EMP001941,2024-12,3.83,1,13,0,FALSE,FALSE,318.33,927.89,6.6,5.7,4.2
EMP001942,2024-12,4.12,3,12,2,FALSE,FALSE,524.12,1223.18,6.6,6.8,4.1
EMP001943,2024-12,4.52,5,17,0,FALSE,FALSE,2112.17,1982.34,7.5,7.9,4.5
EMP001945,2024-12,3.77,0,1,3,FALSE,FALSE,168.37,349.35,3.4,3.6,3.6
EMP001946,2024-12,4.23,1,5,0,FALSE,FALSE,213.47,378.88,8.9,9.4,4.2
EMP001947,2024-12,4.05,2,9,0,FALSE,FALSE,196.67,824.95,7.4,7.2,4.2
EMP001948,2024-12,4.15,3,12,0,FALSE,FALSE,83.52,575.71,5.5,6.1,4
EMP001950,2024-12,3.69,6,9,0,FALSE,FALSE,177.73,874.26,7.2,6.8,3.8
EMP001951,2024-12,3.6,0,15,2,FALSE,FALSE,74.81,589.24,6.8,6.1,3.4
EMP001952,2024-12,4.1,1,14,0,FALSE,FALSE,363.27,933.7,6.9,8.1,3.5
EMP001955,2024-12,3.98,5,4,1,FALSE,FALSE,198.83,316.73,7.6,7.3,4.4
EMP001956,2024-12,3.79,3,16,0,FALSE,FALSE,156.12,778.89,8.3,9,3.8
EMP001957,2024-12,4.41,4,18,0,FALSE,FALSE,1038.92,1738.25,7.6,6.9,4.5
EMP001958,2024-12,4.49,3,2,0,FALSE,FALSE,195.29,337.56,8.7,8.2,4.4
EMP001959,2024-12,3.59,4,6,3,FALSE,FALSE,120.79,289.92,7.2,7.5,3.3
EMP001962,2024-12,3.15,1,20,0,FALSE,FALSE,58.23,524.71,5.7,5.2,3.7
EMP001963,2024-12,3.53,4,12,1,FALSE,FALSE,132.57,779.55,6,6.9,3.4
EMP001964,2024-12,3.7,3,13,0,FALSE,TRUE,134.22,696.32,7.5,8.4,3.8
EMP001965,2024-12,4.39,4,18,1,FALSE,FALSE,914.49,1214.34,8.6,8.7,4.4
EMP001966,2024-12,3.76,3,9,1,FALSE,FALSE,133.76,733.43,6.4,6.1,3.7
EMP001967,2024-12,4.13,7,23,0,FALSE,TRUE,968.92,1620.47,7.8,9.4,4.6
EMP001969,2024-12,3.86,4,16,0,FALSE,FALSE,406.68,1219.14,6.3,6.5,4.1
EMP001970,2024-12,4.36,2,16,0,FALSE,FALSE,429.08,1061.14,7.1,7.2,4.3
EMP001971,2024-12,4.33,0,15,0,FALSE,FALSE,219.14,859.87,8.2,7.3,4.7
EMP001972,2024-12,4.1,8,21,0,FALSE,FALSE,764.83,1505.26,6.2,6.8,4.1
EMP001973,2024-12,4.02,3,11,1,FALSE,FALSE,414.99,1081.95,7.5,8.1,3.8
EMP001974,2024-12,3.22,2,9,2,FALSE,FALSE,100.27,716.06,6.7,6.9,3.3
EMP001975,2024-12,3.31,1,10,0,FALSE,FALSE,86.84,558.24,7,7.3,3.9
EMP001976,2024-12,3.79,1,15,0,FALSE,FALSE,110.3,664.89,6,5.7,3.5
EMP001977,2024-12,4.05,0,16,1,FALSE,FALSE,148.59,700.05,7.5,7,4.5
EMP001978,2024-12,3.6,1,18,1,FALSE,FALSE,182.62,833.79,7.9,7.7,3.9
EMP001979,2024-12,4.16,1,10,0,FALSE,FALSE,217.73,825.84,8.5,8.6,4
EMP001980,2024-12,4.02,1,11,0,FALSE,FALSE,474.5,1128.19,8,8.2,3.7
EMP001981,2024-12,3.57,9,18,1,FALSE,FALSE,648.18,1255.33,8.7,7.2,4
EMP001982,2024-12,4.16,2,3,0,FALSE,FALSE,85.41,250.02,6.2,6.5,4.3
EMP001984,2024-12,4.64,1,17,0,FALSE,FALSE,444.36,1082.76,8.5,7.3,4.9
EMP001985,2024-12,4.02,4,12,1,FALSE,FALSE,448.51,423.54,7.9,6.5,4.1
EMP001986,2024-12,4.37,0,14,0,FALSE,FALSE,328.34,993.33,6,5.8,4.5
EMP001988,2024-12,3.46,2,12,0,FALSE,FALSE,86.78,650.64,6.2,4.7,3.2
EMP001989,2024-12,3.21,4,17,5,FALSE,FALSE,103.86,718.29,7.6,6.1,3
EMP001990,2024-12,4.28,4,6,1,FALSE,FALSE,58.81,188.24,6.4,6.7,4.5
EMP001991,2024-12,4.64,4,5,2,FALSE,FALSE,1124.85,231.53,6.3,7.5,4.8
EMP001992,2024-12,4.16,2,2,0,FALSE,FALSE,184.14,351.02,8.7,7.5,4.6
EMP001993,2024-12,3.66,1,11,1,FALSE,FALSE,211.74,843.14,7.1,6.9,3.5
EMP001995,2024-12,4.23,0,10,0,FALSE,FALSE,466.79,1199.37,8.8,9.7,4.1
EMP001996,2024-12,3.64,2,12,0,FALSE,FALSE,97.52,629.29,7.3,8.5,3.6
EMP001997,2024-12,3.74,2,0,1,FALSE,FALSE,74.41,74.47,9.2,9.2,3.8
EMP002000,2024-12,3.42,2,2,2,FALSE,FALSE,28.2,47.59,5.6,6.5,3.4
EMP002001,2024-12,3.89,4,12,0,FALSE,FALSE,195.95,933.15,8.2,9,3.6
EMP002002,2024-12,2.76,1,13,2,FALSE,FALSE,69.21,637.11,5.3,3.1,3.1
EMP002003,2024-12,4.38,1,6,0,FALSE,FALSE,312.57,404.94,6.2,5.9,4.2
EMP002004,2024-12,3.91,2,4,0,FALSE,FALSE,97.7,320.74,5.8,7.1,3.8
EMP002005,2024-12,3.94,2,15,3,FALSE,FALSE,426.81,1249.5,8.2,8.4,4.3
EMP002006,2024-12,4.54,1,14,1,FALSE,FALSE,428.09,1245.93,6.7,6,5
EMP002007,2024-12,3.67,5,8,1,FALSE,FALSE,178.14,890.82,8.2,7.9,3.9
EMP002008,2024-12,4.28,4,5,1,FALSE,FALSE,190.45,322.94,7.7,6.2,4.2
EMP002009,2024-12,4.32,1,3,0,FALSE,FALSE,229.36,402.96,6.2,4.5,4.3
EMP002010,2024-12,4,3,13,3,FALSE,FALSE,186.76,736.86,8.4,9,3.5
EMP002011,2024-12,4.54,4,22,1,FALSE,FALSE,1149,1478.6,8.8,7.8,4.7
EMP002012,2024-12,3.5,3,7,0,FALSE,FALSE,115.56,332.78,5.1,5.6,2.9
EMP002013,2024-12,4.38,4,10,0,FALSE,FALSE,387.82,1048.03,7.7,7.3,4.2
EMP002014,2024-12,3.91,3,17,0,FALSE,FALSE,952.88,1504.51,9,9.5,3.9
EMP002015,2024-12,3.68,2,8,1,FALSE,FALSE,353.03,1177.38,4.9,3.8,3.1
EMP002017,2024-12,4.01,2,11,1,FALSE,FALSE,148.23,741.15,5.3,3.4,3.6
EMP002018,2024-12,4.26,8,1,0,FALSE,FALSE,426.17,134.5,9,9,4.7
EMP002019,2024-12,4.77,4,16,0,FALSE,FALSE,2091.47,2281.98,8,8.7,5
EMP002022,2024-12,3.93,5,1,0,FALSE,FALSE,483.7,466.85,6.4,7.9,4
EMP002023,2024-12,3.68,0,3,1,FALSE,FALSE,43.78,223.05,8.5,8.2,3.4
EMP002024,2024-12,4.25,4,8,0,FALSE,FALSE,1398.08,796.6,9.2,9.6,4.1
EMP002025,2024-12,3.22,2,11,0,FALSE,FALSE,92.1,607.88,8,9.1,3
EMP002026,2024-12,3.76,1,14,0,FALSE,FALSE,439.13,1244.68,7,6.4,4.1
EMP002027,2024-12,3.76,2,2,0,FALSE,FALSE,63.1,70.04,8.1,8,3.3
EMP002028,2024-12,3.8,2,5,1,FALSE,FALSE,58.85,256.2,7.6,7.1,3.8
EMP002029,2024-12,4.2,1,8,0,FALSE,FALSE,541.74,1220.14,8.4,8.7,4.2
EMP002031,2024-12,3.97,4,22,1,FALSE,FALSE,357.39,1109.02,8.8,9.7,4.3
EMP002032,2024-12,4.71,5,2,0,FALSE,FALSE,364.05,121.24,8.1,8.6,4.8
EMP002033,2024-12,4.77,5,17,0,FALSE,FALSE,923.07,1554.04,9.4,10,4.6
EMP002034,2024-12,3.95,4,5,0,FALSE,FALSE,428.76,132.41,8.8,8,3.7
EMP002035,2024-12,3.58,2,15,0,FALSE,FALSE,266.55,907.75,5.9,6.2,4.2
EMP002036,2024-12,4.06,10,20,1,FALSE,FALSE,790.97,1463.87,8.6,8.8,4
EMP002037,2024-12,3.79,2,8,0,FALSE,FALSE,90.73,303.19,6.6,7.9,3.8
EMP002038,2024-12,4.65,6,19,0,FALSE,FALSE,1221.33,1748.28,8.5,9.4,4.5
EMP002040,2024-12,4.36,6,12,0,FALSE,FALSE,993.88,1638.47,7.4,6.4,4.1
EMP002041,2024-12,4.46,5,4,0,FALSE,FALSE,529,500.15,8.2,9.4,4.9
EMP002042,2024-12,3.93,1,13,1,FALSE,FALSE,198.5,893.04,9.2,8.3,4.1
EMP002043,2024-12,4.48,3,14,1,FALSE,FALSE,319.77,895.05,6,6.1,4.5
EMP002044,2024-12,3.99,1,12,0,FALSE,FALSE,89.16,681.02,6.9,6.9,3.8
EMP002045,2024-12,4.08,2,13,0,FALSE,FALSE,100.9,557.53,8.8,8.8,3.7
EMP002047,2024-12,4.56,0,3,1,FALSE,FALSE,230.24,317.06,10,9.5,4.9
EMP002048,2024-12,4.3,1,15,2,FALSE,FALSE,210.29,833.31,7.4,6.9,4.3
EMP002049,2024-12,3.78,2,6,2,FALSE,FALSE,428.02,991.98,6.2,7,4
EMP002050,2024-12,4.03,1,4,0,FALSE,TRUE,207.96,349.42,7.6,7.3,4
EMP002053,2024-12,3.73,4,15,1,FALSE,FALSE,68.84,544.73,7.9,6.9,3.5
EMP002054,2024-12,4.08,1,23,1,FALSE,FALSE,1036.93,1758.37,8.8,9.8,4.1
EMP002056,2024-12,4.62,5,5,0,FALSE,FALSE,420.11,442.07,7.8,8.9,4.5
EMP002057,2024-12,3.61,4,12,0,FALSE,FALSE,173.85,750.63,4.6,4.5,3.4
EMP002058,2024-12,4.66,4,1,0,FALSE,FALSE,344.73,436.36,6.4,5.3,4.3
EMP002059,2024-12,3.32,2,10,0,FALSE,FALSE,130.77,798.85,3.8,3.8,3.4
EMP002060,2024-12,3.17,3,3,1,FALSE,FALSE,33.66,46.44,6.2,6.3,3.2
EMP002061,2024-12,3.63,2,10,1,FALSE,FALSE,388.5,1064.67,6.2,6.5,3.4
EMP002062,2024-12,3.47,4,21,1,FALSE,FALSE,365.45,1227.36,6.4,6.2,3.1
EMP002064,2024-12,4.25,3,9,0,FALSE,FALSE,392.89,991.64,6.6,6,4
EMP002065,2024-12,3.86,3,21,1,FALSE,FALSE,346.18,1010.9,7.2,7.1,4
EMP002066,2024-12,3.99,3,14,1,FALSE,FALSE,137.68,758.03,8.9,7.6,4.6
EMP002068,2024-12,4.09,3,16,3,FALSE,FALSE,204.83,847.58,9.2,10,4.2
EMP002069,2024-12,3.62,1,15,0,FALSE,FALSE,226.2,924.6,8.6,8.6,4.3
EMP002070,2024-12,4.1,1,17,0,FALSE,FALSE,188.22,716.18,8,7.7,4.6
EMP002071,2024-12,3.99,3,10,2,FALSE,FALSE,348.29,1143.05,6.4,4.3,3.8
EMP002072,2024-12,3.25,6,16,1,FALSE,FALSE,85.11,696.56,6.8,6.4,3
EMP002073,2024-12,2.96,0,11,1,FALSE,FALSE,71.43,716.33,7.4,7.8,2.8
EMP002074,2024-12,4.12,1,15,0,TRUE,FALSE,322.82,1034.62,9.7,8.2,3.7
EMP002075,2024-12,4.21,8,4,0,FALSE,FALSE,473.51,536.89,6.6,7.3,4.4
EMP002076,2024-12,3.94,2,9,1,FALSE,FALSE,488.21,1123.41,6.2,6.3,3.4
EMP002077,2024-12,3.86,7,7,0,FALSE,FALSE,609.63,539.23,7.7,9.8,4.3
EMP002078,2024-12,4.28,7,22,1,FALSE,FALSE,875.93,1259.36,7.7,9.2,3.8
EMP002079,2024-12,3.33,3,2,2,FALSE,FALSE,81.48,57.93,6.7,6.9,3.4
EMP002080,2024-12,4.07,4,6,1,FALSE,FALSE,135.49,295.28,7.7,7,3.9
EMP002081,2024-12,3.89,2,15,2,FALSE,FALSE,789.46,1189.14,7.3,9.1,4.4
EMP002082,2024-12,4.31,4,7,2,FALSE,FALSE,427.43,492.64,5.9,6,3.8
EMP002083,2024-12,4.26,7,8,0,FALSE,FALSE,532.06,561.88,9.4,10,4.3
EMP002084,2024-12,3.56,4,12,1,FALSE,FALSE,186.79,765.93,5.3,5,3.4
EMP002086,2024-12,4.2,0,19,1,FALSE,FALSE,456.86,1166.95,4.5,4.1,4.5
EMP002087,2024-12,4.03,1,12,0,FALSE,FALSE,224.59,936.74,7.8,7.2,4.1
EMP002088,2024-12,4.18,9,19,1,FALSE,FALSE,1034.98,1382.59,8.2,7.9,3.9
EMP002089,2024-12,3.72,1,16,1,FALSE,FALSE,355.52,1080.81,7.3,7.9,4.2
EMP002090,2024-12,3.1,5,14,0,FALSE,FALSE,60.63,534.08,7.2,6.3,2.8
EMP002091,2024-12,3.26,1,17,0,FALSE,FALSE,76.43,631.13,4.2,5.1,3.6
EMP002092,2024-12,3.7,4,8,0,FALSE,FALSE,210.69,936.81,7.4,7.4,3.4
EMP002093,2024-12,3.69,2,15,1,FALSE,FALSE,103.86,718.45,6.7,6.8,3.6
EMP002094,2024-12,4.5,3,3,1,FALSE,FALSE,363.22,72.26,8.4,8.9,4.2
EMP002096,2024-12,4.61,3,6,2,FALSE,FALSE,221.97,378.76,5.7,5.6,4.5
EMP002097,2024-12,4.22,8,12,2,FALSE,FALSE,405.4,466.77,7,7.3,4.7
EMP002098,2024-12,4.19,0,6,1,FALSE,FALSE,482.97,1069.03,7.9,8.2,4.2
EMP002099,2024-12,3.92,3,13,0,FALSE,FALSE,386.24,1215.05,6.7,6.4,3.5
EMP002101,2024-12,3.37,0,6,2,FALSE,FALSE,74.79,541.32,5.2,5,2.8
EMP002102,2024-12,4.4,1,17,0,FALSE,FALSE,313.21,900.64,8.3,8.8,5
EMP002103,2024-12,3.97,2,6,2,FALSE,FALSE,217.22,327.18,6.8,6.9,3.5
EMP002104,2024-12,3.02,1,7,0,FALSE,FALSE,43.83,214.58,6.2,5.7,3.7
EMP002105,2024-12,3.83,3,11,0,FALSE,FALSE,191.9,798.31,5.3,5,3.7
EMP002106,2024-12,4.46,6,0,0,FALSE,FALSE,126.31,72.37,8.5,7.8,4.5
EMP002107,2024-12,3.91,4,13,1,FALSE,FALSE,314.37,920.08,7.8,6.6,3.3
EMP002108,2024-12,3.07,4,9,2,FALSE,FALSE,76.17,594.49,6.3,6.5,2.7
EMP002109,2024-12,4.64,5,9,1,FALSE,FALSE,426.44,463.38,7.8,7.9,4.2
EMP002110,2024-12,4.44,7,23,0,FALSE,FALSE,777.82,1465.54,7.2,6.1,4.2
EMP002111,2024-12,3.46,5,8,0,FALSE,FALSE,73.28,548.22,5.7,5.9,3.4
EMP002112,2024-12,3.67,2,12,1,FALSE,FALSE,399.2,990.78,8.6,10,3.4
EMP002113,2024-12,3.83,2,8,0,FALSE,TRUE,124.87,689.54,8.4,8,4.1
EMP002115,2024-12,4.12,1,2,0,FALSE,FALSE,311.51,413.51,6.3,3.6,4.2
EMP002116,2024-12,4.27,2,17,0,FALSE,FALSE,444.41,1004.36,4.9,4.8,4.2
EMP002117,2024-12,3.94,2,8,0,FALSE,FALSE,384.5,980.48,8.3,9,3.9
EMP002118,2024-12,4.57,7,17,0,FALSE,FALSE,780.91,1286.52,7.2,6.4,5
EMP002121,2024-12,3.35,1,3,0,FALSE,FALSE,49.26,192.84,6.8,7,3.9
EMP002122,2024-12,3.96,3,18,0,FALSE,TRUE,429.28,1057.05,9.4,8.3,3.9
EMP002123,2024-12,4.35,5,4,0,FALSE,FALSE,443.4,445.16,7.2,5.8,4.7
EMP002124,2024-12,3.76,4,13,0,FALSE,FALSE,225.72,902.49,6.5,7.5,3.8
EMP002125,2024-12,3.49,3,15,1,FALSE,FALSE,132.97,690.03,7.6,6.8,3.2
EMP002126,2024-12,4.01,2,13,0,FALSE,FALSE,172.79,691.99,9.2,8.4,4.1
EMP002127,2024-12,4.17,4,4,0,FALSE,FALSE,496.23,574.88,8.5,7.9,4.6
EMP002128,2024-12,3.79,0,13,1,FALSE,FALSE,155.18,859.14,7.5,8,3.4
EMP002129,2024-12,4.28,1,11,0,FALSE,FALSE,287.04,893.14,6.4,5.2,4.4
EMP002130,2024-12,4.41,1,6,1,FALSE,FALSE,208.02,342.72,8,6.7,4.6
EMP002131,2024-12,3.98,2,14,0,FALSE,FALSE,106.82,610.2,6.4,6.7,4.4
EMP002132,2024-12,3.98,3,1,2,FALSE,FALSE,91.57,70.68,4.8,5.9,4
EMP002133,2024-12,4.05,3,10,0,FALSE,FALSE,421.91,1166.93,8.4,8.4,4.3
EMP002134,2024-12,3.59,4,17,2,FALSE,FALSE,137.94,807.28,6.7,6.7,3.5
EMP002135,2024-12,3.73,2,14,1,FALSE,FALSE,176.93,740.24,6.3,7.4,4.2
EMP002136,2024-12,3.59,2,13,2,FALSE,FALSE,161.49,919.78,6.4,6.6,3.6
EMP002137,2024-12,4.27,2,2,0,FALSE,FALSE,487.61,484.28,9,8.9,4.7
EMP002139,2024-12,3.86,1,24,1,FALSE,FALSE,197.24,747.21,8.3,8.7,4
EMP002140,2024-12,4.58,6,5,0,FALSE,FALSE,256.55,445.57,7.2,6.9,4.3
EMP002142,2024-12,3.77,3,15,1,FALSE,FALSE,188.67,731.62,6.8,7.1,3.4
EMP002143,2024-12,3.71,2,6,0,FALSE,FALSE,214.5,868.73,6.3,5.7,3.5
EMP002144,2024-12,4.4,6,16,1,FALSE,FALSE,1066.34,1738.68,7.9,8.2,4.3
EMP002145,2024-12,4.7,4,18,1,FALSE,FALSE,930.89,1642.33,6.1,6,4.2
EMP002146,2024-12,3.96,3,10,1,FALSE,TRUE,138.59,723.69,8.6,8.4,4.4
EMP002147,2024-12,4.59,2,11,0,FALSE,FALSE,413.3,1133.6,8.2,8.5,4.9
EMP002148,2024-12,4.17,4,22,2,FALSE,FALSE,872.03,1656.42,7.8,9.2,4.3
EMP002149,2024-12,4.36,5,16,1,FALSE,FALSE,1139.26,1551.45,9,8.2,4.4
EMP002150,2024-12,3.89,3,5,2,FALSE,FALSE,153.57,716.07,6.4,7.1,3.8
EMP002151,2024-12,4.14,3,17,1,FALSE,FALSE,693.72,1221.8,8.7,8,4
EMP002152,2024-12,4.76,5,24,1,FALSE,FALSE,2460.94,2904.19,6.1,6.3,5
EMP002153,2024-12,4.45,3,4,0,FALSE,FALSE,278.09,387.29,8.7,8.9,4.1
EMP002154,2024-12,4.68,1,6,0,FALSE,FALSE,125.41,304.66,9.7,10,4.5
EMP002155,2024-12,4.49,5,7,1,FALSE,FALSE,625.63,628.17,8.2,8.2,4.7
EMP002156,2024-12,3.83,6,5,0,FALSE,FALSE,304.61,428.39,8,8.6,3.5
EMP002157,2024-12,4.45,3,13,0,FALSE,FALSE,1213.26,1656.86,8.7,8.7,4
EMP002158,2024-12,4.24,0,9,1,FALSE,FALSE,447.92,1091.44,10,8.9,4.3
EMP002159,2024-12,4.76,5,1,0,FALSE,FALSE,367.82,124.28,10,10,4.2
EMP002161,2024-12,3.67,4,10,0,FALSE,FALSE,167.51,732.13,6,5,3.2
EMP002162,2024-12,4.33,2,3,0,FALSE,FALSE,217.4,91.25,7.8,7,4.1
EMP002164,2024-12,3.98,0,10,2,FALSE,FALSE,331.72,1037.11,7.3,6.9,4.2
EMP002165,2024-12,4.3,6,5,0,FALSE,FALSE,528.45,466.48,7.8,8.1,4.1
EMP002166,2024-12,4.28,3,20,1,FALSE,FALSE,1142,1555.08,8.4,8.4,4.2
EMP002167,2024-12,3.84,1,10,1,FALSE,FALSE,358.97,1011.03,6.3,6,3.2
EMP002168,2024-12,4.31,3,2,0,FALSE,FALSE,898.87,121.57,8.4,6.4,4.4
EMP002169,2024-12,3.53,1,18,2,FALSE,FALSE,113.3,698.66,7.1,7.6,3.7
EMP002170,2024-12,4.49,3,12,0,FALSE,FALSE,959.47,1312.28,6.2,7.8,4.8
EMP002172,2024-12,4.54,3,29,0,FALSE,FALSE,3015.81,2683.68,8.8,9.6,4.5
EMP002173,2024-12,3.9,3,22,0,FALSE,FALSE,840.39,1689.18,6.6,6.6,4
EMP002174,2024-12,3.78,1,8,1,FALSE,FALSE,192.09,753.69,6,5.3,3.8
EMP002177,2024-12,4.06,1,19,0,FALSE,FALSE,493.37,1114.7,6.9,7.1,4.1
EMP002178,2024-12,3.75,3,3,0,FALSE,FALSE,186.65,384.4,9.1,9,3.9
EMP002179,2024-12,4.57,9,3,1,FALSE,FALSE,339.18,120.63,7.5,7.4,5
EMP002180,2024-12,2.99,1,12,1,FALSE,FALSE,80.56,627.15,6.7,7.6,3.2
EMP002182,2024-12,4.22,2,16,0,FALSE,FALSE,367.62,1059.4,8.5,7.2,4.3
EMP002184,2024-12,4.09,5,1,1,FALSE,FALSE,762.57,101.46,6.3,6.5,4.2
EMP002185,2024-12,3.13,2,19,0,FALSE,FALSE,63.03,596.43,8.7,8.6,3.3
EMP002186,2024-12,4.09,1,5,0,FALSE,FALSE,255.37,370.03,9,8.3,4.1
EMP002187,2024-12,4.45,4,24,2,FALSE,FALSE,936.32,1512.56,8.3,9.7,4.6
EMP002189,2024-12,3.76,5,13,0,FALSE,FALSE,107.28,647.78,9.3,9.2,3.6
EMP002190,2024-12,4.37,1,12,2,FALSE,FALSE,545.77,1184.16,8.3,9.6,4.9
EMP002191,2024-12,3.66,4,7,0,FALSE,FALSE,91.56,622.78,7,6.8,3.4
EMP002192,2024-12,3.98,0,11,0,FALSE,FALSE,356.04,999.73,8.3,8.6,3.5
EMP002193,2024-12,3.54,2,5,0,FALSE,FALSE,159.17,923,6.9,6.8,3.6
EMP002194,2024-12,3.73,4,17,0,FALSE,FALSE,76.1,527.96,6.4,7.1,3.3
EMP002195,2024-12,3.66,2,16,0,FALSE,FALSE,150.65,852.29,9.1,9.3,3.5
EMP002197,2024-12,3.92,5,18,1,FALSE,FALSE,868.23,1753.47,8,7.3,3.9
EMP002200,2024-12,3.9,1,10,0,FALSE,FALSE,89,621.02,7.7,6.5,3.6
EMP002201,2024-12,4.77,0,5,0,FALSE,FALSE,249.76,408.3,8.3,7.8,5
EMP002202,2024-12,3.84,3,11,1,FALSE,FALSE,371.67,877.78,7.4,7.4,3.6
EMP002203,2024-12,3.17,3,13,2,FALSE,FALSE,143.36,681.09,6.4,6.9,3.6
EMP002206,2024-12,4.2,0,9,0,FALSE,FALSE,88.02,619.83,7.1,6.3,4.3
EMP002207,2024-12,3.52,3,9,0,FALSE,FALSE,147.85,723.6,8.5,7.7,3.5
EMP002208,2024-12,3.54,2,19,0,FALSE,FALSE,183.57,816.31,6.6,5,3.8
EMP002209,2024-12,4.3,3,1,0,FALSE,FALSE,416.28,128.54,6.7,6.2,4.3
EMP002210,2024-12,3.83,1,15,0,FALSE,FALSE,146.63,767.25,8.1,8.1,4.4
EMP002211,2024-12,4.51,2,4,1,FALSE,FALSE,302.89,439,7.9,8.4,4.2
EMP002213,2024-12,4.19,1,7,0,FALSE,FALSE,469.18,1106.92,9.6,8.8,4.2
EMP002217,2024-12,4.14,6,21,3,FALSE,FALSE,928.59,1735.05,8.4,9.6,3.9
EMP002219,2024-12,4.2,0,12,0,FALSE,FALSE,465.34,1047.53,7.9,7.9,4.3
EMP002220,2024-12,3.53,3,11,1,FALSE,FALSE,199.44,832.91,4.3,3.4,3.7
EMP002221,2024-12,3.93,2,17,0,FALSE,FALSE,179.19,734.1,5.9,6.1,4.1
EMP002222,2024-12,4.11,8,15,2,FALSE,FALSE,807.89,1335.41,8.1,8.2,4.2
EMP002224,2024-12,3.95,1,5,0,FALSE,FALSE,136.82,330.61,7.4,5.9,3.3
EMP002225,2024-12,3.98,5,7,1,FALSE,FALSE,326.74,937.35,7.7,8.2,3.7
EMP002228,2024-12,3.26,1,15,2,FALSE,FALSE,76.83,539.19,5.2,5,3.5
EMP002229,2024-12,3.64,0,3,0,FALSE,FALSE,49.33,250.84,6.4,6.4,3.9
EMP002230,2024-12,4.31,7,24,0,FALSE,FALSE,934.6,1491.27,7.5,7.7,4
EMP002231,2024-12,3.94,2,14,0,FALSE,FALSE,160.88,884.54,9,8.7,3.8
EMP002232,2024-12,3.77,1,16,0,FALSE,FALSE,184.45,774.94,7.8,7.9,3.4
EMP002233,2024-12,4.17,2,23,1,FALSE,FALSE,871.52,1475.85,7.7,7.4,3.8
EMP002234,2024-12,4.45,4,22,0,FALSE,FALSE,772.32,1269.9,7.3,6.8,4.9
EMP002235,2024-12,4.18,2,16,0,FALSE,FALSE,443.3,1150.01,9.6,7.7,4.4
EMP002236,2024-12,3.57,0,15,0,FALSE,FALSE,72.83,611.09,7,8,2.9
EMP002237,2024-12,4.01,1,13,0,FALSE,FALSE,197.49,757.08,7.4,7.8,3.3
EMP002238,2024-12,4.37,5,7,0,FALSE,FALSE,498.91,555.47,8.6,8.9,5
EMP002239,2024-12,4.5,6,15,0,FALSE,FALSE,1212.28,1686.78,7.2,6.6,4.5
EMP002241,2024-12,4.8,1,4,0,FALSE,FALSE,291.96,356.8,9.9,8.9,4.9
EMP002242,2024-12,4.58,4,16,0,FALSE,FALSE,418.24,891.99,9.1,9.7,4.6
EMP002243,2024-12,4.17,7,15,0,FALSE,FALSE,664.68,1316.19,7.9,7.2,3.6
EMP002244,2024-12,4.07,0,15,1,FALSE,FALSE,505.13,1186.9,7.8,7.8,4
EMP002245,2024-12,4,5,5,2,FALSE,FALSE,148.65,330.64,7.8,7.4,4.1
EMP002246,2024-12,4.3,2,14,0,FALSE,FALSE,994.28,1477.48,7.3,8.2,4.5
EMP002247,2024-12,4.14,6,16,0,FALSE,FALSE,1216.97,1718.25,7.8,7.1,4
EMP002248,2024-12,3.9,4,9,1,FALSE,FALSE,106.37,279.99,6.4,6.8,3.9
EMP002249,2024-12,3.6,1,13,1,FALSE,FALSE,155.71,680.88,6.9,7,4
EMP002252,2024-12,4.38,3,18,0,FALSE,FALSE,786.13,1373.62,8.5,7.7,5
EMP002253,2024-12,3.88,0,9,0,FALSE,FALSE,310.31,441.98,9.3,8.5,3.7
EMP002254,2024-12,3.55,1,15,0,FALSE,FALSE,105.5,703.29,8.2,7.5,3.3
EMP002255,2024-12,3.39,0,11,1,FALSE,FALSE,150.9,736.26,7.2,7.4,3.1
EMP002256,2024-12,3.15,2,13,1,FALSE,FALSE,167.95,818.42,6.1,5.2,2.9
EMP002257,2024-12,3.89,1,8,1,FALSE,FALSE,226.83,900.78,5.1,4.2,4
EMP002258,2024-12,3.78,3,13,0,FALSE,FALSE,529.23,1242.31,9.4,8.9,3.9
EMP002259,2024-12,4,1,9,0,FALSE,FALSE,187.62,851.7,7.6,7.5,4.2
EMP002260,2024-12,3.48,2,2,0,FALSE,FALSE,99.92,305.76,6.4,6.4,3
EMP002261,2024-12,3.58,1,14,1,FALSE,FALSE,134.48,746.11,7.2,7.4,3.5
EMP002262,2024-12,4.13,1,15,0,FALSE,FALSE,170.54,746.02,7,7.1,4.2
EMP002263,2024-12,4.09,3,4,1,FALSE,FALSE,492.07,504.24,6.7,6.4,4.2
EMP002264,2024-12,4.15,3,8,0,FALSE,FALSE,534.48,614.89,8.2,7.8,4
EMP002265,2024-12,3.75,1,9,0,FALSE,FALSE,498.39,1247.16,7.8,7.6,4
EMP002266,2024-12,4.71,2,25,0,FALSE,FALSE,468.51,1150.02,10,10,5
EMP002267,2024-12,3.83,7,18,1,FALSE,FALSE,780.74,1430.67,5.8,5.3,3.2
EMP002268,2024-12,3.63,1,12,2,FALSE,FALSE,126.21,675.76,7.2,7.1,3.6
EMP002269,2024-12,4.02,2,15,0,FALSE,FALSE,112.77,728.52,9.5,10,4.3
EMP002270,2024-12,4.21,3,20,2,FALSE,FALSE,950.44,1499.98,7.8,7.9,4.1
EMP002272,2024-12,3.59,4,10,0,FALSE,FALSE,146.6,808.29,7.3,6.7,3.5
EMP002274,2024-12,4.24,1,2,0,FALSE,FALSE,277.11,374.99,10,10,4.5
EMP002276,2024-12,4.54,1,13,0,FALSE,FALSE,580.16,1233.59,7.6,7.6,4.8
EMP002277,2024-12,4.11,3,4,0,FALSE,FALSE,128.69,294.51,6.7,6.2,4.3
EMP002278,2024-12,3.93,3,9,0,FALSE,FALSE,396.89,984.29,7.4,8.7,4.1
EMP002279,2024-12,4.25,6,21,0,FALSE,FALSE,896.04,1457.82,6,5.3,4.6
EMP002280,2024-12,3.56,3,2,0,FALSE,FALSE,71.78,59.48,8.3,8.8,3.8
EMP002282,2024-12,3.78,1,12,0,FALSE,FALSE,86.29,579.27,6.3,4.2,3.8
EMP002283,2024-12,3.76,2,11,2,FALSE,FALSE,166.01,864.99,8.8,8,3.6
EMP002284,2024-12,3.57,2,15,0,FALSE,FALSE,133.21,785.82,6.6,7.4,3.9
EMP002286,2024-12,4.55,3,26,0,FALSE,FALSE,1891.81,2179.22,4.5,4.8,4.6
EMP002287,2024-12,4.25,2,7,0,FALSE,FALSE,434.94,977.34,7,8,4.1
EMP002288,2024-12,4.24,5,16,0,FALSE,FALSE,846.46,1415.31,7.1,5.5,4.3
EMP002289,2024-12,4,2,13,2,FALSE,FALSE,165.97,738.95,8.9,10,3.7
EMP002291,2024-12,4.4,4,23,0,FALSE,FALSE,814.87,1450.43,6.2,7.5,4.6
EMP002292,2024-12,4.65,6,0,0,FALSE,FALSE,358.98,95.89,8.1,8.5,4.8
EMP002293,2024-12,4.29,0,11,0,FALSE,FALSE,246.15,859.68,6.4,6.9,5
EMP002295,2024-12,4.31,4,7,1,FALSE,FALSE,395.44,457.01,8.7,8.9,3.8
EMP002298,2024-12,4.31,7,12,1,FALSE,FALSE,578.53,472.85,7.7,6.7,4.4
EMP002299,2024-12,3.86,3,8,0,FALSE,FALSE,290.75,943.53,5.1,4.5,3.5
EMP002300,2024-12,4.1,3,6,0,FALSE,FALSE,194.75,366.4,7.3,7.3,4.2
EMP002301,2024-12,4.17,2,7,0,FALSE,FALSE,96.04,265.29,7.6,8.6,4
EMP002302,2024-12,3.8,3,12,1,FALSE,FALSE,279.31,899.47,6.7,6.6,3.7
EMP002303,2024-12,3.89,7,8,1,FALSE,FALSE,600.36,603.21,7.2,7.6,3.6
EMP002306,2024-12,4.03,1,14,0,FALSE,FALSE,447.41,984.01,8.2,7.8,4.1
EMP002308,2024-12,3.94,1,3,1,FALSE,FALSE,205.96,322.39,8,7,4
EMP002310,2024-12,3.18,0,14,1,FALSE,FALSE,59.35,534.65,6.8,6.3,3
EMP002311,2024-12,4.07,2,3,2,FALSE,FALSE,66.99,68.66,8,8.6,4.2
EMP002312,2024-12,4,3,14,0,FALSE,FALSE,189.88,740.99,5.8,6.2,4.3
EMP002313,2024-12,3.34,1,11,0,FALSE,FALSE,99.58,717.98,8.8,8.9,3.3
EMP002314,2024-12,3.91,1,13,0,FALSE,FALSE,188.15,795.29,7.5,7.6,4
EMP002315,2024-12,3.82,3,13,0,FALSE,FALSE,165.08,715.19,7.3,7.1,3.6
EMP002316,2024-12,3.63,2,10,1,FALSE,FALSE,337.31,1085.34,6.4,7.1,3.4
EMP002318,2024-12,4.59,6,5,0,FALSE,FALSE,608.64,564.65,8.8,7.7,4.8
EMP002319,2024-12,4.3,2,12,1,FALSE,FALSE,540.3,1157.29,6.8,6.3,4
EMP002320,2024-12,4.25,3,24,0,TRUE,FALSE,812.79,1598.15,8.5,7.3,3.9
EMP002321,2024-12,4.45,3,22,0,FALSE,FALSE,789.33,1314.55,6.7,8,4.7
EMP002322,2024-12,4.03,3,16,0,FALSE,FALSE,323.61,1052.22,7.3,7,3.9
EMP002323,2024-12,4.55,0,5,1,FALSE,FALSE,294.2,365.18,7.2,6.9,4.8
EMP002324,2024-12,3.35,1,8,0,FALSE,FALSE,92.85,675.45,7,6.7,3.3
EMP002325,2024-12,4.4,5,14,0,FALSE,FALSE,803.44,1411.56,7,7.1,4.7
EMP002326,2024-12,4.5,4,3,0,FALSE,FALSE,214.47,337.68,9.1,10,4.3
EMP002328,2024-12,3.79,6,15,1,FALSE,FALSE,192.04,762.4,8.4,8.3,3.9
EMP002329,2024-12,3.54,5,16,1,FALSE,FALSE,92.63,702.24,5.1,6.1,3.4
EMP002330,2024-12,3.94,3,11,0,FALSE,FALSE,467.32,1051.92,8.3,8.1,4.3
EMP002331,2024-12,4.64,6,18,1,FALSE,FALSE,1202.83,1663.34,7.3,8,4.1
EMP002333,2024-12,4.29,2,11,0,FALSE,FALSE,479.64,1010.36,8.1,8.1,4.2
EMP002334,2024-12,4,3,31,0,FALSE,FALSE,760.16,1186.24,6.9,5.4,3.4
EMP002335,2024-12,4.27,5,19,0,FALSE,FALSE,1251.21,1734.69,6.7,4.6,4.1
EMP002336,2024-12,3.59,2,9,3,FALSE,FALSE,42.43,210.09,6.6,7,3.8
EMP002337,2024-12,3.67,1,10,1,FALSE,FALSE,67.44,589.13,8.7,10,3.3
EMP002338,2024-12,3.6,2,6,1,FALSE,FALSE,101.14,318.03,6.9,7.1,3.2
EMP002339,2024-12,4.78,4,11,0,FALSE,FALSE,1777.34,902.27,8.7,8.9,4.7
EMP002340,2024-12,4.21,2,12,1,FALSE,FALSE,432.86,1085.88,7.8,7.4,4.2
EMP002341,2024-12,3.23,2,1,1,FALSE,FALSE,64.75,74.12,5.3,6,3.5
EMP002342,2024-12,3.34,0,9,0,FALSE,FALSE,123.73,675.81,6.5,7.1,3.5
EMP002343,2024-12,3.69,4,4,0,FALSE,FALSE,99.09,295.23,8.7,7.5,3.8
EMP002344,2024-12,3.96,3,11,0,FALSE,FALSE,86.39,699.56,6.5,8.1,4
EMP002345,2024-12,4.38,9,28,1,FALSE,FALSE,1048.82,1379.78,10,10,4.2
EMP002346,2024-12,4.37,5,7,0,FALSE,FALSE,1367.02,792.48,10,10,4.5
EMP002347,2024-12,4.25,2,10,1,FALSE,FALSE,232.65,819.14,8.1,8.4,4.6
EMP002348,2024-12,3.6,0,13,1,FALSE,FALSE,463.34,1208.38,5.6,5.9,3.7
EMP002349,2024-12,3.75,3,8,1,FALSE,FALSE,126.54,700.08,8.8,10,4
EMP002350,2024-12,3.91,0,13,0,FALSE,FALSE,319.64,955.96,8.4,6.4,4
EMP002351,2024-12,4.34,2,16,1,FALSE,FALSE,428.13,892.21,9,7.3,5
EMP002352,2024-12,3.81,0,13,0,FALSE,FALSE,157.51,787.41,7.5,5.8,3.6
EMP002354,2024-12,4.11,1,3,0,FALSE,FALSE,116.51,288.77,9.7,10,4.4
EMP002355,2024-12,4.7,3,9,0,FALSE,FALSE,678.7,536.89,8.1,6.9,4.6
EMP002356,2024-12,3.93,3,11,0,FALSE,FALSE,90.58,674.81,7.4,7.6,4.1
EMP002357,2024-12,4.09,5,14,1,FALSE,TRUE,508.34,1115.64,7.5,7.2,3.8
EMP002358,2024-12,4.67,3,8,1,FALSE,FALSE,1575.31,814.03,7.9,8.7,5
EMP002359,2024-12,3.49,1,8,1,FALSE,FALSE,99.07,683.65,4.1,4.5,3.7
EMP002362,2024-12,4.15,1,11,1,FALSE,FALSE,361.96,1079.87,6,6.2,4.6
EMP002363,2024-12,4.22,3,2,0,FALSE,FALSE,216.31,393.88,5,5.1,4.5
EMP002364,2024-12,4.26,5,23,0,FALSE,FALSE,675.34,1198.81,8.1,7.6,4.2
EMP002365,2024-12,3.9,1,4,0,FALSE,FALSE,69.77,238.17,8.8,8.2,3.4
EMP002366,2024-12,4.5,3,28,0,FALSE,FALSE,2367.37,2138.61,8.3,8.6,4.2
EMP002367,2024-12,2.82,1,10,1,FALSE,FALSE,159.21,892.37,6.1,7,2.5
EMP002368,2024-12,4.14,1,13,1,FALSE,FALSE,414.98,1246.46,10,10,3.8
EMP002369,2024-12,3.98,1,3,0,FALSE,FALSE,76.21,61.24,10,10,3.8
EMP002370,2024-12,4.48,4,13,1,FALSE,FALSE,401.01,1104.67,6.9,7.5,4.5
EMP002371,2024-12,3.9,5,21,0,FALSE,FALSE,723.12,1405.95,8.2,7.9,3.9
EMP002372,2024-12,4.48,10,16,0,FALSE,FALSE,671.52,1250.72,5.7,4.7,4
EMP002373,2024-12,4.71,6,27,0,FALSE,FALSE,947.25,1336.7,7.6,9,4.7
EMP002374,2024-12,3.64,1,12,2,FALSE,TRUE,168.78,883.04,9.3,10,3.6
EMP002375,2024-12,4.35,1,6,2,FALSE,FALSE,257.97,356.75,9.7,9.2,4.6
EMP002376,2024-12,3.75,0,3,0,FALSE,FALSE,60.11,216.55,8.3,7.5,3.9
EMP002377,2024-12,3.69,0,1,2,FALSE,FALSE,61.26,215.43,6.7,6.7,3.7
EMP002379,2024-12,3.43,2,13,1,FALSE,FALSE,191.41,809.3,5.9,6.3,3.4
EMP002380,2024-12,3.85,1,18,1,FALSE,FALSE,443.78,1053.03,7,6.7,3.5
EMP002382,2024-12,4.49,6,15,0,FALSE,FALSE,1096.2,1536.95,9.1,7.1,4.5
EMP002383,2024-12,3.46,3,12,0,FALSE,FALSE,406.06,1067.85,6.4,6.8,3
EMP002384,2024-12,3.57,1,7,1,FALSE,FALSE,91.54,691.8,5.7,4.8,4
EMP002386,2024-12,3.56,1,1,1,FALSE,FALSE,63.73,57.43,7.7,7.6,3.5
EMP002387,2024-12,3.62,3,4,0,FALSE,FALSE,73.35,252.15,7.9,8.2,3.7
EMP002388,2024-12,4.28,1,15,0,FALSE,FALSE,381.01,889.61,6.7,6.6,4.6
EMP002390,2024-12,4.74,2,22,0,FALSE,FALSE,1384.15,1769.82,6.9,6.4,4.3
EMP002391,2024-12,3.9,5,4,1,FALSE,FALSE,657.34,635.62,7.5,8.3,3.9
EMP002392,2024-12,3.6,2,15,0,FALSE,FALSE,200.07,891.84,7.2,8.6,3.7
EMP002393,2024-12,4.28,2,7,0,FALSE,FALSE,234.07,333.15,8.3,8.7,4.1
EMP002395,2024-12,3.48,3,10,0,FALSE,FALSE,161.02,887.83,6.5,6.3,3.4
EMP002396,2024-12,3.92,4,4,0,FALSE,FALSE,47.37,220.2,7.8,8.6,3.7
EMP002397,2024-12,4.6,8,18,1,FALSE,FALSE,1291.6,1744.7,10,10,4.6
EMP002399,2024-12,4.34,8,15,2,FALSE,FALSE,1167.72,1675.8,9.4,8,4.2
EMP002400,2024-12,3.9,1,12,1,FALSE,FALSE,174.8,759.18,7.5,9.4,3.5
EMP002403,2024-12,4.34,1,6,0,FALSE,FALSE,268.23,447.16,7.1,6.7,4.3
EMP002404,2024-12,3.56,1,5,0,FALSE,FALSE,208.87,398.3,6.4,5.4,3.3
EMP002405,2024-12,4.34,7,2,1,FALSE,FALSE,555.08,605.05,8.1,7.9,4.5
EMP002406,2024-12,4.05,5,20,3,FALSE,FALSE,720.97,1334.28,9.2,9.2,4
EMP002407,2024-12,4.51,5,21,1,FALSE,FALSE,966.04,1367.24,6.5,7.5,4.9
EMP002409,2024-12,3.74,3,14,1,FALSE,FALSE,401.39,1219.52,5.8,6.3,3.4
EMP002410,2024-12,4.23,5,14,2,FALSE,FALSE,784.35,1220.31,10,9.4,4.8
EMP002411,2024-12,4.67,3,7,0,FALSE,FALSE,255.74,347.02,8.6,10,5
EMP002412,2024-12,3.36,3,8,1,FALSE,FALSE,162.44,713.53,7.2,6.6,3.2
EMP002413,2024-12,4.68,7,5,0,FALSE,FALSE,515.32,421.66,6.7,6.3,5
EMP002414,2024-12,3.1,2,13,0,FALSE,FALSE,89.2,721.57,5.1,5.4,2.9
EMP002415,2024-12,4,5,9,0,FALSE,FALSE,609.28,541.17,6.3,6.8,4.3
EMP002417,2024-12,3.8,3,11,0,FALSE,FALSE,406.72,997.76,7.1,7.7,3.4
EMP002418,2024-12,3.73,3,8,0,FALSE,FALSE,114.1,296.15,7,5.6,3.8
EMP002419,2024-12,4.15,1,16,0,FALSE,FALSE,427.25,1204.3,8,8.4,4.1
EMP002420,2024-12,4.35,6,7,0,FALSE,FALSE,535.39,421.07,9.5,9.6,4.3
EMP002421,2024-12,4.23,2,10,3,FALSE,FALSE,529.01,462.98,7.5,6.8,3.7
EMP002422,2024-12,4.14,2,6,1,FALSE,FALSE,239.28,384.55,8.2,6.7,3.8
EMP002423,2024-12,4.06,6,13,2,FALSE,FALSE,798.33,1184.87,7.5,7.8,4
EMP002424,2024-12,4.19,1,17,0,FALSE,FALSE,318.32,980.21,6.9,8.1,3.9
EMP002425,2024-12,3.63,4,3,0,FALSE,FALSE,43,205.77,7.1,7.2,3.5
EMP002427,2024-12,4.42,5,14,1,FALSE,FALSE,1107.95,1513.68,8.8,9.5,3.9
EMP002428,2024-12,3.87,0,12,0,FALSE,FALSE,193.49,780.86,6.2,6.6,3.9
EMP002430,2024-12,4.42,0,8,0,FALSE,FALSE,125.96,259.12,7.9,6.9,4.4
EMP002431,2024-12,4.17,3,11,0,FALSE,FALSE,146.67,675.71,8.6,7.6,4.4
EMP002432,2024-12,4.17,4,14,0,FALSE,FALSE,409.67,1023.91,10,9.4,4.3
EMP002433,2024-12,4.17,6,22,0,FALSE,FALSE,1013.9,1461.8,7.9,8.5,4.1
EMP002435,2024-12,3.86,3,11,0,FALSE,FALSE,188.92,786.69,8,9,4.2
EMP002436,2024-12,3.77,2,12,1,FALSE,FALSE,156.68,673.94,7.7,6.4,3.6
EMP002437,2024-12,3.89,2,19,1,FALSE,FALSE,413.75,969.21,7.4,9.4,3.9
EMP002438,2024-12,3.86,4,6,0,FALSE,FALSE,434.98,1193.85,8.7,9.4,3.8
EMP002439,2024-12,4.34,4,7,0,FALSE,FALSE,449.44,486.96,7.1,6.9,4.5
EMP002440,2024-12,4.08,3,19,1,FALSE,FALSE,1019.42,1518.3,7.6,6.8,4.1
EMP002441,2024-12,4.07,1,19,0,FALSE,FALSE,192.46,761.35,6.5,6.2,3.5
EMP002442,2024-12,4.26,7,22,2,FALSE,FALSE,859.81,1376.27,10,9.5,4.1
EMP002444,2024-12,4.62,5,3,1,FALSE,FALSE,335.92,95.5,6.8,6.5,4.7
EMP002445,2024-12,3.77,2,3,1,FALSE,FALSE,113.62,288.97,7.6,7.4,3.8
EMP002447,2024-12,4.07,1,20,3,FALSE,FALSE,516.77,1196,7.1,7.3,4.3
EMP002448,2024-12,3.88,3,5,1,FALSE,FALSE,164.9,728.85,7.4,8.7,4.3
EMP002450,2024-12,3.83,1,6,0,FALSE,FALSE,251.54,437.71,8.1,8.9,3.7
EMP002451,2024-12,3.35,1,16,1,FALSE,FALSE,355.78,1080.1,6.3,6.6,3.7
EMP002453,2024-12,3.43,1,13,0,FALSE,FALSE,203.1,870.97,7.5,7,3.3
EMP002454,2024-12,3.28,6,8,0,FALSE,FALSE,203.48,927.85,6.3,5.3,3.3
EMP002456,2024-12,3.88,2,5,0,FALSE,FALSE,101.38,249.22,9.8,10,3.8
EMP002459,2024-12,4.52,0,6,1,FALSE,FALSE,157.37,712.44,8.2,8.7,4.6
EMP002460,2024-12,4.75,4,23,0,FALSE,FALSE,2210.21,2297.81,9.6,9.1,4.3
EMP002461,2024-12,3.54,6,0,0,FALSE,FALSE,34.47,44.84,7.2,7.6,3.7
EMP002462,2024-12,3.51,3,8,0,FALSE,FALSE,197.64,917.47,8,6.6,3.4
EMP002464,2024-12,4.37,9,24,0,FALSE,FALSE,1153.18,1507.02,6.4,6.2,3.7
EMP002466,2024-12,4.89,6,24,0,FALSE,FALSE,1106.4,1527.22,8.9,9.1,4.5
EMP002467,2024-12,3.59,2,11,2,FALSE,FALSE,93.18,723.22,6.2,5.2,3.5
EMP002468,2024-12,3.8,3,9,1,FALSE,FALSE,340.96,1087.26,7.3,8.3,4.1
EMP002469,2024-12,3.82,1,3,2,FALSE,FALSE,95.77,301.56,6.5,6.4,3.4
EMP002470,2024-12,4.23,7,18,1,FALSE,FALSE,778.31,1250.57,5.9,5.5,3.9
EMP002471,2024-12,3.82,1,10,0,FALSE,FALSE,122.64,686.67,8,8.1,3.4
EMP002473,2024-12,3.48,2,14,0,FALSE,FALSE,89.97,555.29,8.5,8.5,3.8
EMP002474,2024-12,4.09,1,0,1,FALSE,FALSE,55.95,54.63,8.8,8.6,4.3
EMP002475,2024-12,4.12,5,19,0,FALSE,FALSE,663.4,1289.29,7.1,7.4,4.2
EMP002476,2024-12,4.05,1,19,0,FALSE,FALSE,411.77,1111.64,7.1,7.7,3.8
EMP002478,2024-12,3.66,0,13,0,FALSE,FALSE,209.67,841.02,6.8,6.5,3.6
EMP002479,2024-12,3.95,1,5,1,FALSE,FALSE,264.55,394.01,7.4,6,4.1
EMP002480,2024-12,2.85,2,1,1,FALSE,FALSE,39.02,232.68,5.7,6,2.5
EMP002481,2024-12,4.08,6,2,1,FALSE,FALSE,585.46,532.67,5.5,2.8,3.9
EMP002482,2024-12,4.18,6,18,0,FALSE,FALSE,659.72,1227.66,8.9,10,4.4
EMP002483,2024-12,3.96,3,9,1,FALSE,FALSE,210.15,900.37,7.6,8,4.2
EMP002484,2024-12,4.25,1,14,0,FALSE,FALSE,351.64,916.65,8.1,8.4,4.2
EMP002485,2024-12,3.21,0,14,0,FALSE,FALSE,88.91,577.07,5.8,4.4,3.5
EMP002486,2024-12,4.28,1,9,1,FALSE,FALSE,469.87,1042.83,7.7,6.6,4.6
EMP002487,2024-12,4.08,0,6,1,FALSE,FALSE,502.46,1226.76,7.3,6.2,4.2
EMP002488,2024-12,3.44,1,21,0,FALSE,FALSE,150.16,707.97,5.8,6.8,3.2
EMP002489,2024-12,3.94,0,11,0,FALSE,FALSE,393.66,953.19,8.8,10,3.7
EMP002491,2024-12,4.17,2,10,1,FALSE,FALSE,431.65,1149.67,7.6,6.8,3.6
EMP002492,2024-12,3.65,1,22,2,FALSE,FALSE,155.63,913.39,9.3,9.8,3.9
EMP002493,2024-12,3.34,2,15,1,FALSE,FALSE,87.13,679.88,7.4,8,3.7
EMP002494,2024-12,4.28,5,3,0,FALSE,FALSE,735.44,631.07,7.6,6.2,4.1
EMP002495,2024-12,3.66,3,2,2,FALSE,FALSE,50.1,203.77,6.6,7,3.3
EMP002497,2024-12,3.96,3,5,1,FALSE,FALSE,63.65,247.22,7.8,8.1,3.2
EMP002498,2024-12,4.74,4,13,0,FALSE,FALSE,926.18,1597.73,9.1,9,4.7
EMP002499,2024-12,4.81,3,25,0,FALSE,FALSE,904.53,1161.4,8.6,9.2,4.9
EMP002501,2024-12,3.49,1,19,1,FALSE,FALSE,96.53,655.72,6.8,7.3,3.3
EMP002502,2024-12,3.79,1,1,1,FALSE,FALSE,68.15,60.21,4.6,4.2,4.1
EMP002504,2024-12,2.57,2,6,2,FALSE,FALSE,70.33,660.73,7.4,7.6,2.2
EMP002505,2024-12,3.27,3,13,0,FALSE,FALSE,203.77,906.01,8.5,7.9,3.5
EMP002506,2024-12,4.81,1,13,0,FALSE,FALSE,439.38,1131.05,10,10,4.9
EMP002507,2024-12,3.84,1,5,0,FALSE,FALSE,191.05,387.85,8.2,8.9,3.6
EMP002508,2024-12,4.09,1,4,1,FALSE,FALSE,232.02,326.53,8.6,8.7,4.1
EMP002509,2024-12,4.13,0,11,3,FALSE,FALSE,434.26,1044.25,8,8.2,4.2
EMP002510,2024-12,4.15,5,23,0,FALSE,FALSE,828.39,1400.06,7.8,8.7,4.3
EMP002511,2024-12,4.31,3,11,0,FALSE,FALSE,796.04,1469.6,8.5,7.7,4.3
EMP002512,2024-12,4.8,4,5,0,FALSE,FALSE,574.14,528.56,9,10,4.7
EMP002513,2024-12,4.06,0,1,2,FALSE,FALSE,182.01,95.68,5.9,5.5,4.7
EMP002514,2024-12,4.13,5,26,0,FALSE,FALSE,836.1,1600.07,6.5,6.1,3.8
EMP002515,2024-12,3.97,2,15,1,FALSE,FALSE,66.71,546.93,6.8,7,4.6
EMP002516,2024-12,4.37,3,17,0,FALSE,FALSE,624.04,1154.19,8.4,8.4,4.7
EMP002518,2024-12,4.34,6,19,1,FALSE,FALSE,924.77,1317.32,6,7.5,4.4
EMP002519,2024-12,4.08,14,3,1,FALSE,TRUE,362.26,124.91,9.3,10,4.1
EMP002520,2024-12,4.14,3,11,0,FALSE,FALSE,503.53,1118.56,6.3,7.2,4.4
EMP002521,2024-12,3.94,0,1,2,FALSE,FALSE,329.3,74.7,8.1,7.5,4
EMP002522,2024-12,3.69,1,11,0,FALSE,FALSE,98.69,722.94,7.1,7.2,3.3
EMP002523,2024-12,3.84,4,4,0,FALSE,FALSE,79.23,267.32,8.7,9.6,4
EMP002524,2024-12,3.48,2,5,3,FALSE,FALSE,110.97,300.86,8,8,3.5
EMP002526,2024-12,4.42,5,5,0,FALSE,FALSE,335.5,429.97,6.3,6.2,4.2
EMP002527,2024-12,4.29,6,23,1,FALSE,FALSE,866.47,1338.2,6.6,6.4,4.7
EMP002528,2024-12,4.05,3,17,2,FALSE,FALSE,318.77,941.09,7.4,7,3.4
EMP002532,2024-12,4.36,0,1,1,FALSE,FALSE,151.19,62.19,9.1,8.7,4.2
EMP002533,2024-12,3.5,0,4,0,FALSE,FALSE,203.7,363.89,7.9,5.7,3.8
EMP002534,2024-12,3.5,1,3,2,FALSE,FALSE,123.99,303.56,6.2,6.1,3.6
EMP002536,2024-12,3.62,4,10,0,FALSE,FALSE,152.57,730.45,7.8,9.5,3.3
EMP002537,2024-12,3.74,4,8,1,FALSE,FALSE,527.77,1228.12,7.3,7,3.6
EMP002538,2024-12,4.17,2,3,0,FALSE,FALSE,119.6,263.52,7.6,7.9,4
EMP002539,2024-12,4.25,7,23,0,FALSE,FALSE,912.52,1715.25,5.4,5.8,4.1
EMP002540,2024-12,4.46,7,19,1,FALSE,FALSE,689.44,1238.82,7.1,5.7,4.6
EMP002541,2024-12,3.8,2,17,1,FALSE,FALSE,211.3,816.29,7.2,7,3.9
EMP002542,2024-12,3.92,3,8,1,FALSE,FALSE,378.5,1036.83,7.3,8.5,3.4
EMP002543,2024-12,3.43,4,0,2,FALSE,FALSE,36.26,48.35,8,7.4,3.1
EMP002544,2024-12,3.98,4,13,2,FALSE,FALSE,363.23,882.11,6.7,6.1,4.1
EMP002545,2024-12,3.84,3,17,0,FALSE,FALSE,196.36,846.5,6.8,6.6,3.8
EMP002546,2024-12,4.15,4,8,0,FALSE,FALSE,319.13,991.31,9.2,8.4,4.3
EMP002547,2024-12,3.58,2,3,0,FALSE,FALSE,109.05,317.19,7.9,7.4,3.1
EMP002548,2024-12,3.75,3,17,1,FALSE,FALSE,145.24,820.92,8.7,7.8,3.8
EMP002549,2024-12,3.81,2,5,0,FALSE,FALSE,394.65,1187.06,7.3,8.1,3.8
EMP002550,2024-12,4.02,4,9,2,FALSE,FALSE,101.98,694.36,7.7,8.2,3.9
EMP002551,2024-12,4.14,4,2,0,FALSE,FALSE,158.31,75.85,8.2,8.3,4.4
EMP002553,2024-12,4.44,4,20,1,FALSE,FALSE,1112.69,1543.16,9.3,8.5,4.7
EMP002554,2024-12,4.24,8,9,0,FALSE,FALSE,467.96,478,8.8,8.3,4.5
EMP002555,2024-12,4.23,2,7,0,FALSE,FALSE,363.66,885.12,8.1,7.9,4.7
EMP002556,2024-12,3.22,1,8,1,FALSE,FALSE,78.96,666.4,6.2,7.5,3.1
EMP002557,2024-12,3.96,3,7,2,FALSE,FALSE,387.58,1073.04,8.6,8.6,4.1
EMP002558,2024-12,4.33,3,22,0,FALSE,FALSE,813.62,1366.7,6.2,6.8,4.4
EMP002559,2024-12,3.65,1,8,1,FALSE,FALSE,110.99,709.83,7,8.3,3.5
EMP002560,2024-12,4.33,3,3,1,FALSE,FALSE,624.7,523.92,9.2,8.5,4
EMP002561,2024-12,4.5,8,18,0,FALSE,FALSE,965.52,1371.29,6.4,5.7,4.5
EMP002562,2024-12,3.94,1,5,1,FALSE,FALSE,61.55,254.64,8.3,6.8,4.8
EMP002564,2024-12,3.78,4,4,1,FALSE,FALSE,170.78,339.21,8,7.9,3.6
EMP002566,2024-12,3.69,5,9,0,FALSE,FALSE,78.78,539.49,7.8,8.9,3.5
EMP002567,2024-12,4.25,0,15,2,FALSE,FALSE,873.71,1359.2,8.1,8.2,3.7
EMP002571,2024-12,4.79,4,2,1,FALSE,FALSE,1264.5,207.57,7.2,6.5,5
EMP002573,2024-12,3.68,4,12,0,FALSE,FALSE,457.19,1151.77,6.2,7.5,4
EMP002574,2024-12,4.35,3,15,0,FALSE,FALSE,410.17,1158.81,10,8.7,4.4
EMP002575,2024-12,3.75,4,3,1,FALSE,FALSE,78.84,261.07,8.9,8.4,4.3
EMP002576,2024-12,3.58,4,14,1,FALSE,FALSE,147.95,749.01,4.6,5,3.8
EMP002577,2024-12,3.74,1,6,0,FALSE,FALSE,106.7,328.6,4.9,5.1,3.4
EMP002578,2024-12,4.24,10,21,1,FALSE,FALSE,1025.07,1631.3,9.8,9.1,4.5
EMP002579,2024-12,3.6,2,12,0,FALSE,FALSE,154.13,843.91,5.2,5.9,4
EMP002580,2024-12,4.36,2,4,1,FALSE,FALSE,309.1,442.61,10,9.4,4.3
EMP002581,2024-12,4.19,6,20,0,FALSE,FALSE,900.98,1654.95,6.9,7.9,4.8
EMP002582,2024-12,4.34,10,20,0,FALSE,FALSE,795.61,1167.39,5.7,6,4
EMP002583,2024-12,3.43,4,18,0,FALSE,FALSE,88.94,566.14,4.7,3.6,3.2
EMP002584,2024-12,3.21,3,7,0,FALSE,FALSE,52.39,220.83,7.4,6.7,3.2
EMP002585,2024-12,3.66,3,20,0,FALSE,FALSE,96.94,649.32,7.7,7.9,3.8
EMP002586,2024-12,4.05,6,7,0,FALSE,FALSE,226.9,903.55,7.4,7,4.3
EMP002587,2024-12,3.58,4,14,3,FALSE,FALSE,179.08,731.55,6.6,5.9,3.6
EMP002589,2024-12,3.15,0,16,2,FALSE,FALSE,164.46,911.94,7,7.9,3.3
EMP002590,2024-12,4.1,2,17,1,FALSE,FALSE,347.01,1119.89,8.4,8.4,3.9
EMP002591,2024-12,3.08,2,6,1,FALSE,FALSE,64.3,57.85,4.3,5.5,3.4
EMP002592,2024-12,4.1,8,23,1,FALSE,FALSE,655.44,1158.33,7.9,8,4.4
EMP002593,2024-12,3.92,1,9,0,FALSE,FALSE,181.2,896.25,6.9,5.4,3.9
EMP002595,2024-12,3.38,3,12,3,FALSE,FALSE,95.12,728.55,5.9,6.4,3.2
EMP002596,2024-12,4.23,4,13,1,FALSE,FALSE,416.01,1058.84,7.7,7.2,4.1
EMP002600,2024-12,4.3,7,13,0,FALSE,FALSE,813.34,1567.39,7.6,6.9,4.6
EMP002601,2024-12,4.22,5,8,0,FALSE,FALSE,374.55,1090.18,6.8,7.3,4.1
EMP002603,2024-12,3.56,2,12,0,FALSE,FALSE,149.56,783.09,6.3,6.4,3.5
EMP002604,2024-12,3.73,2,20,0,FALSE,FALSE,170.72,709.7,7.8,7.3,4
EMP002605,2024-12,4.36,6,15,0,FALSE,FALSE,861.48,1377.19,8.6,9.7,4.6
EMP002606,2024-12,4.63,7,14,0,FALSE,FALSE,1818.11,1891.79,10,9.5,4.6
EMP002607,2024-12,3.96,2,15,0,FALSE,FALSE,215.15,907.63,5.7,6.2,4.1
EMP002608,2024-12,4.32,5,22,0,FALSE,FALSE,857.37,1297.22,7.3,7.3,4.6
EMP002609,2024-12,3.49,1,14,1,FALSE,FALSE,136.08,799.25,8,7.6,3.5
EMP002610,2024-12,3.93,2,12,0,FALSE,FALSE,378.58,1073.1,7.9,8.1,3.5
EMP002611,2024-12,3.38,2,4,0,FALSE,FALSE,47.12,205.02,9,8.8,3.6
EMP002612,2024-12,3.34,5,15,1,FALSE,FALSE,125.26,769.23,6.2,6.2,3.6
EMP002613,2024-12,3.32,6,3,0,FALSE,FALSE,63.98,74.74,4.5,4.3,3.4
EMP002615,2024-12,3.67,0,10,3,FALSE,FALSE,195.21,866.94,7.4,7.2,3.6
EMP002616,2024-12,4.3,5,9,0,FALSE,FALSE,673.7,600.01,8.2,6.8,4.1
EMP002618,2024-12,4.43,5,24,0,FALSE,FALSE,1119.98,1504.9,9,9.6,4.8
EMP002619,2024-12,3.99,1,13,0,FALSE,FALSE,103.15,622.36,5.1,4.6,4.1
EMP002620,2024-12,3.4,4,8,1,FALSE,FALSE,76.36,638.19,6.7,6.3,3.2
EMP002621,2024-12,4.56,3,8,0,FALSE,FALSE,435.54,1119.21,7.5,6.5,4.5
EMP002622,2024-12,3.88,3,6,1,FALSE,FALSE,457.63,489.01,6.6,6.3,3.6
EMP002623,2024-12,3.35,0,8,2,FALSE,FALSE,96.02,322.92,6,5.5,3.4
EMP002624,2024-12,3.71,1,5,1,FALSE,FALSE,203.83,347.19,7.5,7.2,3.7
EMP002625,2024-12,4.45,2,12,1,FALSE,FALSE,479.33,1126.73,8.1,8.7,3.8
EMP002626,2024-12,3.7,0,12,0,FALSE,FALSE,99.12,708,7.8,7.5,3.9
EMP002627,2024-12,3.72,3,5,1,FALSE,FALSE,73.8,257.15,7.2,7.9,3.8
EMP002628,2024-12,3.95,8,17,0,FALSE,FALSE,648.07,1226.74,7.1,6.9,3.9
EMP002629,2024-12,3.5,1,10,0,FALSE,FALSE,207.36,867.35,8.8,8.9,3.6
EMP002630,2024-12,3.24,2,9,1,FALSE,FALSE,123.06,705.85,7.8,6.5,3.1
EMP002631,2024-12,4.32,3,20,1,FALSE,FALSE,1051.22,1397.58,9.4,9.5,4.9
EMP002633,2024-12,3.83,4,11,2,FALSE,FALSE,528.82,1229.83,6.1,7.3,3.8
EMP002634,2024-12,4.2,5,1,1,FALSE,FALSE,184.22,95.77,7.5,7.1,4.2
EMP002635,2024-12,3.78,4,14,0,FALSE,FALSE,384.62,1205.3,5.6,4.9,4.2
EMP002636,2024-12,3.97,4,17,1,FALSE,FALSE,381.22,956.05,7,6.5,4
EMP002637,2024-12,4.2,3,16,0,FALSE,FALSE,493.26,1249.99,8,7.8,4.2
EMP002638,2024-12,4.4,4,9,0,FALSE,FALSE,557.71,444.66,9.7,8.9,4.3
EMP002639,2024-12,4.17,2,5,0,FALSE,FALSE,398.62,1087.14,8.9,8.8,4.2
EMP002640,2024-12,3.16,4,9,0,FALSE,FALSE,181.88,864.61,7.3,7.7,2.9
EMP002641,2024-12,3.8,0,13,0,FALSE,FALSE,389.38,1212.16,6.4,7.4,4.2
EMP002642,2024-12,3.15,5,16,1,FALSE,FALSE,78.08,572.28,7.2,7.6,3.4
EMP002643,2024-12,3.98,2,13,2,FALSE,FALSE,377.29,972.71,5.6,5.9,3.9
EMP002644,2024-12,4.52,3,5,1,FALSE,FALSE,348.88,97.77,7.6,8,4.2
EMP002645,2024-12,3.78,4,13,1,FALSE,FALSE,487.85,1148.69,7.5,6.8,3.9
EMP002646,2024-12,4.39,12,19,0,FALSE,FALSE,2561.84,2842.89,9.6,7.8,4.2
EMP002647,2024-12,3.15,0,14,1,FALSE,FALSE,72.68,661.56,7.6,7,3.1
EMP002648,2024-12,4.11,1,16,1,FALSE,FALSE,151.95,723.01,7.3,5,3.5
EMP002649,2024-12,4.15,9,17,0,FALSE,FALSE,803.82,1367.88,6.1,6.6,4.4
EMP002650,2024-12,4,8,5,1,FALSE,FALSE,275.22,106.21,9.9,9.7,3.9
EMP002651,2024-12,4.14,2,17,0,FALSE,FALSE,365.43,1006.85,9.9,9.5,4.8
EMP002652,2024-12,3.45,1,11,0,FALSE,FALSE,155.63,690.23,7.1,6.8,3.5
EMP002653,2024-12,4.41,3,24,0,FALSE,FALSE,1489.68,1798.81,10,10,4.6
EMP002654,2024-12,3.22,3,3,0,FALSE,FALSE,23.73,42.73,8.3,7.7,3.5
EMP002655,2024-12,3.98,5,2,1,FALSE,FALSE,110.08,325,7,7.8,4.5
EMP002656,2024-12,4,2,9,0,FALSE,FALSE,228.88,907.57,7.9,8.1,3.9
EMP002657,2024-12,3.75,0,14,1,FALSE,FALSE,151.27,743.23,7.5,8.2,3.9
EMP002658,2024-12,3.55,1,10,3,FALSE,FALSE,113.2,706.73,8,7.8,3.3
EMP002659,2024-12,3.73,2,6,1,FALSE,FALSE,224.22,375.63,6.6,6.3,3.7
EMP002661,2024-12,4.35,6,26,0,FALSE,FALSE,994.89,1605.06,10,10,4.7
EMP002663,2024-12,4.14,3,10,1,FALSE,FALSE,325.38,1011.89,6.7,5.9,4.2
EMP002664,2024-12,4.5,2,17,0,FALSE,FALSE,474.44,1007.73,8.3,8.3,4.6
EMP002665,2024-12,3.97,4,11,0,FALSE,FALSE,360.63,1040.58,7.2,6.3,4.2
EMP002666,2024-12,4.31,5,23,0,FALSE,FALSE,785.05,1346.67,8.2,7.7,4.5
EMP002667,2024-12,4.37,5,4,1,FALSE,FALSE,1004.1,139.93,9,9.3,4.6
EMP002668,2024-12,3.41,4,14,0,FALSE,FALSE,93.79,617,6.4,6,3.2
EMP002669,2024-12,3.83,3,3,0,FALSE,FALSE,235.15,370.81,8.5,7.7,3.6
EMP002670,2024-12,4.14,1,20,0,FALSE,FALSE,186.36,700.71,7.5,7.6,4.3
EMP002671,2024-12,3.39,1,3,1,FALSE,FALSE,115.25,327.44,5.1,4.8,3.3
EMP002676,2024-12,4.43,0,11,0,FALSE,FALSE,414.22,1059.1,7.7,6.7,4.4
EMP002677,2024-12,4.5,4,26,0,FALSE,FALSE,912.32,1479.36,7.5,7.4,4.6
EMP002678,2024-12,3.79,3,7,0,FALSE,FALSE,258.88,359.4,8.3,8.5,3.7
EMP002679,2024-12,3.59,2,19,2,FALSE,FALSE,147.78,852.18,5.1,4.6,3.6
EMP002680,2024-12,4.16,7,18,0,FALSE,FALSE,700.36,1275.09,10,10,4.6
EMP002681,2024-12,3.28,2,19,0,FALSE,FALSE,81.54,585.53,6.1,5.4,3.8
EMP002682,2024-12,3.06,2,12,0,FALSE,FALSE,79.82,673.7,5.4,5.9,2.7
EMP002684,2024-12,4.45,2,9,0,FALSE,FALSE,231.92,375.39,8.2,8.8,4.4
EMP002685,2024-12,4.21,2,6,0,FALSE,FALSE,106.64,295.53,8.1,9.7,4.6
EMP002686,2024-12,3.99,1,11,0,FALSE,FALSE,329.35,930.64,7.2,7.7,4
EMP002687,2024-12,3.95,0,15,2,FALSE,FALSE,381.43,977.83,7.6,7.3,4.3
EMP002688,2024-12,4.09,3,5,0,FALSE,FALSE,680.33,598.4,7,6.9,3.9
EMP002689,2024-12,3.72,1,0,1,FALSE,FALSE,82.59,64.65,7.8,7.7,4.2
EMP002690,2024-12,4.41,4,18,1,FALSE,FALSE,695.85,1200.67,6.6,5.9,4.9
EMP002691,2024-12,3.97,1,5,2,FALSE,FALSE,202.9,363.28,6.9,6.5,3.8
EMP002692,2024-12,4.71,6,12,0,FALSE,FALSE,1003.04,1311.36,9,9.2,4.3
EMP002693,2024-12,4.12,7,28,2,FALSE,FALSE,761.25,1236.1,8.1,8.2,4.3
EMP002694,2024-12,4.63,3,20,1,FALSE,FALSE,860.68,1587.45,9.2,8.1,4.9
EMP002695,2024-12,4.2,4,18,1,FALSE,FALSE,729.75,1408.73,6.5,6.2,3.7
EMP002696,2024-12,3.86,2,20,0,FALSE,FALSE,63.64,532.53,7.2,5.8,3.8
EMP002697,2024-12,3.45,4,13,1,FALSE,FALSE,156.18,836.06,7.4,6.8,3.3
EMP002701,2024-12,4.25,5,22,1,FALSE,FALSE,815.85,1589.8,7,7.7,4.1
EMP002702,2024-12,3.8,2,13,1,FALSE,FALSE,353.99,971.59,6.2,6.1,3.7
EMP002704,2024-12,3.58,4,11,0,FALSE,FALSE,67.37,570.55,6,5.7,3.4
EMP002707,2024-12,3.98,1,18,0,FALSE,FALSE,440.16,1151.84,8.2,8,4.4
EMP002708,2024-12,4.67,1,6,0,FALSE,FALSE,274.4,326.27,9.6,10,4.6
EMP002709,2024-12,3.44,3,9,0,FALSE,FALSE,82.82,717.47,5.8,6,3.4
EMP002710,2024-12,3.85,2,7,1,FALSE,FALSE,165.68,328.12,7.2,6.3,4
EMP002711,2024-12,4.02,5,4,0,FALSE,FALSE,291.65,431.2,8.4,8.4,3.9
EMP002712,2024-12,3.33,2,11,1,FALSE,FALSE,172.92,867.81,4.7,3.4,3.4
EMP002713,2024-12,4.65,4,8,0,FALSE,FALSE,527.32,504.93,8.2,7.8,4.3
EMP002714,2024-12,4.08,2,21,2,FALSE,FALSE,809.77,1409.49,7,7.6,4.1
EMP002715,2024-12,4.53,1,16,0,FALSE,FALSE,191.57,838.21,7.3,8.7,4.7
EMP002716,2024-12,3.65,2,10,0,FALSE,FALSE,188.59,781.63,7.2,6.7,3.4
EMP002717,2024-12,4.18,6,3,1,FALSE,FALSE,240.88,92.16,7.3,7.7,4.8
EMP002719,2024-12,3.86,2,4,2,FALSE,FALSE,45.16,214.69,7.5,6.6,4.1
EMP002721,2024-12,3.74,2,5,0,FALSE,FALSE,164.31,315.27,4.7,5.3,4
EMP002723,2024-12,3.37,3,6,2,FALSE,FALSE,145.67,858.53,6.7,6.3,3.4
EMP002724,2024-12,3.62,2,14,0,FALSE,FALSE,331.07,880.43,6.5,6.5,3.4
EMP002726,2024-12,3.7,1,11,0,FALSE,FALSE,143.41,778.06,5.2,5.8,3.8
EMP002727,2024-12,4.12,8,12,2,FALSE,FALSE,980.3,1325.46,6.9,7,4
EMP002728,2024-12,3.35,0,8,0,FALSE,FALSE,385.64,1045.47,4.7,4.3,3.2
EMP002730,2024-12,3.41,3,14,2,FALSE,FALSE,222,925.76,7.6,7.7,3.9
EMP002731,2024-12,3.6,5,13,1,FALSE,FALSE,832.31,1387.84,7.7,7.4,3.8
EMP002732,2024-12,4.29,2,1,1,FALSE,FALSE,391.76,74.33,9.3,7.9,4.1
EMP002733,2024-12,4.03,3,11,0,FALSE,FALSE,375.29,999.8,8,8.2,4
EMP002734,2024-12,4.14,3,12,1,FALSE,FALSE,490.42,1128.01,9.7,10,4.4
EMP002735,2024-12,4.3,0,19,0,FALSE,FALSE,948.19,1706.05,9.2,7.1,3.9
EMP002736,2024-12,4.17,4,19,0,FALSE,FALSE,844.7,1317.24,8.2,7.6,4.4
EMP002738,2024-12,4.22,1,14,0,FALSE,FALSE,493.47,1054.32,9.7,10,4.3
EMP002739,2024-12,4.06,4,19,0,FALSE,FALSE,1042.58,1664.77,8.2,7.7,3.6
EMP002740,2024-12,3.58,2,13,1,FALSE,FALSE,84.85,638.1,8.2,8.5,3.3
EMP002742,2024-12,3.95,2,6,4,FALSE,FALSE,62.56,226.19,8,8.6,3.7
EMP002743,2024-12,4.04,1,17,1,TRUE,TRUE,180.51,850.15,8.1,8.7,4.3
EMP002744,2024-12,3.48,1,11,1,FALSE,FALSE,65.27,524.88,7.4,8.7,3
EMP002745,2024-12,3.84,2,17,1,FALSE,FALSE,425.84,1057.61,6.7,6.4,4
EMP002746,2024-12,3.89,1,1,0,FALSE,FALSE,128.87,300.07,7.1,6.7,3.8
EMP002747,2024-12,4.41,7,4,0,FALSE,FALSE,487.19,502.16,7.6,7.5,4.2
EMP002748,2024-12,3.98,6,18,0,FALSE,FALSE,1171.1,1692.4,6.4,6.1,3.8
EMP002749,2024-12,3.63,1,13,2,FALSE,FALSE,98.52,644.14,6.4,7.5,3.3
EMP002751,2024-12,3.48,0,14,1,FALSE,FALSE,170.94,883.76,6.3,5.4,4.2
EMP002752,2024-12,4.54,4,17,4,FALSE,FALSE,1285.87,1736.06,7.2,6.6,4.9
EMP002753,2024-12,4.34,5,14,3,FALSE,FALSE,739.42,574.12,8,6.9,4.6
EMP002754,2024-12,3.44,2,14,1,FALSE,FALSE,105.97,659.1,8.1,7.9,3.7
EMP002755,2024-12,3.88,3,13,0,FALSE,FALSE,353.48,991.85,6.8,6.2,3.5
EMP002756,2024-12,4.08,6,12,0,FALSE,TRUE,373.17,1001.02,6.4,6.7,3.6
EMP002759,2024-12,3.92,4,8,0,FALSE,FALSE,599.26,629.15,6.7,7.3,4.1
EMP002761,2024-12,4.35,5,14,0,FALSE,FALSE,169.77,773.35,8.2,8.2,4
EMP002762,2024-12,4.38,12,22,0,FALSE,FALSE,1223.79,1695.75,5.7,5,4.1
EMP002763,2024-12,3.51,6,12,0,FALSE,FALSE,157.95,908.05,7.7,8.6,3.1
EMP002764,2024-12,3.75,2,16,0,FALSE,FALSE,99.23,616.02,6.6,7,3.6
EMP002767,2024-12,4.33,3,16,1,FALSE,FALSE,544.45,1190.85,8.6,8.6,4.3
EMP002771,2024-12,3.67,2,3,1,FALSE,FALSE,106.51,276.5,4.8,4.2,4
EMP002772,2024-12,4.1,2,5,1,FALSE,FALSE,57.56,207.09,7.1,8.3,3.8
EMP002774,2024-12,4.2,5,9,0,FALSE,FALSE,452.89,488.02,9.5,8.7,4.2
EMP002776,2024-12,2.34,2,12,2,FALSE,FALSE,57.95,549.46,2.6,2.4,2.1
EMP002777,2024-12,4.66,1,23,2,FALSE,FALSE,1099.72,1353.71,10,9.2,5
EMP002778,2024-12,4.29,1,6,1,FALSE,FALSE,251.85,342.08,8.1,9,3.9
EMP002779,2024-12,3.8,2,15,0,FALSE,FALSE,148.04,750.74,7.3,7.4,3.9
EMP002780,2024-12,4.11,3,15,0,FALSE,FALSE,950.4,1691.97,5.1,5.2,4.1
EMP002781,2024-12,4.14,5,22,0,FALSE,FALSE,1064.63,1536.5,6.9,6,3.9
EMP002782,2024-12,4.21,5,8,1,FALSE,FALSE,642.65,626.73,6.6,6.4,4.6
EMP002784,2024-12,3.92,3,18,0,FALSE,FALSE,361.42,1178.17,6.8,6.9,4.1
EMP002785,2024-12,4.44,7,15,0,FALSE,FALSE,935.48,1683.66,10,8.7,4.5
EMP002786,2024-12,4.27,3,16,1,TRUE,FALSE,1002.8,1566.98,7.5,7.8,4.1
EMP002787,2024-12,3.52,1,15,1,FALSE,FALSE,204.96,879.21,7.1,7.4,3.6
EMP002789,2024-12,4.38,1,8,0,FALSE,FALSE,504.86,1119.91,8.5,8.6,4.3
EMP002790,2024-12,2.89,2,7,0,FALSE,FALSE,98.36,685.6,7,7.1,2.7
EMP002792,2024-12,4.23,7,23,1,FALSE,FALSE,1321.9,1752.15,7.7,7.8,4
EMP002793,2024-12,3.76,1,7,1,FALSE,FALSE,199.18,900.41,5.1,5.3,3.9
EMP002794,2024-12,4.17,5,18,0,FALSE,TRUE,801.75,1332.2,9.3,10,4.3
EMP002796,2024-12,4.04,2,18,2,FALSE,FALSE,738.1,1338.74,8.3,9.6,4.3
EMP002797,2024-12,4.52,1,0,0,FALSE,FALSE,377.2,82.45,7.5,7,4.8
EMP002798,2024-12,3.34,1,7,0,FALSE,FALSE,42.48,199.3,6.5,5.7,3.1
EMP002799,2024-12,3.74,0,9,1,FALSE,FALSE,97.96,727.73,8.5,9.2,3.7
EMP002800,2024-12,4.02,0,16,1,FALSE,FALSE,374.29,990.96,9.4,8.6,4
EMP002801,2024-12,3.86,2,14,0,FALSE,FALSE,151.86,811.36,6.5,6.9,4.2
EMP002802,2024-12,4.61,4,18,0,TRUE,FALSE,1207.8,1564.98,8.6,7.5,4.8
EMP002803,2024-12,3.74,2,12,1,FALSE,FALSE,205.97,859.85,6.8,5.9,4.1
EMP002804,2024-12,4.44,3,21,0,FALSE,FALSE,510.05,1070.12,6.9,7.2,4.4
EMP002805,2024-12,3.64,4,12,0,FALSE,FALSE,265.36,919.74,8.5,9.4,3.8
EMP002806,2024-12,4.51,4,15,0,FALSE,FALSE,570.23,1239.07,6.7,6.6,4.9
EMP002807,2024-12,3.46,2,21,1,FALSE,FALSE,192.45,814.85,5.8,6.7,4
EMP002808,2024-12,4.12,7,25,0,FALSE,FALSE,1071.85,1520.98,7.6,8.8,3.9
EMP002809,2024-12,4.34,3,20,1,FALSE,TRUE,895.41,1281.68,8.4,8.4,4.1
EMP002810,2024-12,4.45,9,8,0,FALSE,FALSE,635.91,564.65,7,7.1,4.6
EMP002811,2024-12,4.66,7,22,1,FALSE,FALSE,921.41,1152.33,9.3,8.5,4.4
EMP002812,2024-12,4.13,3,5,0,FALSE,FALSE,594.08,536.75,6.8,6.8,4.2
EMP002813,2024-12,4.07,3,15,1,FALSE,FALSE,201.09,878.1,7,6.7,4.3
EMP002815,2024-12,3.58,2,14,2,FALSE,FALSE,166.82,794.65,7,7.4,3.6
EMP002816,2024-12,3.89,2,11,0,FALSE,FALSE,376.94,962.85,7.7,9,4.7
EMP002817,2024-12,3.08,3,15,2,FALSE,FALSE,80.34,572.73,7.4,7.3,3.3
EMP002818,2024-12,4.28,4,20,0,FALSE,FALSE,440.56,1092.93,6.2,6.7,4.6
EMP002819,2024-12,3.84,3,20,1,FALSE,FALSE,148.31,802.19,9.5,9.9,3.8
EMP002821,2024-12,3.45,3,1,1,FALSE,FALSE,59.88,59.51,7.2,7.7,3.4
EMP002823,2024-12,4.23,1,24,1,FALSE,FALSE,482.71,1143.48,7,7.3,4.1
EMP002824,2024-12,4.16,2,12,0,FALSE,FALSE,104.51,606.71,8.6,7.6,4.5
EMP002825,2024-12,4.56,0,3,0,FALSE,FALSE,85.8,243.14,6.5,6.9,4.5
EMP002826,2024-12,4.35,0,10,0,FALSE,FALSE,527.7,1217.64,6.6,6.3,4.7
EMP002827,2024-12,3.41,3,14,0,FALSE,FALSE,165.41,718.61,6.7,6.3,3.8
EMP002828,2024-12,3.55,2,13,0,FALSE,FALSE,150.98,787,6.8,6.7,3.2
EMP002830,2024-12,4.39,1,8,3,FALSE,TRUE,492.9,432.38,8.5,8.8,4.4
EMP002831,2024-12,4.14,1,15,0,FALSE,FALSE,166.58,809.64,7.1,7.2,4.6
EMP002832,2024-12,3.85,0,6,0,FALSE,FALSE,98.54,600.47,4.6,4.6,4
EMP002833,2024-12,4.19,2,16,1,FALSE,FALSE,430.48,1062.65,4.8,5,4.4
EMP002835,2024-12,3.09,4,4,2,FALSE,FALSE,44.34,223.61,6.9,7,2.7
EMP002836,2024-12,4.66,2,25,1,FALSE,FALSE,928.28,1503.79,5.4,6.7,4.6
EMP002837,2024-12,3.96,10,17,0,FALSE,FALSE,765.58,1302.39,6.1,6.4,4.4
EMP002838,2024-12,4.3,2,6,0,FALSE,FALSE,502.22,479.46,8,6.5,4.1
EMP002839,2024-12,3.99,4,13,1,FALSE,FALSE,374.19,908.67,6.7,7.7,4.5
EMP002840,2024-12,4.24,3,17,0,FALSE,FALSE,748.39,1148.4,7.2,6.9,4.1
EMP002842,2024-12,3.95,7,15,0,FALSE,FALSE,700.58,1295.68,8.3,9.4,3.8
EMP002843,2024-12,4.32,1,12,0,FALSE,FALSE,439.47,512.05,7.4,6.4,4.3
EMP002845,2024-12,3.64,2,19,3,FALSE,FALSE,86.87,623.44,5.9,5.7,3.4
EMP002846,2024-12,4.6,3,22,0,FALSE,FALSE,1086.14,1355.47,8.1,9.5,4.6
EMP002848,2024-12,4.15,2,19,1,FALSE,FALSE,165.57,723.07,7.8,9,4
EMP002849,2024-12,2.98,2,8,1,FALSE,FALSE,74.98,661.73,6.6,7.8,2.8
EMP002853,2024-12,3.75,2,10,3,FALSE,FALSE,160.94,866.03,6.7,8.5,3.8
EMP002854,2024-12,3.62,3,3,3,FALSE,TRUE,115.26,317.78,7.8,8.9,3.2
EMP002855,2024-12,3.86,0,15,1,FALSE,FALSE,351.82,979.24,7.3,6.5,3.8
EMP002856,2024-12,3.76,1,9,2,FALSE,FALSE,391.75,1227.7,6.8,7.5,4.2
EMP002857,2024-12,3.54,2,13,1,FALSE,FALSE,154.65,903.58,7.3,7.3,3
EMP002858,2024-12,4.14,2,19,2,FALSE,FALSE,436.25,1165.78,7.2,6,4.2
EMP002861,2024-12,4.31,3,19,1,FALSE,FALSE,747.61,1151.37,6.8,5.7,4.2
EMP002862,2024-12,3.5,3,5,3,FALSE,FALSE,47.85,212.48,6.4,6.3,3.2
EMP002863,2024-12,3.23,4,15,0,FALSE,FALSE,68.17,544.36,10,9,3.3
EMP002864,2024-12,4.28,5,27,1,FALSE,FALSE,1081.9,1436.54,8.9,8.5,4.6
EMP002866,2024-12,3.76,6,17,0,FALSE,FALSE,830.17,1305.09,6.4,6.9,3.4
EMP002867,2024-12,4.1,1,9,1,FALSE,FALSE,223.39,827.77,7,7.1,4.5
EMP002868,2024-12,3.29,1,4,1,FALSE,FALSE,249.32,395.89,7.9,7.3,3.2
EMP002869,2024-12,3.04,4,13,1,FALSE,FALSE,167.74,815.53,6.8,7.1,3.2
EMP002870,2024-12,4.35,4,12,1,FALSE,FALSE,901.48,1194.47,7.5,6.2,3.8
EMP002871,2024-12,4.72,7,26,0,FALSE,FALSE,2524.64,2658.37,6.5,7.6,5
EMP002872,2024-12,3.71,3,5,0,FALSE,FALSE,53.28,194.64,6.9,6.8,3.9
EMP002873,2024-12,4.48,2,11,2,FALSE,FALSE,966.52,1746.24,10,9.6,4.9
EMP002876,2024-12,4.17,2,10,1,FALSE,FALSE,398.72,1187,7.3,8.1,4.2
EMP002877,2024-12,4.59,4,8,1,FALSE,FALSE,1471.03,759.62,8.9,9.5,4
EMP002878,2024-12,3.31,0,10,0,FALSE,FALSE,74.73,680.02,8.1,8.3,3.2
EMP002879,2024-12,3.81,2,15,0,FALSE,FALSE,470.05,1201.73,7.7,8.4,3.4
EMP002880,2024-12,4.15,3,3,1,FALSE,FALSE,94.84,283.78,7.9,7,3.2
EMP002881,2024-12,3.36,1,12,1,FALSE,FALSE,86.11,654.37,6.7,6.2,3.2
EMP002883,2024-12,3.69,4,3,0,FALSE,FALSE,320.86,1110.93,6.1,5.5,3.5
EMP002884,2024-12,4.39,7,27,0,FALSE,FALSE,1018.75,1476.1,8.8,8.3,4.4
EMP002885,2024-12,3.25,2,6,2,FALSE,FALSE,46.79,195.8,6.8,8.1,2.9
EMP002886,2024-12,4.18,3,10,1,FALSE,FALSE,171.79,751.95,7.5,5.9,4.2
EMP002887,2024-12,4.14,0,1,1,FALSE,FALSE,487.28,88.44,8.2,7.2,4.5
EMP002889,2024-12,4.2,0,8,1,FALSE,FALSE,198.79,777.77,6.4,6.3,4.5
EMP002890,2024-12,3.87,2,13,2,FALSE,FALSE,437.98,1229.45,8.1,8,3.9
EMP002891,2024-12,4.51,3,22,1,FALSE,FALSE,796.36,1452.83,8.5,7.1,4.5
EMP002893,2024-12,3.99,4,2,1,FALSE,FALSE,70.05,242.73,8.1,7,3.9
EMP002894,2024-12,3.05,1,13,0,FALSE,FALSE,95.82,665.46,5.6,6.9,3.1
EMP002895,2024-12,4.06,1,18,0,FALSE,FALSE,239.6,927.55,10,10,4.5
EMP002896,2024-12,2.95,2,4,1,FALSE,FALSE,66.14,246.26,5.6,5.4,2.4
EMP002897,2024-12,4.04,3,27,0,FALSE,FALSE,795.12,1212.08,6.4,7.9,4.2
EMP002898,2024-12,4.4,3,17,2,FALSE,FALSE,808.97,1410.05,8,7.2,4.3
EMP002899,2024-12,4.03,0,12,1,FALSE,FALSE,401.46,888.03,7,7.6,4.2
EMP002900,2024-12,3.72,1,12,1,FALSE,FALSE,177.06,788.38,9.3,9,3.4
EMP002901,2024-12,4.59,6,25,0,FALSE,FALSE,1061.69,1750.16,7.7,6.6,4.9
EMP002902,2024-12,4.07,5,3,3,FALSE,FALSE,187.74,333.29,6.5,5.4,4.1
EMP002903,2024-12,3.47,2,14,1,FALSE,FALSE,449.76,1221.55,6,5.7,3.9
EMP002904,2024-12,4.32,7,21,1,FALSE,FALSE,1226.68,1619.59,8,7.4,4.6
EMP002905,2024-12,4.83,7,15,0,FALSE,FALSE,928.87,1286.97,8.6,7.1,4.7
EMP002906,2024-12,4.54,3,26,1,FALSE,FALSE,1139.8,1619.06,8.2,9.3,5
EMP002907,2024-12,3.6,0,5,0,FALSE,FALSE,52.8,225.24,6.9,7.6,3.5
EMP002908,2024-12,3.89,2,4,0,FALSE,FALSE,216.29,321.27,6.7,6.5,4
EMP002909,2024-12,3.57,0,16,0,FALSE,FALSE,75.01,595.17,6.2,6.2,3.6
EMP002910,2024-12,3.69,4,15,0,FALSE,FALSE,171.98,907.56,5.6,5.3,3.4
EMP002911,2024-12,4.13,4,7,0,FALSE,FALSE,675.87,588.29,8.8,8.6,3.9
EMP002912,2024-12,3.96,7,2,2,FALSE,FALSE,1071.05,135.51,7.8,7.1,4.5
EMP002913,2024-12,3.66,1,14,0,FALSE,FALSE,157.54,790.59,6.8,6.1,3.4
EMP002914,2024-12,4.23,8,22,0,FALSE,FALSE,717.27,1333.08,6.9,8,3.9
EMP002915,2024-12,4.02,4,20,0,FALSE,FALSE,953.38,1373.01,7.5,7.3,3.8
EMP002916,2024-12,3.96,2,14,2,FALSE,FALSE,167.91,843.55,6.4,6.4,4
EMP002917,2024-12,3.73,3,9,0,FALSE,FALSE,352.19,910,7.4,8.4,3.5
EMP002918,2024-12,4.53,2,12,0,FALSE,FALSE,556.22,1124.82,8.7,8,4.7
EMP002919,2024-12,3.68,0,4,0,FALSE,FALSE,57.17,261.82,5.5,6,3.4
EMP002920,2024-12,3.65,1,5,0,FALSE,FALSE,101.19,240.45,8,6.7,3.8
EMP002921,2024-12,4.18,10,25,2,FALSE,FALSE,871.16,1343.71,7.3,8.4,4.2
EMP002922,2024-12,3.87,1,12,1,FALSE,FALSE,321.57,444.18,7.8,8.7,3.9
EMP002923,2024-12,4.22,1,14,0,FALSE,FALSE,338.32,913.17,8,8.2,4.2
EMP002924,2024-12,4.29,3,12,0,FALSE,FALSE,812.15,1379.3,6.8,6.9,4
EMP002926,2024-12,3.96,3,17,1,FALSE,FALSE,460.98,1155.92,6.9,6.5,3.8
EMP002927,2024-12,3.01,2,16,2,FALSE,FALSE,74.26,527.98,7.6,7.6,3.5
EMP002928,2024-12,4.34,1,12,1,FALSE,FALSE,398.29,1098.18,7.8,9.9,4.5
EMP002929,2024-12,4.15,0,13,0,FALSE,FALSE,389.24,970.72,9.5,10,4.5
EMP002931,2024-12,3.83,0,9,2,FALSE,FALSE,178.08,929.27,7.4,7.4,4.2
EMP002932,2024-12,4.42,6,22,0,FALSE,FALSE,737.85,1352.27,8.4,9,4.4
EMP002933,2024-12,4.27,4,17,0,FALSE,FALSE,1115.5,1541.08,8.2,7.4,4.3
EMP002934,2024-12,4.24,4,17,0,FALSE,FALSE,1027.86,1560.5,7.2,7.8,4.9
EMP002935,2024-12,4.6,5,9,0,FALSE,FALSE,603.97,494.66,7.5,8.9,4.9
EMP002936,2024-12,3.8,5,3,0,FALSE,FALSE,48.64,55.58,10,9.4,3.9
EMP002937,2024-12,3.78,1,8,0,FALSE,FALSE,140.18,766.04,5.2,6.8,4
EMP002939,2024-12,4.44,6,22,0,FALSE,FALSE,1827.08,1911.77,8.9,9.5,4
EMP002940,2024-12,4.13,4,13,2,FALSE,FALSE,365.81,993.01,8.4,8.3,3.9
EMP002941,2024-12,4.29,2,6,0,FALSE,FALSE,346.19,445.86,7.9,8.8,3.8
EMP002943,2024-12,3.73,2,13,1,FALSE,FALSE,378.24,991.23,8.6,7.8,4
EMP002944,2024-12,2.97,1,8,0,FALSE,FALSE,78.05,540.84,6.8,6.4,3.6
EMP002945,2024-12,4.54,5,19,0,FALSE,FALSE,1114.53,1730.96,6.5,5.1,4.3
EMP002947,2024-12,4.41,4,22,0,FALSE,FALSE,815.58,1193.31,7.1,7.5,4.3
EMP002948,2024-12,3.32,3,10,2,FALSE,FALSE,96.76,693.34,6.5,5.7,2.9
EMP002949,2024-12,3.79,1,3,2,FALSE,FALSE,56.47,233.97,7.1,6.8,4.1
EMP002950,2024-12,3.69,3,15,2,FALSE,FALSE,141.39,817.98,8.2,7.9,3.5
EMP002952,2024-12,4.35,3,15,0,FALSE,FALSE,868.11,1429.94,7.1,7.5,4
EMP002953,2024-12,4.07,2,13,1,FALSE,FALSE,209.06,762.28,5.9,4.8,4.1
EMP002954,2024-12,3.2,2,15,2,FALSE,FALSE,63.75,592.29,5.7,5.7,2.9
EMP002955,2024-12,4.24,5,23,0,FALSE,FALSE,1048.18,1390.69,6.2,5.4,4.5
EMP002956,2024-12,3.29,0,18,0,FALSE,FALSE,93.13,720.99,5.5,5.6,2.6
EMP002957,2024-12,4.18,6,15,0,FALSE,FALSE,682.78,1330.41,7,8.2,4.2
EMP002958,2024-12,4.5,2,5,1,FALSE,FALSE,331.72,445.07,9.4,10,4.8
EMP002960,2024-12,3.83,1,9,1,FALSE,FALSE,98.84,253.04,8.8,8.9,4.2
EMP002961,2024-12,3.85,4,25,0,FALSE,FALSE,714.84,1450.54,6.6,7.5,4.4
EMP002962,2024-12,3.54,1,12,0,FALSE,FALSE,147.72,778.2,5.3,4.1,3.4
EMP002964,2024-12,4.02,3,18,1,FALSE,FALSE,197.11,747.04,5.4,7.5,4.4
EMP002965,2024-12,3.8,5,12,1,FALSE,FALSE,643.87,1289.78,5,4.1,3.9
EMP002966,2024-12,4.04,2,15,0,FALSE,FALSE,403.54,1198.01,7,6.5,4.2
EMP002967,2024-12,3.81,1,16,1,FALSE,FALSE,426.11,1237.39,8.1,9.2,4
EMP002969,2024-12,4.53,6,18,1,FALSE,FALSE,1298.31,1638.06,9.8,10,4.4
EMP002971,2024-12,2.94,1,3,2,FALSE,FALSE,40.56,203.85,3.7,3.2,2.9
EMP002972,2024-12,3.49,1,10,3,FALSE,FALSE,166.88,692.32,7.2,6.6,3.5
EMP002973,2024-12,4.28,5,21,1,FALSE,FALSE,751.6,1284.23,10,10,4.8
EMP002974,2024-12,3.67,1,14,0,FALSE,FALSE,96.15,609.46,6.3,6,3.5
EMP002976,2024-12,3.57,4,4,1,FALSE,FALSE,41.3,218.92,8.7,9.4,3.5
EMP002979,2024-12,3.92,2,15,1,FALSE,FALSE,183.3,834.85,6.6,5.3,4
EMP002981,2024-12,3.89,1,8,2,FALSE,FALSE,136.5,308.53,5.2,5.2,3.3
EMP002982,2024-12,4.33,4,12,0,FALSE,FALSE,176.02,852.48,6.9,7.8,4.4
EMP002983,2024-12,3.97,2,6,0,FALSE,FALSE,188.94,315.74,7.4,6.8,4
EMP002984,2024-12,4.34,3,3,0,FALSE,FALSE,592.84,491.1,8.7,9.9,4.4
EMP002985,2024-12,3.96,3,17,0,FALSE,FALSE,227.59,911.74,5,2.8,3.9
EMP002986,2024-12,4.48,9,28,0,FALSE,TRUE,960.79,1574.63,7.7,8.2,4.4
EMP002988,2024-12,3.91,2,10,0,FALSE,FALSE,283.55,920.94,5.7,5.8,3.8
EMP002989,2024-12,4.32,1,22,0,FALSE,FALSE,826.55,1391,6.4,5.2,4.2
EMP002991,2024-12,3.87,0,13,0,FALSE,FALSE,460.71,1153.29,4.6,3.9,3.6
EMP002992,2024-12,3.56,0,5,2,FALSE,FALSE,87.8,264.65,5.8,5.7,3.5
EMP002993,2024-12,4.2,2,3,0,FALSE,FALSE,152.28,89.09,6.3,6.5,3.5
EMP002994,2024-12,4.35,7,19,1,FALSE,FALSE,949.03,1571.55,6.9,6.4,4.2
EMP002995,2024-12,4.13,1,0,1,FALSE,FALSE,90.52,71.42,8.7,8.4,3.7
EMP002997,2024-12,4.45,4,11,0,FALSE,FALSE,585.91,565.39,9.7,10,4.7
EMP002998,2024-12,3.64,1,11,0,FALSE,FALSE,179.59,759.59,8.2,8.8,3.3
EMP002999,2024-12,3.99,2,1,2,FALSE,FALSE,128.16,293.76,8.2,8.1,3.3
EMP003000,2024-12,4.08,2,7,0,FALSE,FALSE,379.14,1130.82,6.2,6.2,3.8
EMP003001,2024-12,3.73,3,10,0,FALSE,FALSE,163.7,835.13,8.3,7.8,3.9
EMP003003,2024-12,3.98,2,14,0,FALSE,FALSE,330.15,1028.63,8.6,8.3,3.6
EMP003004,2024-12,3.23,3,2,1,FALSE,FALSE,31.83,42.4,6.5,7.7,3
EMP003005,2024-12,4.24,1,2,1,FALSE,FALSE,154.95,70.53,8.3,10,4.3
EMP003007,2024-12,4.49,4,12,2,FALSE,FALSE,534.09,1196.26,8.6,10,4.6
EMP003008,2024-12,3.69,0,8,0,FALSE,FALSE,101.42,681.66,8.2,8.1,4.1
EMP003009,2024-12,3.02,3,13,1,FALSE,FALSE,58.39,540.18,7.1,8.6,2.7
EMP003010,2024-12,4.56,6,6,0,FALSE,FALSE,529.37,453.63,9.1,10,4.2
EMP003011,2024-12,3.6,1,7,1,FALSE,FALSE,46.78,212.23,7.5,8.1,3.7
EMP003012,2024-12,3.79,2,2,2,FALSE,FALSE,222.89,332.91,7.7,7.1,3.9
EMP003013,2024-12,4.19,4,1,0,FALSE,FALSE,174.54,83.8,8.9,9.4,3.4
EMP003014,2024-12,3.27,4,7,0,FALSE,FALSE,81.9,555.1,4.3,3.5,3.1
EMP003015,2024-12,3.2,1,16,0,FALSE,FALSE,68.77,644.66,7.8,7,3.2
EMP003017,2024-12,3.42,1,10,0,FALSE,FALSE,79.95,526.81,8.3,8.2,3.5
EMP003018,2024-12,4.28,2,17,1,FALSE,FALSE,877.12,1264.27,10,9.9,4.6
EMP003020,2024-12,3.63,0,2,0,FALSE,FALSE,113.6,321.74,6.7,5.9,4.2
EMP003021,2024-12,3.87,2,12,1,FALSE,TRUE,115.77,726.16,7.1,7.6,3.8
EMP003022,2024-12,3.69,1,13,1,FALSE,FALSE,107.12,666.68,7,7.1,3.8
EMP003024,2024-12,3.3,0,3,0,FALSE,FALSE,45.72,253.25,6.5,6.7,3.1
EMP003025,2024-12,3.58,0,14,0,FALSE,FALSE,71.37,608,6,6.8,3.9
EMP003026,2024-12,3.8,1,13,1,FALSE,FALSE,154.44,687.17,5.9,6.4,3.6
EMP003027,2024-12,3.98,4,8,0,FALSE,FALSE,107.3,636.06,7.5,8,3.9
EMP003028,2024-12,3.54,2,12,1,FALSE,FALSE,492.85,1206.14,5.2,6.2,3.7
EMP003030,2024-12,3.41,1,11,0,FALSE,FALSE,86.16,701.15,9,9,3.7
EMP003031,2024-12,3.75,3,15,1,FALSE,FALSE,452.52,1069.82,6.4,7.3,3.6
EMP003032,2024-12,3.99,1,12,0,FALSE,FALSE,523.04,1203.93,7.5,7.5,3.7
EMP003033,2024-12,3.52,2,8,0,FALSE,FALSE,66,534.14,6.2,6.8,3.7
EMP003034,2024-12,3.57,2,14,0,FALSE,FALSE,173.68,818.33,6.4,6.1,3.7
EMP003037,2024-12,3.77,2,13,1,FALSE,FALSE,84.61,606.47,8.2,6.6,3.6
EMP003038,2024-12,3.27,4,6,2,FALSE,FALSE,58.88,232.46,6.1,6.9,3.3
EMP003039,2024-12,3.33,1,12,1,FALSE,FALSE,135.24,698.12,5.7,5,3.5
EMP003040,2024-12,3.3,2,15,1,FALSE,FALSE,94.12,687.12,6,6,3.3
EMP003041,2024-12,3.83,2,14,2,FALSE,TRUE,192.45,891.04,8.7,8.9,3.6
EMP003042,2024-12,4.58,6,23,0,FALSE,FALSE,1017.76,1711.13,7.2,4.9,3.6
EMP003043,2024-12,3.29,2,18,2,FALSE,FALSE,89.21,641.5,7,5.8,3.1
EMP003045,2024-12,3.84,1,10,0,FALSE,FALSE,181.11,876.06,6.8,7.9,4
EMP003047,2024-12,3.6,2,19,3,FALSE,FALSE,150.64,839.02,5.2,4.9,3.9
EMP003048,2024-12,3.55,0,18,0,FALSE,FALSE,185.53,878.88,7,5.9,3.9
EMP003049,2024-12,3.59,2,3,1,FALSE,FALSE,50.24,213.62,5.3,5.8,3.1
EMP003050,2024-12,3.41,5,17,3,FALSE,FALSE,116.08,703.45,7.3,6.3,3.3
EMP003051,2024-12,3.8,2,15,0,FALSE,FALSE,65.74,536.16,7.9,8.5,4
EMP003053,2024-12,4.1,2,8,1,FALSE,FALSE,128.75,717.99,6.9,4.9,4.3
EMP003055,2024-12,4.63,11,20,2,FALSE,FALSE,1200.27,1478.48,7.4,6.8,4.6
EMP003056,2024-12,4.29,2,8,2,FALSE,FALSE,105.58,715.29,7.5,8.8,3.8
EMP003058,2024-12,2.92,4,19,0,FALSE,FALSE,53.61,546.5,7.2,8.1,3.7
EMP003059,2024-12,3.5,4,10,2,FALSE,FALSE,323.68,1175.63,5.5,6.2,3.4
EMP003061,2024-12,3.1,0,12,1,FALSE,FALSE,69.27,567.73,5.5,5.1,3.2
EMP003062,2024-12,4.28,0,11,1,FALSE,FALSE,522.02,1216.41,9,9.7,3.9
EMP003063,2024-12,3.46,1,12,0,FALSE,FALSE,95.91,691.99,5.3,6.4,3.5
EMP003064,2024-12,3.43,1,9,0,FALSE,FALSE,58.71,525.63,4.8,5,3.5
EMP003065,2024-12,3.34,1,11,0,FALSE,FALSE,147.82,863.02,6.6,6.3,3
EMP003066,2024-12,3.26,2,8,1,FALSE,FALSE,72.41,538.69,7.3,7.4,3.3
EMP003067,2024-12,3.68,2,15,0,FALSE,FALSE,78.82,686.14,4.1,1.8,3.9
EMP003068,2024-12,3.93,2,16,1,FALSE,FALSE,101.67,626.68,9.2,9.4,3.9
EMP003069,2024-12,3.37,0,16,0,FALSE,FALSE,142.17,751.48,6.3,7.5,3.8
EMP003070,2024-12,3.59,0,11,3,FALSE,TRUE,80.31,610.02,7,6.9,3
EMP003071,2024-12,3.84,4,15,0,FALSE,FALSE,176.19,759.64,8.3,7.9,4
EMP003072,2024-12,3.35,2,6,0,FALSE,FALSE,36.74,194.89,4.2,4.9,3.7
EMP003074,2024-12,4.41,0,5,0,FALSE,FALSE,334,417.98,8,8.2,4.6
EMP003075,2024-12,3.25,0,6,0,FALSE,FALSE,42.57,218.82,6.8,6.4,3.3
EMP003076,2024-12,4,4,17,0,FALSE,FALSE,168.18,754.37,9,8,4.3
EMP003077,2024-12,3.49,1,7,0,FALSE,FALSE,108.25,709.99,6.2,7.3,3.3
EMP003078,2024-12,3.88,2,18,0,FALSE,FALSE,167.95,816.36,8.7,8.7,4
EMP003080,2024-12,3.82,2,13,0,FALSE,FALSE,195.67,753.86,7.4,7.3,4.3
EMP003082,2024-12,4.48,5,12,0,FALSE,FALSE,590.46,1207.78,8,8.8,4.6
EMP003083,2024-12,3.64,2,8,0,FALSE,FALSE,189.13,783.74,6.3,5.3,3.4
EMP003086,2024-12,4.57,4,23,3,FALSE,FALSE,1764.8,2133.8,8.4,7.6,4.7
EMP003088,2024-12,4.06,0,3,1,FALSE,FALSE,64.62,55.75,8.4,9.2,3.9
EMP003089,2024-12,3.9,7,2,0,FALSE,FALSE,224.05,377.74,9.5,9.5,4
EMP003090,2024-12,3.92,1,11,0,FALSE,FALSE,95.16,684.17,10,10,4.4
EMP003091,2024-12,2.99,1,14,2,FALSE,FALSE,51.91,524.55,5.7,6.8,3
EMP003092,2024-12,3.94,6,11,0,FALSE,FALSE,532.29,605.95,8.5,7.2,3.8
EMP003095,2024-12,3.74,1,5,0,FALSE,FALSE,259.93,416.22,8.7,8.3,4
EMP003096,2024-12,3.56,0,7,1,FALSE,FALSE,101.23,296,9,8.8,3.4
EMP003097,2024-12,3.43,0,11,1,FALSE,FALSE,360.45,943.32,6.6,6.9,3.2
EMP003098,2024-12,4.18,2,13,0,FALSE,FALSE,85.79,576.14,7,7.4,4.4
EMP003099,2024-12,3.83,4,12,0,FALSE,FALSE,171.49,770.77,7.6,7.5,4.1
EMP003100,2024-12,3.78,3,10,0,FALSE,FALSE,75.21,547.51,7.7,7.9,3.9
EMP003101,2024-12,4.2,4,0,1,FALSE,FALSE,288.21,112.49,9.6,9.9,4.4
EMP003102,2024-12,3.77,2,4,1,FALSE,FALSE,101.97,305.73,6.4,8,3.9
EMP003103,2024-12,3.52,0,10,1,FALSE,FALSE,85.47,646.2,7.1,6,3.6
EMP003104,2024-12,2.83,6,12,1,FALSE,FALSE,70.49,698.06,7.4,7.1,2.6
EMP003105,2024-12,3.73,1,13,0,FALSE,FALSE,330.21,970.76,8.4,7.6,3.5
EMP003107,2024-12,4.2,5,11,1,FALSE,FALSE,806.69,1202.47,8.7,8.1,4.3
EMP003108,2024-12,3.53,2,3,0,FALSE,FALSE,96.08,307.07,5.6,6.3,3.3
EMP003109,2024-12,3.94,0,10,0,FALSE,FALSE,103.58,586.67,8.1,6.4,4.4
EMP003110,2024-12,4.08,3,4,0,FALSE,FALSE,101.04,252.29,7.7,8.6,3.7
EMP003112,2024-12,3.9,1,5,0,FALSE,FALSE,106.62,243.56,5.2,4.8,3.8
EMP003113,2024-12,3.39,2,16,1,FALSE,FALSE,144.35,690.09,6.1,5.9,3.5
EMP003116,2024-12,4.05,2,12,0,FALSE,FALSE,81.8,561.61,6.7,8.1,4.1
EMP003117,2024-12,4.35,12,25,0,FALSE,TRUE,669.78,1170.74,8.3,7.6,4.6
EMP003118,2024-12,3.49,1,20,2,FALSE,FALSE,83.07,539.16,6.4,6.2,3.3
EMP003122,2024-12,3.23,2,21,0,FALSE,FALSE,85.75,609.05,7.6,8.8,2.6
EMP003123,2024-12,4.28,4,11,3,FALSE,FALSE,333.28,1043.18,7.6,8.3,4.5
EMP003124,2024-12,4.46,4,22,0,FALSE,FALSE,157.63,777.21,7.3,6.8,4.7
EMP003125,2024-12,3.91,2,7,2,FALSE,FALSE,126.36,324.21,8.1,8.6,4.1
EMP003126,2024-12,3.25,1,16,0,FALSE,FALSE,83.8,620.52,5.8,6.2,3.3
EMP003128,2024-12,4.18,4,8,0,FALSE,FALSE,475.97,471.56,6.2,4.8,4.6
EMP003130,2024-12,4.18,2,19,1,FALSE,FALSE,450.47,1121.89,8.6,8.3,4.3
EMP003131,2024-12,3.43,1,9,0,FALSE,FALSE,55.51,241.79,5.9,5.6,3.5
EMP003133,2024-12,3.83,1,11,0,FALSE,FALSE,216.03,927.02,9.4,9,3.9
EMP003134,2024-12,4.12,1,7,0,FALSE,FALSE,59.35,256.33,7.7,7.1,4
EMP003135,2024-12,3.76,0,14,2,FALSE,FALSE,79.98,579.23,7.2,7,4.1
EMP003136,2024-12,4.2,3,22,0,FALSE,FALSE,2426.1,2238.65,9.6,8.3,4.5
EMP003137,2024-12,3.75,4,25,1,FALSE,FALSE,839.85,1446.07,7.8,8,3.4
EMP003138,2024-12,3.39,3,10,0,FALSE,FALSE,73.16,540.13,4.4,4.4,3.5
EMP003139,2024-12,3.41,3,12,0,FALSE,FALSE,80.38,541.64,4.9,4.9,3.6
EMP003140,2024-12,3.99,1,10,0,FALSE,FALSE,94.68,262.59,7.2,6.8,4
EMP003142,2024-12,4.14,1,11,0,FALSE,FALSE,513.76,1203.23,10,9.9,4.2
EMP003143,2024-12,3.75,2,13,2,FALSE,FALSE,88.21,555.92,6.9,6,3.9
EMP003144,2024-12,3.56,0,7,2,FALSE,FALSE,117.99,719.12,5.6,6.1,3
EMP003145,2024-12,4.25,2,12,0,FALSE,FALSE,243.91,859.23,6.7,7,4.6
EMP003146,2024-12,4.27,3,3,0,FALSE,FALSE,161.09,97.79,7.2,7.4,4.2
EMP003148,2024-12,3.74,2,2,0,FALSE,FALSE,97.25,288.42,7,8.2,3.3
EMP003149,2024-12,4.01,1,15,1,FALSE,FALSE,279.18,913.87,8.2,8.8,4
EMP003151,2024-12,3.26,0,2,4,FALSE,FALSE,51.05,213.56,6.5,6.6,3.7
EMP003152,2024-12,3.5,1,10,1,FALSE,FALSE,87.44,682.5,7.3,7.4,3.6
EMP003153,2024-12,3.31,0,13,1,FALSE,FALSE,63.89,541.05,7.3,7,3.4
EMP003154,2024-12,3.35,0,2,0,FALSE,FALSE,44.34,219,6,5.8,3.6
EMP003157,2024-12,3.12,1,19,2,FALSE,FALSE,90.49,621.36,7,8.5,3.9
EMP003158,2024-12,3.49,1,1,0,FALSE,FALSE,39.04,199.27,5.9,4.7,3.5
EMP003159,2024-12,3.64,4,9,2,FALSE,FALSE,83.81,587.34,7.1,6.8,3.4
EMP003160,2024-12,3.46,2,12,0,FALSE,FALSE,161.88,732.81,6.5,6.3,3.7
EMP003161,2024-12,4.26,8,3,1,FALSE,FALSE,252.19,92.34,6.6,7.3,4.1
EMP003166,2024-12,3.55,4,7,1,FALSE,FALSE,185.37,904.35,4.9,7.4,3
EMP003167,2024-12,3.9,0,17,0,FALSE,FALSE,85.47,656.53,8.7,10,4.1
EMP003168,2024-12,3.66,1,3,1,FALSE,FALSE,200.8,403.63,6.8,8.3,3
EMP003170,2024-12,3.28,1,6,0,FALSE,FALSE,47.34,226.32,4.6,6,3.3
EMP003171,2024-12,4.17,2,11,2,FALSE,FALSE,88.04,668.97,6.5,6.9,4.1
EMP003172,2024-12,4.31,1,2,1,FALSE,FALSE,398.12,97.01,8.9,7.9,4.3
EMP003173,2024-12,3.71,0,16,1,FALSE,FALSE,94.43,626.06,6.2,6.1,4.2
EMP003174,2024-12,3.22,0,15,2,FALSE,FALSE,147.5,689.94,4.5,5.1,4
EMP003175,2024-12,3.76,1,16,0,FALSE,FALSE,101.54,688.09,8.7,8.9,3.8
EMP003176,2024-12,3.68,2,1,1,FALSE,FALSE,229.55,338.68,5.6,6,3.4
EMP003177,2024-12,3.5,2,5,1,FALSE,FALSE,45.43,239.79,5.8,5.8,3.7
EMP003178,2024-12,3.03,2,6,1,FALSE,FALSE,137.16,695.07,6.6,7.4,2.8
EMP003179,2024-12,4.05,1,14,1,FALSE,FALSE,116,670,8.3,8.9,4.2
EMP003180,2024-12,3.98,0,16,1,FALSE,FALSE,178.99,873.67,7,7.1,3.9
EMP003181,2024-12,3.93,2,14,0,FALSE,FALSE,92.95,620.97,7.9,9.1,3.9
EMP003183,2024-12,4.06,1,10,3,FALSE,FALSE,341.86,980,4.2,3.9,3.8
EMP003185,2024-12,4.29,0,5,0,FALSE,FALSE,374.04,1066.95,7.6,7.6,4.7
EMP003186,2024-12,4.79,4,5,0,FALSE,FALSE,1148.22,716.65,6.5,6.2,4.5
EMP003187,2024-12,3.79,2,12,2,FALSE,FALSE,120.03,721.69,6.7,6.4,4.1
EMP003188,2024-12,3.04,4,14,2,FALSE,FALSE,78.55,530.69,6.6,6.8,3.3
EMP003189,2024-12,3.54,4,3,1,FALSE,FALSE,135.22,333.66,7.1,7.3,3.4
EMP003190,2024-12,4.16,1,11,1,FALSE,FALSE,178.17,898.1,7.6,6.8,4.4
EMP003191,2024-12,4.08,2,9,1,FALSE,FALSE,505.99,1170.39,8.5,9.3,4.1
EMP003192,2024-12,3.94,2,6,0,FALSE,FALSE,199.11,384.44,6,5.8,4.4
EMP003193,2024-12,3.68,1,9,0,FALSE,FALSE,84.5,267.07,6.8,7.9,3.6
EMP003196,2024-12,4.27,1,13,0,FALSE,FALSE,481.27,1138.6,10,9.9,4.2
EMP003197,2024-12,4.01,2,16,1,FALSE,FALSE,427.41,967.13,8,8.8,3.9
EMP003198,2024-12,3.92,0,5,1,FALSE,FALSE,118.51,273.66,4.7,4.1,4.2
EMP003199,2024-12,3.94,3,5,0,FALSE,FALSE,122.85,322.16,6.5,5.9,4.1
EMP003200,2024-12,4,0,16,0,FALSE,FALSE,541.12,1219.7,10,10,4
EMP003201,2024-12,4.38,6,23,1,FALSE,FALSE,1024.98,1693.93,9.2,10,4.6
EMP003202,2024-12,4.28,0,15,0,FALSE,FALSE,98.71,696.07,9.8,10,4.6
EMP003203,2024-12,2.58,4,2,2,FALSE,FALSE,36.7,237.84,3.8,2.9,2.6
EMP003204,2024-12,4.25,1,5,0,FALSE,FALSE,389.56,1005.25,9.9,9.9,4.9
EMP003205,2024-12,2.78,4,2,0,FALSE,FALSE,50.74,259.97,3.3,2.2,2.5
EMP003208,2024-12,3.92,1,14,1,FALSE,FALSE,382.47,1242.43,9.6,9.9,4.3
EMP003209,2024-12,4.01,1,9,0,FALSE,FALSE,68.93,532.5,4.9,4.8,4.2
EMP003210,2024-12,4.23,7,17,0,FALSE,FALSE,1113.31,1475.5,8.1,7.9,4.5
EMP003211,2024-12,3.59,5,12,1,FALSE,FALSE,93.98,681.67,6.6,5.7,3.2
EMP003213,2024-12,3.88,2,16,0,FALSE,FALSE,89.84,601.62,7.4,7.5,4.3
EMP003214,2024-12,3.8,2,13,1,FALSE,FALSE,132.13,740.45,6.9,7.7,3.7
EMP003215,2024-12,4.52,3,17,0,FALSE,FALSE,827.83,1314.53,7.3,5.3,4.7
EMP003216,2024-12,4.37,14,24,0,FALSE,FALSE,712.56,1330.13,8.3,7.4,4.3
EMP003217,2024-12,3.97,3,13,1,FALSE,FALSE,140.6,745.56,8.5,7.6,4.6
EMP003219,2024-12,3.7,0,13,0,FALSE,FALSE,114.7,688.77,7.9,8.6,3.3
EMP003220,2024-12,3.47,3,15,3,FALSE,FALSE,74.65,675.34,6.8,6.7,3.5
EMP003221,2024-12,4.06,1,13,0,FALSE,FALSE,858.82,1290.13,7.7,6.3,4.7
EMP003222,2024-12,3.98,3,9,0,FALSE,FALSE,358.98,915.03,5.4,4.5,3.8
EMP003223,2024-12,3.96,2,12,2,FALSE,FALSE,221.42,824.8,9.1,8.5,4.1
EMP003225,2024-12,3.79,3,19,0,FALSE,FALSE,101.17,662.08,6.2,5.8,3.6
EMP003227,2024-12,3.57,3,5,0,FALSE,FALSE,110.84,324.36,7.1,7.3,3.6
EMP003228,2024-12,4.29,3,3,1,FALSE,FALSE,271.44,370.06,8,7.2,4.1
EMP003229,2024-12,4.31,0,5,0,FALSE,FALSE,111.98,268.56,8.7,8.5,4
EMP003230,2024-12,4.13,3,17,1,FALSE,FALSE,1055.4,1579.99,6.5,6,4.6
EMP003231,2024-12,4.27,3,6,0,FALSE,FALSE,280.49,355.94,8.1,8.4,4.3
EMP003232,2024-12,3.11,5,14,1,FALSE,FALSE,74.56,641.61,6.4,7.7,3.2
EMP003233,2024-12,4.1,2,17,0,FALSE,FALSE,75.32,543.02,8.4,8.2,4.4
EMP003234,2024-12,3.29,2,3,1,FALSE,FALSE,47.45,258.19,4.7,4.4,3.1
EMP003235,2024-12,3.52,4,12,1,FALSE,FALSE,68.35,521.98,7.1,6.8,3.4
EMP003236,2024-12,3.6,0,2,2,FALSE,FALSE,67.35,261.26,8.7,9.2,3.5
EMP003237,2024-12,3.4,2,16,0,FALSE,FALSE,95.33,615.31,6.3,6.2,3.1
EMP003238,2024-12,3.11,0,24,1,FALSE,FALSE,74.21,570.43,5.7,6.9,3.5
EMP003239,2024-12,4.28,1,12,2,FALSE,FALSE,177.14,703.35,8.2,7,3.8
EMP003242,2024-12,3.62,3,10,2,FALSE,FALSE,168.55,728.09,5.8,5.1,4.1
EMP003243,2024-12,3.59,2,17,0,FALSE,FALSE,92.35,590.47,6.5,7.3,3.6
EMP003244,2024-12,4.11,2,16,0,FALSE,FALSE,505.93,1113.46,9.9,8.7,4.3
EMP003245,2024-12,3,2,25,2,FALSE,FALSE,87.36,655.71,3.7,3.4,3.2
EMP003246,2024-12,3.39,1,9,1,FALSE,FALSE,155.53,826.59,6.5,5.3,2.7
EMP003247,2024-12,3.39,4,12,2,FALSE,FALSE,128.64,704.83,7.3,8.3,3
EMP003249,2024-12,3.84,0,12,1,FALSE,FALSE,216.88,834.76,7.6,7.1,3.4
EMP003250,2024-12,4.13,4,19,0,FALSE,FALSE,845.99,1296.79,7.5,8,4.3
EMP003251,2024-12,3.79,4,16,0,FALSE,FALSE,412.12,986.4,7.9,7.3,4.6
EMP003252,2024-12,3.61,0,15,0,FALSE,FALSE,136.22,762.12,9,9.2,3.8
EMP003253,2024-12,3.29,2,8,2,FALSE,FALSE,59.92,262.01,7.7,6.9,2.8
EMP003254,2024-12,4.44,4,11,0,FALSE,FALSE,1289.38,1654.85,9,9.6,4.6
EMP003255,2024-12,3.69,5,4,0,FALSE,FALSE,41.06,188.86,7.5,7.6,3.3
EMP003256,2024-12,3.85,4,14,2,FALSE,FALSE,328.42,1022.32,7.3,7.7,4
EMP003258,2024-12,3.54,1,10,2,FALSE,FALSE,72.26,539.46,8.4,9.1,3.6
EMP003259,2024-12,3.81,1,8,1,FALSE,FALSE,100.77,637.67,5.8,5.5,4.4
EMP003261,2024-12,4.62,6,18,2,FALSE,FALSE,955.43,1391.79,8.2,8.1,4.6
EMP003263,2024-12,3.76,1,1,1,FALSE,FALSE,49.19,254.72,7.5,8.3,3.9
EMP003264,2024-12,4.13,0,3,1,FALSE,FALSE,251.63,344.06,6.4,5,4.4
EMP003265,2024-12,4.23,10,23,2,FALSE,FALSE,871.23,1172.77,7.6,7.9,4.3
EMP003266,2024-12,4.4,2,6,2,FALSE,FALSE,192.38,325.65,7.4,7.3,4.7
EMP003267,2024-12,3.49,1,11,2,FALSE,FALSE,151.57,802.76,7.4,8.2,3.7
EMP003268,2024-12,3.27,2,15,0,FALSE,FALSE,95.24,656.29,5.9,4.8,3.1
EMP003269,2024-12,3.74,4,10,0,FALSE,FALSE,365.4,995.93,7.6,8.1,4.2
EMP003271,2024-12,3.54,6,4,0,FALSE,FALSE,41.21,217.17,6.5,6.4,3.8
EMP003272,2024-12,3.43,3,14,1,FALSE,FALSE,91.05,636.63,6.6,6.9,3.4
EMP003274,2024-12,4.71,3,17,1,FALSE,FALSE,860.79,1241.4,8.6,8.4,4.4
EMP003275,2024-12,3.72,4,5,0,FALSE,FALSE,65.41,241.44,7.8,7.3,3.9
EMP003276,2024-12,3.96,4,6,2,FALSE,FALSE,191.8,857.58,9.3,9.4,4.1
EMP003278,2024-12,3.7,1,12,0,FALSE,FALSE,149.65,666.91,6.2,5.6,3.4
EMP003279,2024-12,3.48,3,10,0,FALSE,FALSE,114.34,697.13,7.1,8.6,3.2
EMP003280,2024-12,3.89,2,12,1,FALSE,FALSE,81.95,542.91,5.5,4.9,3.8
EMP003281,2024-12,4.47,0,6,5,FALSE,FALSE,140.51,329.58,8.2,7.7,4.4
EMP003282,2024-12,3.65,3,11,1,FALSE,TRUE,349.03,972.79,7.7,8.5,3.5
EMP003283,2024-12,3.7,2,15,0,FALSE,FALSE,82.32,681.03,5.9,4.7,3.6
EMP003284,2024-12,4.48,6,21,1,FALSE,FALSE,827.63,1487.13,7.3,7.3,4.5
EMP003287,2024-12,4.21,1,7,0,FALSE,FALSE,620.4,585.96,7.4,8.2,4.6
EMP003288,2024-12,3.53,0,10,0,FALSE,FALSE,92.41,657.48,7.8,9,3.2
EMP003289,2024-12,4.38,4,10,0,FALSE,FALSE,436.56,1026.67,8.7,7.9,4.5
EMP003290,2024-12,3.49,4,15,1,FALSE,FALSE,190.19,903,5.5,5,3.5
EMP003291,2024-12,3.84,4,13,0,FALSE,FALSE,171.89,671.28,7.5,8.4,3.5
EMP003293,2024-12,3.9,3,23,1,FALSE,FALSE,591.26,1180.94,7,6.5,3.7
EMP003295,2024-12,4.43,6,11,1,FALSE,FALSE,1101.81,1559.56,8.7,8.5,4.5
EMP003296,2024-12,3.91,3,9,1,FALSE,FALSE,103.15,672.06,7.9,7.7,3.8
EMP003297,2024-12,4.58,2,10,0,FALSE,FALSE,600.12,1212.92,8,8.2,4.5
EMP003299,2024-12,3.57,3,15,2,FALSE,FALSE,90.86,633.45,6.8,6.3,3.2
EMP003300,2024-12,3.38,3,4,0,FALSE,FALSE,37.54,189.81,6.5,6.8,2.8
EMP003301,2024-12,2.86,4,5,0,FALSE,FALSE,50.12,250.97,6.2,6.5,2.3
EMP003302,2024-12,4.21,1,13,0,FALSE,FALSE,423.63,986.37,9.3,8.5,3.8
EMP003303,2024-12,3.79,3,19,1,FALSE,FALSE,75.29,611.07,6.9,6.2,3.9
EMP003304,2024-12,3.81,2,12,1,FALSE,FALSE,79.79,635.85,9.4,10,3.4
EMP003308,2024-12,4.02,2,15,1,FALSE,FALSE,181.95,838.26,4.9,4.2,3.2
EMP003309,2024-12,3.94,0,18,1,FALSE,FALSE,101.8,652.58,7.9,8.4,4.2
EMP003311,2024-12,4.43,4,21,0,FALSE,FALSE,2541.58,2201.11,9.6,10,4.3
EMP003312,2024-12,4.22,2,1,1,FALSE,FALSE,101.89,45.33,5.2,5.2,3.9
EMP003313,2024-12,3.44,1,9,0,FALSE,FALSE,156.74,793.54,7.1,8.6,3.1
EMP003314,2024-12,4.31,1,12,1,FALSE,FALSE,178.39,675.36,8.7,9.7,4.4
EMP003315,2024-12,4.07,1,2,1,FALSE,FALSE,52.62,187.57,8.9,9.7,4
EMP003316,2024-12,3.84,3,6,1,FALSE,FALSE,498.6,539.68,7.3,8.5,3.6
EMP003318,2024-12,3.81,3,8,1,FALSE,FALSE,109.65,635.88,7,7,4
EMP003320,2024-12,3.4,2,0,1,FALSE,FALSE,197.5,66.34,5.6,5.5,3.1
EMP003321,2024-12,3.82,2,0,1,FALSE,FALSE,82.54,73.73,6.4,7.1,3.5
EMP003324,2024-12,3.72,1,10,0,FALSE,FALSE,93.3,588.94,7,7.6,3.7
EMP003325,2024-12,4.17,2,12,0,FALSE,FALSE,155.22,790.01,5.8,5.3,4.1
EMP003326,2024-12,3.77,2,17,1,FALSE,FALSE,66.13,542.48,7.1,5.7,3.5
EMP003327,2024-12,3.6,1,14,1,FALSE,FALSE,107.63,681.75,7.2,7.3,3.9
EMP003328,2024-12,3.7,6,13,0,FALSE,FALSE,82.83,710.82,6.6,6.4,4.4
EMP003329,2024-12,3.56,3,8,0,FALSE,FALSE,164.7,813.57,8.1,8.9,3.6
EMP003330,2024-12,3.82,6,15,0,FALSE,FALSE,211.22,840.7,8.3,7.6,3.4
EMP003331,2024-12,3.92,2,3,0,FALSE,FALSE,63.66,230.98,7,6.2,4
EMP003332,2024-12,3.89,2,11,1,FALSE,FALSE,101.86,668.55,7,6.5,3.7
EMP003334,2024-12,3.47,2,19,2,FALSE,FALSE,182.58,786.93,6.6,5.9,3.4
EMP003335,2024-12,3.16,2,2,0,FALSE,FALSE,34.19,46.11,6.5,7.2,3.4
EMP003336,2024-12,4.43,7,20,0,FALSE,FALSE,641.76,1204.8,7.3,7.6,4.3
EMP003337,2024-12,3.43,0,2,0,FALSE,FALSE,46.61,257.67,6.8,6.3,2.6
EMP003338,2024-12,3.95,2,13,0,FALSE,FALSE,136.24,672.68,10,10,3.3
EMP003339,2024-12,3.44,3,14,0,FALSE,FALSE,88.72,567.7,6.9,8.1,2.8
EMP003341,2024-12,3.3,2,9,1,FALSE,FALSE,96.42,652.47,7.5,7.4,3.1
EMP003342,2024-12,3.78,1,4,0,FALSE,FALSE,467.94,94.59,6.7,7.8,3.7
EMP003343,2024-12,4.11,0,15,0,FALSE,FALSE,484.79,1136,7.8,7.1,4
EMP003344,2024-12,4.1,1,10,0,FALSE,FALSE,392.75,1167.67,6.4,6.8,3.7
EMP003346,2024-12,3.86,2,12,0,FALSE,FALSE,135.21,315.77,7.3,7.1,3.6
EMP003347,2024-12,4.14,5,9,1,FALSE,FALSE,413.73,1084.47,7,6.9,4.2
EMP003348,2024-12,3.95,0,11,1,FALSE,FALSE,100.48,641.53,6.6,6.4,4.1
EMP003349,2024-12,3.87,10,4,0,FALSE,FALSE,619.23,602.33,6.8,7.6,4.5
EMP003350,2024-12,3.45,0,13,0,FALSE,FALSE,178.41,817.13,6.1,4.8,3.2
EMP003351,2024-12,3.52,3,16,0,FALSE,FALSE,67.94,536.91,4.3,4.2,3.3
EMP003352,2024-12,4.5,1,14,0,FALSE,FALSE,410.28,1001.8,6.8,6.8,4.8
EMP003353,2024-12,3.99,2,16,1,FALSE,FALSE,107.53,683.64,6.5,7.3,4.4
EMP003355,2024-12,4.16,0,16,2,FALSE,FALSE,259.16,932.68,9.6,9.8,4.2
EMP003356,2024-12,3.62,0,9,2,FALSE,FALSE,73.5,575.29,8.7,7.8,3.6
EMP003358,2024-12,3.51,0,2,1,FALSE,FALSE,94.23,308.57,5.9,4.7,3.1
EMP003359,2024-12,3.06,1,17,2,FALSE,FALSE,74.08,528.31,7.1,6.9,2.7
EMP003360,2024-12,4.18,3,13,0,FALSE,FALSE,453.04,1121.89,7.7,8.5,4
EMP003361,2024-12,3.6,2,11,0,FALSE,FALSE,115.04,719.15,8.3,9.3,3.9
EMP003362,2024-12,3.83,2,12,1,FALSE,FALSE,153.05,712.23,7,6.6,4.1
EMP003363,2024-12,3.5,0,5,0,FALSE,FALSE,53.33,221.32,6.2,5.4,3.8
EMP003364,2024-12,3.86,2,6,1,FALSE,FALSE,218.1,932.17,7,6.8,4.3
EMP003365,2024-12,3.5,1,8,2,FALSE,FALSE,101.31,302.37,7.7,8.1,3.6
EMP003367,2024-12,4.56,6,30,1,FALSE,FALSE,945.74,1390.27,9.9,9.8,4.1
EMP003369,2024-12,3.96,2,9,0,FALSE,FALSE,96.29,630.52,8.8,7.8,3.9
EMP003370,2024-12,3.75,3,3,0,FALSE,FALSE,35.24,49.33,9.1,8.7,3.8
EMP003371,2024-12,3.98,3,8,2,FALSE,FALSE,491.11,1152,6.6,6.5,4.2
EMP003374,2024-12,4.26,2,13,0,FALSE,FALSE,118.13,693.29,6.6,5.3,4.8
EMP003375,2024-12,4.27,4,13,2,FALSE,FALSE,296.66,898.99,7.3,8.3,4.2
EMP003376,2024-12,3.86,1,28,1,FALSE,FALSE,86.29,563.08,6.9,5.6,4.3
EMP003377,2024-12,4.45,2,1,0,FALSE,FALSE,326.81,121.48,7.1,6.9,4.5
EMP003378,2024-12,3.37,3,14,0,FALSE,FALSE,145.76,831.85,7.3,7.5,3
EMP003379,2024-12,3.46,3,18,1,FALSE,FALSE,102.7,719.12,8.5,8.8,3.1
EMP003380,2024-12,3.88,0,13,1,FALSE,FALSE,372.91,1056.15,7.6,7.8,4.2
EMP003381,2024-12,3.72,2,3,0,FALSE,FALSE,256.68,426.29,7.6,8.4,3.8
EMP003382,2024-12,3.26,0,5,1,FALSE,FALSE,52.49,235.89,5.9,5.8,3.1
EMP003383,2024-12,3.4,1,8,1,FALSE,FALSE,71.68,575.35,7.6,7.9,3.5
EMP003384,2024-12,3.8,0,16,2,FALSE,FALSE,213.89,878.41,8,8,4
EMP003385,2024-12,3.99,4,10,0,FALSE,FALSE,70.88,246.22,7.2,7.3,4.2
EMP003386,2024-12,3.58,2,14,1,FALSE,FALSE,84.28,644.6,8.2,7.5,3.2
EMP003387,2024-12,3.32,2,6,4,FALSE,FALSE,74.38,667.66,7,7.2,3.4
EMP003388,2024-12,3.77,1,16,2,FALSE,FALSE,195.99,824.05,7.9,8.6,4.5
EMP003390,2024-12,3.18,0,15,1,FALSE,FALSE,73.66,596.03,5.5,3.9,3
EMP003392,2024-12,3.81,1,11,0,FALSE,FALSE,62.12,252.71,6.5,6.3,3.9
EMP003393,2024-12,4.12,2,6,1,FALSE,FALSE,111.98,248.56,9.3,9.4,4.5
EMP003395,2024-12,3.85,1,12,3,FALSE,FALSE,320.91,1008.55,7.9,9.5,4.1
EMP003396,2024-12,4.05,0,14,0,FALSE,FALSE,90.65,719.91,8.6,8.9,4
EMP003397,2024-12,3.87,3,6,0,FALSE,FALSE,106.28,266.17,6.4,7.4,4.2
EMP003398,2024-12,3.46,4,8,0,FALSE,FALSE,87.42,553.98,6.2,6.4,4
EMP003400,2024-12,3.64,0,13,0,FALSE,FALSE,83.61,562.44,8.1,7,3.6
EMP003401,2024-12,3.74,1,12,0,FALSE,FALSE,111.5,671.34,7.1,7.2,4.2
EMP003402,2024-12,4.09,2,7,2,FALSE,FALSE,104.84,608.31,9.7,9.8,4
EMP003403,2024-12,4.41,4,14,1,FALSE,FALSE,768.53,1162.98,7.4,6,4.7
EMP003404,2024-12,4.38,6,19,1,FALSE,FALSE,2497.98,2251.58,7.6,7.8,4.4
EMP003405,2024-12,3.77,1,19,0,FALSE,FALSE,379.26,1165.62,8,10,3.4
EMP003406,2024-12,4.42,4,27,0,FALSE,FALSE,840.57,1494.23,8.9,10,4.2
EMP003407,2024-12,4.23,0,11,0,FALSE,FALSE,142.06,721.55,7,5.6,4.1
EMP003408,2024-12,3.71,3,11,1,FALSE,FALSE,107.08,644.44,8.8,8.8,3.6
EMP003409,2024-12,3.48,4,10,1,FALSE,FALSE,183.16,849.74,6.3,7,3.3
EMP003410,2024-12,4.31,0,15,2,FALSE,FALSE,357.9,879.5,7.7,6.2,4.1
EMP003411,2024-12,4.19,6,23,0,FALSE,FALSE,725.08,1198.53,6.2,5.9,4.5
EMP003412,2024-12,3.27,0,12,3,FALSE,FALSE,166.92,753.06,6.7,6.3,2.9
EMP003413,2024-12,3.38,5,13,1,FALSE,FALSE,91.53,677.3,8.1,8.1,3.4
EMP003414,2024-12,4.21,3,5,1,FALSE,FALSE,247.09,346.89,9.6,9.8,3.9
EMP003415,2024-12,3.41,3,15,1,FALSE,FALSE,185.86,827.63,6.3,8.1,3.7
EMP003416,2024-12,3.58,0,0,1,FALSE,FALSE,36.06,51.48,7.1,6.8,3.1
EMP003417,2024-12,3.75,1,3,0,FALSE,FALSE,42.61,202.96,6.3,5.8,3.4
EMP003418,2024-12,3.9,3,18,1,FALSE,FALSE,192.84,868.53,10,9.8,3.9
EMP003419,2024-12,3.98,1,11,1,FALSE,FALSE,97.39,636.71,9.2,9.3,3.7
EMP003420,2024-12,3.69,5,12,1,FALSE,FALSE,184.21,804.49,7.7,7.3,4
EMP003421,2024-12,3.92,0,11,0,FALSE,FALSE,133.25,670.5,7.5,7.7,3.5
EMP003422,2024-12,4.06,0,15,0,FALSE,TRUE,188.21,696.23,8.2,9.3,4.2
EMP003423,2024-12,4.26,0,5,1,FALSE,FALSE,129.55,318.9,7.4,7.2,4.3
EMP003424,2024-12,4.59,5,20,1,FALSE,FALSE,686.53,1232.59,9.3,9.8,4.2
EMP003426,2024-12,4.36,7,18,0,FALSE,FALSE,1790.98,2188.88,8.5,9.5,4.5
EMP003429,2024-12,3.82,4,19,0,FALSE,FALSE,87.84,697.27,5.5,5.7,3.6
EMP003430,2024-12,3.38,3,15,0,FALSE,FALSE,100.38,639.74,5.6,5.4,3.4
EMP003431,2024-12,3.8,0,3,0,FALSE,FALSE,124.45,325.33,8.8,9.9,3.6
EMP003432,2024-12,3.36,3,12,0,FALSE,FALSE,160.57,872.5,5,6,3.2
EMP003434,2024-12,4.75,0,17,1,FALSE,FALSE,524.42,1066.62,8,8.9,5
EMP003436,2024-12,4.05,1,21,0,FALSE,FALSE,104.44,627.34,7.6,8.2,4.1
EMP003437,2024-12,3.93,4,21,0,FALSE,FALSE,97.19,674.15,6.5,5.6,3.9
EMP003438,2024-12,4.32,5,13,0,FALSE,FALSE,194.52,681.48,7,7.5,4.4
EMP003440,2024-12,4.22,5,6,1,FALSE,FALSE,432.36,475.27,5.1,4.2,4.3
EMP003441,2024-12,3.44,3,3,1,FALSE,FALSE,40.65,50.67,6.2,5.7,3.6
EMP003442,2024-12,4.04,1,21,0,FALSE,FALSE,189.5,799.52,7.1,8.3,4
EMP003443,2024-12,4.05,1,7,2,FALSE,FALSE,287.43,410.15,7.2,7,4.3
EMP003444,2024-12,4.37,7,14,1,FALSE,FALSE,939.99,1686.63,7.9,7.6,4.3
EMP003446,2024-12,4.5,3,19,0,FALSE,FALSE,244.76,857.99,8.8,7.9,4.6
EMP003447,2024-12,4,1,6,1,FALSE,FALSE,304.04,412.56,5.7,5.3,4.2
EMP003448,2024-12,3.38,1,5,3,FALSE,FALSE,54.17,214.97,5.1,6.3,3.2
EMP003449,2024-12,3.9,1,15,0,FALSE,FALSE,302.66,952.83,7.1,7.9,4.1
EMP003450,2024-12,3.43,1,11,2,FALSE,FALSE,91.05,589.52,6.6,6,3.5
EMP003452,2024-12,3.46,2,5,2,FALSE,FALSE,49.88,238.17,7.3,6.8,3.2
EMP003453,2024-12,3.85,0,16,0,FALSE,FALSE,87.62,593.65,7.3,7.5,4.3
EMP003454,2024-12,4.23,3,13,0,FALSE,FALSE,108.44,647.52,9.6,8.9,3.9
EMP003455,2024-12,3.77,3,11,1,FALSE,FALSE,470.92,1239.4,9.6,10,3.6
EMP003456,2024-12,4.44,1,13,1,FALSE,FALSE,532.31,1213.21,4.8,4.3,4.5
EMP003458,2024-12,3.31,3,12,2,FALSE,FALSE,179.58,854.25,4.8,5.1,2.8
EMP003459,2024-12,3.94,5,0,0,FALSE,FALSE,59.26,253.84,7.4,6.4,4.6
EMP003461,2024-12,3.02,1,17,0,FALSE,FALSE,59.43,557.21,6.6,6.1,2.9
EMP003462,2024-12,3.61,1,19,0,FALSE,FALSE,71.5,591.65,6.4,5.7,4.5
EMP003463,2024-12,4.05,3,16,0,FALSE,FALSE,80.31,612.65,9,10,4.2
EMP003465,2024-12,3.72,3,1,0,FALSE,FALSE,32.91,57.07,5.9,6.4,3.4
EMP003466,2024-12,3.47,1,11,0,FALSE,FALSE,77.23,570.46,6.6,7.2,3.8
EMP003467,2024-12,4.25,4,21,0,FALSE,FALSE,864.21,1474.18,8.6,9.4,4.2
EMP003469,2024-12,3.11,0,18,2,FALSE,FALSE,101.26,701.83,8.6,8.2,3.3
EMP003470,2024-12,4.73,0,4,0,FALSE,FALSE,345.21,428.41,9.8,10,4.4
EMP003471,2024-12,4.58,7,26,0,FALSE,FALSE,2126.64,1780.15,7.9,8.5,4.7
EMP003472,2024-12,3.54,0,11,3,FALSE,FALSE,85.91,693.62,7,6.1,4.1
EMP003473,2024-12,2.91,2,8,1,FALSE,FALSE,72.61,694.06,5,5.5,3.2
EMP003474,2024-12,4.09,1,7,1,FALSE,FALSE,223.55,936.57,9,7.5,4.3
EMP003475,2024-12,3.93,5,4,1,FALSE,FALSE,96.13,283.84,8.1,9,4.3
EMP003476,2024-12,3.77,3,9,0,FALSE,FALSE,95.15,554.31,8.4,7,3.6
EMP003477,2024-12,3.59,2,13,1,FALSE,FALSE,100.46,626.17,6.9,7.3,3.4
EMP003478,2024-12,2.72,4,9,2,FALSE,FALSE,65.52,646,7.2,7.8,2.7
EMP003479,2024-12,4.54,1,8,0,FALSE,FALSE,377.66,925.9,6.6,5.3,5
EMP003481,2024-12,3.82,1,12,0,FALSE,FALSE,101.91,690.2,7.9,6.2,3.5
EMP003482,2024-12,4.1,2,20,0,FALSE,FALSE,972.84,1663.63,9.4,10,4
EMP003483,2024-12,3.28,1,11,1,FALSE,FALSE,160.61,705.89,6.7,5.6,2.8
EMP003484,2024-12,3.36,5,8,0,FALSE,FALSE,96.99,332.41,7.3,6.9,3.1
EMP003486,2024-12,3.94,3,12,2,FALSE,FALSE,91.55,710.79,7.5,6.9,4.5
EMP003487,2024-12,3.8,2,15,1,FALSE,FALSE,101.4,587.69,6.9,7.6,3.7
EMP003488,2024-12,3.98,1,3,0,FALSE,FALSE,223.56,323.92,6.8,5.6,4.3
EMP003489,2024-12,3.65,3,1,0,FALSE,FALSE,62.34,71.32,5.7,6.5,3.4
EMP003490,2024-12,3.22,2,18,2,FALSE,FALSE,74.32,549.62,7.3,7.3,2.5
EMP003491,2024-12,4,2,15,0,FALSE,FALSE,349.87,929.11,8.2,9.5,4
EMP003492,2024-12,3.69,3,15,0,FALSE,FALSE,119.41,694.6,7.5,7.3,3.8
EMP003495,2024-12,3.67,3,11,2,FALSE,FALSE,89.7,692.7,7,6.6,3.9
EMP003496,2024-12,3.66,3,4,0,FALSE,FALSE,152.47,761.8,4.6,3.3,3.4
EMP003498,2024-12,3.76,3,13,0,FALSE,FALSE,97.19,718.98,7.6,6.1,4.2
EMP003501,2024-12,3.03,2,6,2,FALSE,FALSE,75.69,712.99,5.9,6,3
EMP003502,2024-12,3.99,1,14,0,FALSE,FALSE,153.36,742.6,7.5,7.1,4.1
EMP003503,2024-12,4.39,7,11,0,FALSE,FALSE,505.88,535.66,7.9,8.6,4.8
EMP003504,2024-12,3.36,3,7,2,FALSE,FALSE,159.7,819.43,7.5,7.4,3.9
EMP003505,2024-12,3.51,1,9,0,FALSE,FALSE,82.4,645.88,5.9,7.1,4.1
EMP003506,2024-12,3.54,0,12,1,FALSE,FALSE,84.06,702.81,7.7,7.6,3.9
EMP003507,2024-12,3.98,3,7,0,FALSE,FALSE,86.59,717.09,9.1,9.3,3.9
EMP003508,2024-12,4.18,6,3,0,FALSE,FALSE,282.02,400.87,8.3,8.4,4.4
EMP003510,2024-12,4.38,0,8,0,FALSE,FALSE,527.75,1142.51,7.3,9,4.1
EMP003511,2024-12,3.72,2,13,2,FALSE,FALSE,333.64,896.74,7.2,8.2,3.9
EMP003513,2024-12,3.91,3,6,2,FALSE,FALSE,116.66,328.66,5.2,6.4,3.8
EMP003514,2024-12,3.4,3,15,1,FALSE,FALSE,99.04,632.63,8.4,8.9,3.3
EMP003515,2024-12,3.78,4,8,1,FALSE,FALSE,60.52,215.78,8.6,9.6,3.6
EMP003517,2024-12,4.03,3,13,0,FALSE,FALSE,104.58,646.62,6.3,5.7,4.6
EMP003518,2024-12,3.66,3,3,0,FALSE,FALSE,48.98,252.16,7.5,6.2,3.9
EMP003519,2024-12,4.15,3,7,1,FALSE,FALSE,181.41,337.9,8.9,9.4,4.2
EMP003520,2024-12,3.48,3,10,0,FALSE,FALSE,73.96,677.6,7.6,7.8,3.5
EMP003521,2024-12,4.36,3,11,0,FALSE,FALSE,414.81,1157.24,9.7,9.2,5
EMP003522,2024-12,4.47,2,8,0,FALSE,FALSE,209.67,328.73,7.7,7.4,4.6
EMP003525,2024-12,3.34,1,6,1,FALSE,FALSE,61.22,252.86,6.2,6.7,3.2
EMP003526,2024-12,3.86,1,13,1,FALSE,FALSE,101.33,683.33,7.5,6.8,4.2
EMP003527,2024-12,3.67,0,3,1,FALSE,FALSE,45.5,215.98,6.9,6.1,3.6
EMP003530,2024-12,3.78,0,14,1,FALSE,FALSE,200.99,785.39,8.9,9.6,3.9
EMP003531,2024-12,3.5,2,15,1,FALSE,FALSE,78.69,665.73,7.1,6.9,3.2
EMP003533,2024-12,4.27,2,10,1,FALSE,FALSE,539.82,1182.83,8.7,8.5,4.8
EMP003534,2024-12,3.97,1,13,2,FALSE,FALSE,181.5,729.27,9,9.6,3.9
EMP003535,2024-12,3.77,3,15,1,FALSE,FALSE,81.06,679.7,8.5,9.2,3.9
EMP003536,2024-12,4.87,3,15,1,FALSE,FALSE,885.08,1257.27,7.4,7,5
EMP003538,2024-12,3.83,3,2,0,FALSE,FALSE,101.6,325,5,5.6,4.1
EMP003539,2024-12,4.34,5,18,1,FALSE,FALSE,1130.15,1573.94,7.3,6.7,4.9
EMP003540,2024-12,4.2,1,2,0,FALSE,FALSE,380.06,135.04,7.2,6,4.2
EMP003541,2024-12,3.9,2,2,0,FALSE,FALSE,81.35,268.51,7,8.2,3.7
EMP003542,2024-12,3.48,0,6,0,FALSE,FALSE,69.21,624.55,7.4,9.5,3
EMP003543,2024-12,3.78,1,17,1,FALSE,FALSE,67.56,548.42,8.5,7.7,3.8
EMP003544,2024-12,3.85,4,14,2,FALSE,FALSE,178.17,714.68,6.9,7.4,4
EMP003545,2024-12,3.63,6,20,2,FALSE,FALSE,130.54,715.57,6.3,5.9,3.5
EMP003546,2024-12,3.68,1,2,0,FALSE,FALSE,166.86,847.96,6.8,5.3,3.5
EMP003547,2024-12,3.72,1,23,0,FALSE,FALSE,103.97,654.84,9,7.4,3.8
EMP003548,2024-12,3.64,1,5,0,FALSE,FALSE,114.5,334.02,6.9,7,3.1
EMP003549,2024-12,3.89,1,9,0,FALSE,FALSE,394.09,952.94,7.9,8.2,3.5
EMP003551,2024-12,4.1,4,6,4,FALSE,FALSE,178.83,803,7.9,6.8,4.2
EMP003553,2024-12,3.87,3,8,0,FALSE,FALSE,56.8,199.35,7,7.3,3.4
EMP003555,2024-12,3.67,1,16,1,FALSE,FALSE,207.42,870.68,6.5,7.6,3.7
EMP003556,2024-12,4.06,3,24,1,FALSE,FALSE,736.7,1204.33,7.8,8.4,4.4
EMP003557,2024-12,3.15,2,16,0,FALSE,FALSE,75.6,550.01,7.1,6,2.8
EMP003558,2024-12,4.48,11,22,0,FALSE,FALSE,3067.23,2657.79,10,10,4.6
EMP003559,2024-12,3.72,9,20,0,FALSE,FALSE,935.59,1622.33,7,7.1,3.9
EMP003560,2024-12,4.07,1,9,2,FALSE,FALSE,94.8,605.4,10,10,4.5
EMP003562,2024-12,2.97,1,0,2,FALSE,FALSE,24.99,42.46,4.8,4,3.4
EMP003563,2024-12,4.88,7,15,0,FALSE,FALSE,2114.71,2356.33,9,9.3,5
EMP003564,2024-12,3.61,2,1,0,FALSE,FALSE,66.2,249.63,8.5,7.6,4.1
EMP003566,2024-12,3.89,3,21,1,FALSE,TRUE,891.77,1698.93,6.9,6.2,4
EMP003568,2024-12,3.66,0,12,1,FALSE,FALSE,109.86,676.99,5.9,6,3.7
EMP003569,2024-12,3.77,3,17,1,FALSE,FALSE,123.07,720.77,8.7,9,3.8
EMP003571,2024-12,3.23,1,9,0,FALSE,FALSE,63.89,567.16,6.9,5.4,3.2
EMP003572,2024-12,4.24,3,7,1,FALSE,FALSE,216.75,778.32,4.6,3.9,3.9
EMP003573,2024-12,4.05,2,14,1,FALSE,FALSE,81.27,605.55,6.7,7.9,4.3
EMP003574,2024-12,3.52,1,15,1,FALSE,FALSE,71.72,569.08,6.4,5.5,3.4
EMP003575,2024-12,3.59,3,16,1,FALSE,FALSE,88.6,647.48,6.4,7.2,3.9
EMP003576,2024-12,4.64,4,15,0,FALSE,FALSE,1914.04,1840.47,9.5,9.5,4.5
EMP003577,2024-12,3.82,5,12,1,FALSE,FALSE,110.84,693.24,5.6,6.5,4
EMP003578,2024-12,4.57,5,13,0,FALSE,FALSE,844.75,1383.85,6.4,7.7,4.3
EMP003579,2024-12,4.11,4,14,1,FALSE,FALSE,223.66,894.46,5.8,5,4.6
EMP003580,2024-12,3.63,1,16,0,FALSE,TRUE,176.35,850.83,8,7.4,3.9
EMP003581,2024-12,3.93,3,18,1,FALSE,FALSE,174.42,800.15,6.8,7.6,4.2
EMP003582,2024-12,3.96,3,10,0,FALSE,FALSE,213.92,833.46,8,6.7,4.2
EMP003583,2024-12,3.5,2,11,1,FALSE,TRUE,197.29,828.73,5.4,5.2,3.9
EMP003585,2024-12,3.78,6,10,0,FALSE,FALSE,193.18,791.63,6.5,6.5,3.8
EMP003587,2024-12,4.35,3,15,0,FALSE,FALSE,524.83,1236.39,9.9,9.7,4.5
EMP003588,2024-12,3.86,1,16,0,FALSE,FALSE,181.05,701.86,8.1,8.3,3.7
EMP003589,2024-12,4.37,6,21,1,FALSE,FALSE,737.47,1172.4,9.4,9.4,4.2
EMP003590,2024-12,4.1,2,17,0,FALSE,FALSE,302.25,903.13,7.7,8.2,3.8
EMP003591,2024-12,4.02,3,11,1,FALSE,FALSE,491.51,482.26,10,9.6,4.1
EMP003592,2024-12,2.83,3,6,4,FALSE,FALSE,44.12,251.4,4.4,3.9,2.6
EMP003593,2024-12,3.8,1,18,0,FALSE,FALSE,130.49,742.45,7.7,7.3,3.9
EMP003594,2024-12,3.75,3,4,1,FALSE,FALSE,60.49,236.27,7.7,8.2,3.4
EMP003595,2024-12,3.84,1,16,0,FALSE,FALSE,190.41,805.28,6.3,7.3,4.5
EMP003596,2024-12,4.28,3,9,1,FALSE,FALSE,156.48,733.07,6.9,5.7,4.1
EMP003598,2024-12,4.36,3,20,1,FALSE,FALSE,1019.41,1458.74,7.6,7.4,4.3
EMP003601,2024-12,4.42,4,19,0,FALSE,FALSE,111.27,650.17,7.6,6.4,4.5
EMP003602,2024-12,4.34,1,9,1,FALSE,FALSE,111.12,608.69,8.4,8,4.6
EMP003603,2024-12,3.64,3,1,0,FALSE,FALSE,77.27,66.59,7.5,7.6,3.7
EMP003604,2024-12,4.38,3,1,0,FALSE,FALSE,152.34,88.13,9.4,8.6,4.5
EMP003605,2024-12,3.66,2,2,0,FALSE,FALSE,27.41,44.07,5.2,6.4,3.5
EMP003606,2024-12,3.97,5,18,2,FALSE,FALSE,101.62,659.66,8.1,8.7,4
EMP003607,2024-12,3.7,1,6,0,FALSE,FALSE,83.72,260.44,7.8,6.1,3.5
EMP003608,2024-12,3.74,3,14,0,FALSE,FALSE,193.57,849.09,6.7,7,3.4
EMP003609,2024-12,3.47,1,10,0,FALSE,FALSE,184.61,810.27,6.3,6.7,3.6
EMP003610,2024-12,3.79,2,14,1,FALSE,FALSE,78.89,610,7.8,7.5,3.9
EMP003611,2024-12,3.88,3,18,1,FALSE,FALSE,432.45,1218.86,9.9,9.2,3.9
EMP003613,2024-12,3.02,3,13,0,FALSE,FALSE,57.55,527.69,6.9,5.7,2.9
EMP003614,2024-12,3.63,2,18,0,FALSE,FALSE,155.54,780.67,7,8.5,3.5
EMP003615,2024-12,3.92,2,13,1,FALSE,FALSE,156.33,800.4,8,8.4,4.5
EMP003616,2024-12,3.64,2,10,0,FALSE,FALSE,92.64,646.65,6.5,6.7,3.6
EMP003618,2024-12,3.63,5,16,2,FALSE,FALSE,80.64,575.74,5.6,4.7,3.1
EMP003619,2024-12,3.67,1,10,1,FALSE,FALSE,77.98,585.63,6.8,6.3,3.5
EMP003620,2024-12,3.88,3,4,2,FALSE,TRUE,89.44,268.34,8.2,8.8,4
EMP003621,2024-12,4.11,1,10,2,FALSE,FALSE,180.59,683.67,7,5.8,3.9
EMP003622,2024-12,3.98,1,16,0,FALSE,FALSE,473.82,1113.64,6.6,6.9,4
EMP003623,2024-12,3.82,1,4,1,FALSE,FALSE,168.59,59.96,6.4,6.8,4.1
EMP003624,2024-12,2.93,1,10,1,FALSE,FALSE,56.15,537.06,5.9,5.1,3
EMP003625,2024-12,3.71,2,12,1,FALSE,FALSE,196.83,799.92,6.3,5.6,3.8
EMP003626,2024-12,3.58,4,6,1,FALSE,FALSE,201.02,901.89,7.3,6.5,4
EMP003627,2024-12,4.39,1,13,0,FALSE,FALSE,522.53,1220.55,8.6,7.8,4.4
EMP003628,2024-12,4.66,2,11,1,FALSE,FALSE,598,632.2,7.7,9.2,4.8
EMP003629,2024-12,4.34,1,16,0,FALSE,FALSE,350.32,1043.92,9.2,10,4.4
EMP003630,2024-12,4.37,1,9,0,FALSE,FALSE,468.47,1090.6,6.4,5.8,4.6
EMP003631,2024-12,3.44,3,14,1,FALSE,FALSE,90.44,591.11,3.6,3.2,3.5
EMP003632,2024-12,4.71,2,22,1,FALSE,FALSE,1071.94,1521.07,10,8.9,4.5
EMP003633,2024-12,4.47,3,16,1,FALSE,FALSE,196.07,805.81,8.2,8.3,4.3
EMP003634,2024-12,3.68,0,4,1,FALSE,FALSE,51.15,245,6.2,6.7,2.9
EMP003636,2024-12,4.5,4,15,1,FALSE,FALSE,886.01,1367.04,6.1,7.7,4.7
EMP003637,2024-12,4.13,2,10,0,FALSE,FALSE,437.18,1025.68,7.1,8.2,3.6
EMP003638,2024-12,4.1,1,17,0,FALSE,FALSE,539.48,1216.15,7.6,7.5,4
EMP003639,2024-12,4.23,3,2,0,FALSE,FALSE,82.3,68.51,6.6,6.4,4.4
EMP003640,2024-12,3.69,2,18,1,FALSE,FALSE,165.12,765.08,10,10,4
EMP003641,2024-12,3.63,1,15,1,FALSE,FALSE,128.95,763.11,6.4,7.9,4.3
EMP003643,2024-12,3.6,0,18,4,FALSE,FALSE,160.64,890.16,8.2,8.2,3.6
EMP003644,2024-12,3.95,8,21,1,FALSE,FALSE,882.72,1454.84,6.2,7.2,3.8
EMP003645,2024-12,3.08,1,11,0,FALSE,FALSE,157.38,865.26,7.5,7.9,2.9
EMP003647,2024-12,3.54,2,19,0,FALSE,FALSE,64.36,530.21,4.5,4.3,3.7
EMP003648,2024-12,4.03,1,11,1,FALSE,FALSE,107,635.78,7.5,6.3,4.1
EMP003650,2024-12,3.96,1,4,0,FALSE,FALSE,133.7,326.63,7.7,6,4
EMP003651,2024-12,4.13,6,20,0,FALSE,FALSE,914.68,1678.43,8.8,9.8,3.9
EMP003654,2024-12,3.19,2,3,2,FALSE,FALSE,35.58,48.75,7.1,6,3
EMP003655,2024-12,3.76,2,4,0,FALSE,FALSE,117.37,301.96,7.5,7.4,3.6
EMP003657,2024-12,3.15,1,12,0,FALSE,FALSE,85.15,576.39,7.9,7.5,3.1
EMP003658,2024-12,3.54,2,15,0,FALSE,FALSE,85.48,545.48,6.9,6,3.6
EMP003659,2024-12,4.06,7,13,0,FALSE,FALSE,1095.39,1606.95,7,6.8,4.3
EMP003660,2024-12,3.89,0,3,2,FALSE,FALSE,108.4,330.63,9.2,8.3,4.5
EMP003662,2024-12,3.91,4,12,0,FALSE,FALSE,500.74,1129.95,8.8,10,4.7
EMP003663,2024-12,3.88,2,16,0,FALSE,FALSE,195.15,797.54,8.7,9.5,4
EMP003665,2024-12,4,0,21,1,FALSE,FALSE,152.7,788.34,9,8.8,4.2
EMP003666,2024-12,4.22,1,14,0,FALSE,FALSE,473.49,1125.9,7.4,7.3,3.9
EMP003667,2024-12,3.98,0,17,0,FALSE,FALSE,363.44,930.79,6.4,7.3,4.1
EMP003668,2024-12,3.61,0,1,1,FALSE,FALSE,26.88,44.13,7.4,6.5,3.3
EMP003669,2024-12,4.09,3,18,0,FALSE,FALSE,415.05,1048.64,9.8,10,4
EMP003671,2024-12,3.94,1,18,0,FALSE,FALSE,197.1,855.13,7.4,8.2,3.7
EMP003672,2024-12,4,1,16,1,FALSE,FALSE,86.87,608.59,7,7.7,4.6
EMP003673,2024-12,3.49,1,21,0,FALSE,FALSE,99.3,621.31,5.5,4.2,3.4
EMP003674,2024-12,3.58,2,15,1,FALSE,TRUE,67.9,550.57,6.3,6.5,3.7
EMP003675,2024-12,3.61,0,11,2,FALSE,FALSE,103.03,651.2,6.1,5.5,3.1
EMP003676,2024-12,3.89,2,11,0,FALSE,FALSE,228.94,936.62,7.5,7,3.7
EMP003678,2024-12,3.98,2,31,1,FALSE,FALSE,1114.5,1686.56,8.3,9.1,3.7
EMP003679,2024-12,3.21,0,15,0,FALSE,FALSE,62.66,580.65,6.6,5.9,3.5
EMP003680,2024-12,4.04,1,10,1,FALSE,FALSE,226.66,879.69,7.7,7.1,4.1
EMP003681,2024-12,3.64,1,13,1,FALSE,FALSE,206.21,851.4,8.2,8.3,3.8
EMP003682,2024-12,4.08,1,11,1,FALSE,FALSE,101.6,606.64,6.5,6.1,4.5
EMP003683,2024-12,4.07,6,19,0,FALSE,FALSE,795.77,1262.09,9.5,9.4,4
EMP003684,2024-12,3.93,4,14,0,FALSE,FALSE,288.72,911.55,5.9,6.4,4
EMP003690,2024-12,2.99,1,11,2,FALSE,FALSE,76.44,683.13,6.3,6.1,3.6
EMP003692,2024-12,3.89,4,1,0,FALSE,FALSE,37.49,49.42,7.8,7.8,3.7
EMP003694,2024-12,2.95,2,14,1,FALSE,FALSE,63.98,554.46,5,5.2,2.7
EMP003695,2024-12,3.47,2,13,1,FALSE,FALSE,63.26,547.16,7.6,7,3.6
EMP003696,2024-12,4.32,2,14,0,FALSE,FALSE,229.2,919.38,8,7.4,4.2
EMP003698,2024-12,4,2,8,0,FALSE,FALSE,288.58,395.27,5.6,4.9,3.6
EMP003699,2024-12,2.75,2,16,2,FALSE,FALSE,72.22,534.14,5.6,6,2.6
EMP003700,2024-12,3.33,1,13,2,FALSE,FALSE,75.96,683.3,8.3,8.4,2.6
EMP003701,2024-12,3.87,0,8,0,FALSE,FALSE,57.28,223.01,6.6,6,3.4
EMP003702,2024-12,3.78,2,10,0,FALSE,FALSE,84.62,546.56,7.4,7.2,3.6
EMP003703,2024-12,4.09,1,20,0,FALSE,FALSE,399.99,1154.2,5.5,5.7,4.6
EMP003704,2024-12,3.15,3,15,0,FALSE,FALSE,157.49,917.69,6.6,6.9,3.3
EMP003705,2024-12,3.81,0,10,0,FALSE,FALSE,275.29,436.89,8.2,7.9,3.6
EMP003706,2024-12,3.47,2,9,0,FALSE,FALSE,137.84,669.19,6,5.5,4.1
EMP003707,2024-12,3.54,2,13,1,FALSE,FALSE,88.59,728.52,6.9,5.9,3.6
EMP003710,2024-12,3.65,0,5,4,FALSE,FALSE,111.25,267.04,5.9,5.9,3.3
EMP003712,2024-12,4.16,3,18,0,FALSE,FALSE,162.56,717.27,7.7,8.2,4
EMP003713,2024-12,3.87,2,3,1,FALSE,FALSE,42.72,202.65,7.1,7,4
EMP003714,2024-12,4.34,4,3,1,FALSE,FALSE,284.56,394.56,8.1,7.9,4.3
EMP003715,2024-12,4.23,6,21,2,FALSE,FALSE,1110.43,1484.41,9,8.6,3.8
EMP003716,2024-12,3.8,4,5,0,FALSE,FALSE,115.69,321.69,6.2,6.9,4
EMP003717,2024-12,4.02,1,16,0,FALSE,FALSE,206.76,817.12,7.9,7.5,3.8
EMP003718,2024-12,4.02,1,17,0,FALSE,FALSE,199.78,825.68,8,7.6,3.9
EMP003719,2024-12,3.96,5,10,1,FALSE,FALSE,94.37,545.03,8.4,9.7,3.3
EMP003721,2024-12,4.24,1,2,0,FALSE,FALSE,100.1,276.88,5,5.8,4.9
EMP003722,2024-12,3.59,0,8,1,FALSE,FALSE,219.2,906.94,6.8,6.4,3.4
EMP003723,2024-12,3.58,4,15,1,FALSE,FALSE,65.44,548.07,6.4,7,3.7
EMP003724,2024-12,3.58,4,1,0,FALSE,FALSE,47.87,58.15,7.4,6.8,4.1
EMP003725,2024-12,3.95,0,12,0,FALSE,FALSE,197.92,825.96,6.6,6.7,3.9
EMP003726,2024-12,3.61,0,3,1,FALSE,FALSE,79.13,277.64,8.3,9.6,3.6
EMP003727,2024-12,3.74,1,12,0,FALSE,FALSE,89.92,715.12,6.9,7.1,3.7
EMP003729,2024-12,3.76,5,11,0,FALSE,FALSE,88.09,585.13,8.4,8.1,4.1
EMP003730,2024-12,3.2,1,8,0,FALSE,FALSE,76.71,563.19,5.4,5.2,3.3
EMP003731,2024-12,3.98,0,5,0,FALSE,FALSE,58.51,212.1,8.9,10,4
EMP003732,2024-12,4.13,2,10,1,FALSE,FALSE,125.84,700.36,7.4,8.9,4.4
EMP003733,2024-12,3.95,5,3,0,FALSE,FALSE,113.57,315.1,7.1,6.6,3.5
EMP003734,2024-12,3.51,1,7,1,FALSE,FALSE,116.93,316.17,7.5,7.1,3.2
EMP003735,2024-12,3.73,2,1,0,FALSE,FALSE,53.7,227.47,8.7,7.3,3.3
EMP003737,2024-12,4.1,5,20,2,FALSE,FALSE,992.64,1736.96,6.2,6,4.4
EMP003738,2024-12,3.88,3,4,2,FALSE,FALSE,143.21,328.64,8,7.9,3
EMP003739,2024-12,3.91,5,19,0,FALSE,FALSE,425.99,1203.1,6.5,6.6,3.7
EMP003740,2024-12,3.78,1,5,2,FALSE,FALSE,120.74,289.64,8.1,8.5,3.7
EMP003741,2024-12,4.41,4,11,2,FALSE,FALSE,406.16,886.12,9.3,7.9,4.6
EMP003744,2024-12,4.23,5,5,0,TRUE,FALSE,333.7,449.01,7.3,6.7,4.4
EMP003745,2024-12,4.42,1,17,0,FALSE,FALSE,327.37,887.99,8.7,8.5,4.2
EMP003746,2024-12,4.19,0,16,0,FALSE,FALSE,404.45,1110.18,7.4,6.8,4.4
EMP003747,2024-12,3.69,1,16,0,FALSE,FALSE,69.29,576.14,9,7.7,4.1
EMP003749,2024-12,3.31,4,13,1,FALSE,FALSE,81.83,650.08,8.4,7.7,2.8
EMP003750,2024-12,3.66,1,14,0,FALSE,FALSE,71.3,562.75,7.7,5.8,3.8
EMP003751,2024-12,3.7,0,13,1,FALSE,FALSE,82.31,594.96,9.2,9.2,3
EMP003752,2024-12,4.52,2,13,1,TRUE,FALSE,128.19,706.86,7.3,7.6,4.7
EMP003753,2024-12,3.08,5,11,2,FALSE,FALSE,95.64,712.11,7.3,6.1,3.3
EMP003755,2024-12,4.11,3,0,0,FALSE,FALSE,71.35,56.13,5.8,7.2,4.4
EMP003756,2024-12,3.77,1,10,1,FALSE,FALSE,182.2,795.87,6.5,6.3,3.7
EMP003757,2024-12,3.44,4,11,0,FALSE,FALSE,75.55,542.08,7.6,7.2,3.6
EMP003758,2024-12,3.71,1,16,1,FALSE,FALSE,142.57,819.54,6.4,5.2,4
EMP003759,2024-12,3.35,3,10,0,FALSE,FALSE,75.33,646.06,7.6,7.1,3.5
EMP003761,2024-12,3.92,8,19,2,FALSE,FALSE,933.88,1485.66,6.8,6.8,3.6
EMP003762,2024-12,3.69,1,11,2,FALSE,FALSE,82.58,551.75,7.6,7.3,3.7
EMP003763,2024-12,4.05,1,13,1,FALSE,FALSE,429.26,1125.45,7.9,8.6,4.2
EMP003764,2024-12,4.06,4,23,1,FALSE,FALSE,971.34,1598.7,6.6,8.2,3.7
EMP003765,2024-12,3.46,3,11,0,FALSE,FALSE,85.67,527.85,7.3,5.8,3.9
EMP003766,2024-12,3.36,3,5,0,FALSE,FALSE,64.15,249.61,8.2,8.9,3.5
EMP003767,2024-12,4.17,3,5,0,FALSE,FALSE,280.38,398.03,5.3,5.9,4.2
EMP003769,2024-12,3.33,3,12,0,FALSE,FALSE,110.8,715.84,7.9,8.1,3.8
EMP003770,2024-12,3.91,5,4,0,FALSE,FALSE,301.81,417.33,8.5,7.3,3.7
EMP003771,2024-12,4.43,3,6,1,FALSE,FALSE,313.15,429.83,7.4,8.8,4.8
EMP003772,2024-12,3.31,3,5,1,FALSE,FALSE,53.73,222.8,8.7,10,3.3
EMP003774,2024-12,4.25,2,10,0,FALSE,FALSE,296.83,884.92,6.5,6.7,4.3
EMP003775,2024-12,4.04,3,13,0,FALSE,FALSE,364.14,1045.83,7.7,8.5,3.8
EMP003778,2024-12,3.92,3,0,0,FALSE,FALSE,90.23,52.45,9.4,10,3.8
EMP003779,2024-12,4.11,2,15,0,FALSE,FALSE,246.49,929.15,6.4,6.4,4.1
EMP003780,2024-12,4.21,4,24,2,FALSE,FALSE,793.76,1442.56,6.2,5.9,4.7
EMP003783,2024-12,3.95,0,7,1,FALSE,FALSE,98.66,565.75,6.1,6.1,3.7
EMP003785,2024-12,4.33,2,15,0,FALSE,FALSE,100.45,645.5,7.3,6.5,4.7
EMP003787,2024-12,4.44,1,15,0,FALSE,FALSE,176.15,762.49,6.3,5.2,4.1
EMP003788,2024-12,4.01,3,13,1,FALSE,FALSE,173.57,730.3,8,8.3,3.7
EMP003789,2024-12,3.43,2,14,0,FALSE,FALSE,189.28,853.17,6.7,6.5,3.6
EMP003791,2024-12,2.77,2,14,1,FALSE,FALSE,80.85,665.99,4.7,5.7,2.7
EMP003792,2024-12,4.06,0,24,1,FALSE,FALSE,367.6,973.89,8.2,8.2,4.1
EMP003793,2024-12,4.22,2,14,0,FALSE,FALSE,92.9,718.16,9.7,9.5,3.9
EMP003794,2024-12,3.21,1,3,0,FALSE,FALSE,46.13,251.42,6.5,6.3,3.2
EMP003795,2024-12,4.39,3,25,0,FALSE,FALSE,829.85,1208.37,7.8,7.4,4.7
EMP003796,2024-12,4.01,8,29,2,FALSE,FALSE,843.8,1193.85,7.5,8,4.2
EMP003797,2024-12,3.56,3,14,0,FALSE,FALSE,201.02,900.15,6.3,6.7,2.8
EMP003798,2024-12,3.47,1,16,0,FALSE,FALSE,122.5,742.14,7.3,8.2,3.2
EMP003799,2024-12,3.38,4,10,2,FALSE,FALSE,66.06,612.31,5.5,5.5,3.1
EMP003802,2024-12,3.98,1,6,1,FALSE,FALSE,71.01,255.34,6.7,7.6,4.5
EMP003803,2024-12,3.67,2,2,1,FALSE,TRUE,59.78,256.34,5.5,6.2,3.6
EMP003804,2024-12,3.55,2,10,0,FALSE,FALSE,94.29,712.49,8.3,7.5,4.2
EMP003805,2024-12,3.53,1,18,0,FALSE,FALSE,72.86,604.6,8,7.7,3.6
EMP003807,2024-12,3.82,2,10,0,FALSE,FALSE,47.75,191.55,5.9,5.2,4.3
EMP003808,2024-12,3.34,3,11,0,FALSE,FALSE,195.53,923.6,4.4,5.1,3.3
EMP003809,2024-12,4.28,4,5,0,FALSE,FALSE,1316.18,857.24,6.8,5.7,3.7
EMP003812,2024-12,3.33,0,3,0,FALSE,FALSE,39.71,55.35,6.7,7.2,3.7
EMP003814,2024-12,4.55,7,5,0,FALSE,FALSE,670.46,607.45,8.4,7.9,4.5
EMP003815,2024-12,4.05,2,18,1,FALSE,FALSE,236.39,929.45,8.9,9.4,3.7
EMP003817,2024-12,4.31,1,14,0,FALSE,FALSE,186.9,893.74,8.8,9.2,4.3
EMP003818,2024-12,3.51,4,14,2,FALSE,FALSE,144.56,697.57,6,7,2.9
EMP003819,2024-12,4.03,2,7,0,FALSE,FALSE,455.7,1221.04,8.7,8.4,3.6
EMP003820,2024-12,3.56,4,16,1,FALSE,FALSE,173.86,774.76,8,9,3.2
EMP003821,2024-12,4.28,0,1,1,FALSE,FALSE,126.72,73.3,8.7,7.2,4.4
EMP003822,2024-12,3.18,2,12,1,FALSE,FALSE,65.49,582.15,6.6,7.1,3.3
EMP003823,2024-12,3.32,1,12,0,FALSE,FALSE,71.37,584.33,6.4,5.1,2.9
EMP003824,2024-12,3.81,2,12,1,FALSE,FALSE,97.69,589.39,6.2,7.1,4.1
EMP003825,2024-12,3.66,1,12,1,FALSE,FALSE,96.43,665.46,7.7,7,3.4
EMP003826,2024-12,4.14,3,11,0,FALSE,FALSE,233.5,860.62,6.3,6.8,4.5
EMP003827,2024-12,3.95,0,3,0,FALSE,FALSE,265.18,360.1,7.2,7.2,4.3
EMP003828,2024-12,3.55,1,10,0,FALSE,FALSE,299.61,920.49,6.8,7.4,3.7
EMP003829,2024-12,3.65,3,11,0,FALSE,FALSE,157.83,848.88,6.8,7.5,3.6
EMP003830,2024-12,4.05,1,4,0,FALSE,FALSE,125.47,724.88,6.4,7.6,3.6
EMP003831,2024-12,4.02,5,1,0,FALSE,FALSE,435.34,137.88,7.6,8.1,3.9
EMP003832,2024-12,3.15,1,8,0,FALSE,FALSE,61.73,243.71,6.3,4.6,3.8
EMP003834,2024-12,4.7,3,22,0,TRUE,FALSE,964.64,1417.11,7.9,7.6,4.5
EMP003835,2024-12,3.23,1,0,0,FALSE,FALSE,34.81,198.44,3.4,4.3,3.2
EMP003837,2024-12,4,5,17,0,FALSE,FALSE,184.78,867.66,5.5,5.3,4.4
EMP003838,2024-12,4,1,16,0,FALSE,FALSE,302.97,941.43,9.2,9.8,3.9
EMP003839,2024-12,3.34,3,12,1,FALSE,FALSE,101.22,686.89,5.3,4,3.2
EMP003840,2024-12,3.42,5,3,1,FALSE,FALSE,54,207.95,8.2,8.5,3.7
EMP003841,2024-12,4.37,1,11,2,FALSE,FALSE,106.33,707.19,7,6.1,4.4
EMP003842,2024-12,3.88,1,6,0,FALSE,FALSE,131.56,299.46,6.9,7.8,4
EMP003843,2024-12,4.12,3,22,0,FALSE,FALSE,903.43,1665.54,9.3,8.8,4.6
EMP003844,2024-12,4.27,1,6,1,FALSE,FALSE,223.2,376.72,9.2,8.2,4.6
EMP003845,2024-12,3.59,1,0,1,FALSE,FALSE,77.65,61.95,9.5,9,3.7
EMP003846,2024-12,3.29,2,13,2,FALSE,FALSE,63.02,545.34,6.1,6.2,3.1
EMP003847,2024-12,3.56,3,11,0,FALSE,FALSE,72.67,617.66,7.1,9.1,3.7
EMP003848,2024-12,3.53,4,11,0,FALSE,FALSE,146.67,708.17,8.7,9.2,3.4
EMP003850,2024-12,4.46,10,5,1,FALSE,FALSE,579.32,493.63,8.7,10,4.4
EMP003851,2024-12,4.45,0,15,1,FALSE,FALSE,153.6,722.86,8.8,8.8,4.1
EMP003852,2024-12,3.81,2,2,0,FALSE,FALSE,107.38,256.04,5.1,4.3,4
EMP003853,2024-12,3.73,3,11,0,FALSE,FALSE,160.54,690.72,7.9,8.5,3.4
EMP003856,2024-12,4.14,3,19,1,FALSE,FALSE,68,534.81,6.3,4.6,4.2
EMP003858,2024-12,3.37,0,12,0,FALSE,FALSE,63,588.59,5.9,5.8,3.2
EMP003859,2024-12,2.76,3,10,0,FALSE,FALSE,77.59,665.75,5.6,6.8,2.8
EMP003861,2024-12,4.54,3,1,1,FALSE,FALSE,188.58,326.67,8.6,8,4.4
EMP003862,2024-12,3.04,1,13,0,FALSE,FALSE,81.79,650.97,5.1,4.2,3.1
EMP003865,2024-12,3.34,3,4,0,FALSE,FALSE,83.13,304.8,8.2,9,3.1
EMP003866,2024-12,4.06,1,5,0,FALSE,FALSE,183.44,357.08,8.8,9.5,4
EMP003867,2024-12,3.75,4,4,0,FALSE,FALSE,52.81,256.46,8.3,8,3.7
EMP003868,2024-12,3.7,4,13,0,FALSE,FALSE,136.66,680.48,7.5,7.9,3.1
EMP003869,2024-12,3.23,1,13,1,FALSE,FALSE,74.59,551.12,5.9,5.4,3.2
EMP003871,2024-12,3.52,1,10,0,FALSE,FALSE,106.75,687.32,6.6,7.9,3.7
EMP003872,2024-12,4.33,2,2,0,FALSE,FALSE,215.69,396.91,9.5,9.6,4.7
EMP003873,2024-12,3.51,1,7,1,FALSE,FALSE,55.96,241.1,6.5,5.3,4
EMP003874,2024-12,3.27,1,13,0,FALSE,FALSE,69.21,616.3,4.8,5.9,3.5
EMP003876,2024-12,3.45,1,6,0,FALSE,FALSE,279.35,420.43,6.9,6.1,3.4
EMP003877,2024-12,3.36,2,7,0,FALSE,FALSE,93.92,284.2,7,6.7,2.8
EMP003878,2024-12,3.89,1,7,0,FALSE,FALSE,210.63,906.18,9.2,9.7,4
EMP003879,2024-12,4.15,2,12,1,FALSE,FALSE,384.66,910.66,6.5,5.2,4.3
EMP003880,2024-12,3.64,2,24,1,FALSE,FALSE,158.72,711.2,7.5,6.9,3.4
EMP003881,2024-12,3.99,1,17,0,FALSE,FALSE,495.19,1102.06,8.4,8.2,3.7
EMP003882,2024-12,4.32,4,17,0,FALSE,FALSE,1122.55,1556.9,6,6.4,3.6
EMP003883,2024-12,4.07,3,12,1,FALSE,FALSE,467.41,496.81,6.8,6.5,4.8
EMP003885,2024-12,4,3,9,1,FALSE,FALSE,96.38,550.15,6.5,7.4,3.3
EMP003886,2024-12,4.03,2,10,0,FALSE,FALSE,212.8,857.66,8.8,8.2,3.7
EMP003888,2024-12,4.12,1,11,2,FALSE,FALSE,84.17,569.39,7.9,7.4,4.2
EMP003889,2024-12,3.24,2,14,2,FALSE,FALSE,77.68,658,6.8,7.5,3.3
EMP003890,2024-12,3.87,2,1,0,FALSE,FALSE,61.43,214.88,8.4,7.5,4.2
EMP003891,2024-12,3.28,2,8,0,FALSE,FALSE,42.47,202.39,6.4,6.2,3.6
EMP003892,2024-12,3.61,3,13,1,FALSE,FALSE,113.04,673.5,7.8,7.9,3.8
EMP003893,2024-12,3.56,3,10,2,FALSE,FALSE,102.3,651.68,10,9.7,3.3
EMP003894,2024-12,4.36,3,11,0,FALSE,FALSE,448.39,1148.78,5.4,5.7,4.4
EMP003895,2024-12,4.43,2,8,0,FALSE,FALSE,234.52,844.16,9.5,9.2,4.1
EMP003896,2024-12,4.19,3,9,0,FALSE,FALSE,64.53,229.72,8.7,9.7,4.6
EMP003897,2024-12,3.36,2,11,2,FALSE,FALSE,107.25,681.5,6.1,5.1,3.9
EMP003898,2024-12,3.45,2,19,1,FALSE,FALSE,99.67,647.56,5,4.5,3.5
EMP003900,2024-12,4.44,5,10,1,FALSE,FALSE,628.06,567.08,9.6,10,4.8
EMP003901,2024-12,4.15,1,24,1,FALSE,FALSE,98.65,702.03,8.3,8.6,3.7
EMP003902,2024-12,3.88,3,15,0,FALSE,FALSE,169.97,924.88,7.5,7.5,3.6
EMP003904,2024-12,3.75,6,1,0,FALSE,FALSE,60.16,64.51,8.4,8.8,4
EMP003905,2024-12,4.12,1,2,0,FALSE,FALSE,100.19,285.5,5.7,6,4.5
EMP003906,2024-12,4.07,6,30,1,FALSE,FALSE,1233.01,1746.02,7.5,7.7,4.1
EMP003907,2024-12,4.2,1,12,2,FALSE,FALSE,452.94,1126.3,7.9,8.8,4.2
EMP003908,2024-12,4.04,2,13,0,FALSE,FALSE,207.27,850.61,5.4,5.9,3.9
EMP003910,2024-12,3.66,3,13,0,FALSE,FALSE,84.79,690.28,8,9.4,3.8
EMP003911,2024-12,2.99,3,11,3,FALSE,FALSE,73.56,561.92,6.4,5.3,2.8
EMP003912,2024-12,4.26,2,10,0,FALSE,FALSE,380.19,1181.65,9.5,10,4.2
EMP003913,2024-12,3.83,1,12,1,FALSE,FALSE,143.24,704.43,7.8,8.7,3.5
EMP003914,2024-12,3.89,2,3,1,FALSE,FALSE,101.55,270.02,9.4,8.6,3.8
EMP003915,2024-12,4.11,1,7,0,FALSE,FALSE,130.31,284.89,8.8,8.2,4.6
EMP003916,2024-12,3,3,14,0,FALSE,FALSE,64.69,602.56,8.5,7,2.9
EMP003917,2024-12,3.94,1,5,0,FALSE,FALSE,49.14,193.44,9.5,10,4.4
EMP003918,2024-12,3.19,1,11,4,FALSE,FALSE,66.14,641.84,7.4,6.8,3.3
EMP003919,2024-12,4.19,6,9,2,FALSE,TRUE,363.1,908.73,7,7.9,3.9
EMP003920,2024-12,3.54,1,4,2,FALSE,FALSE,112.06,323.39,7,6.4,3.5
EMP003921,2024-12,4.17,3,10,0,FALSE,FALSE,257.06,353.11,7.7,8.5,4.1
EMP003922,2024-12,4.52,6,13,0,FALSE,FALSE,814.82,1299.63,7.6,7.4,4.7
EMP003923,2024-12,4.23,5,18,0,FALSE,FALSE,417.64,1045.21,9.6,8.3,4.5
EMP003925,2024-12,3.29,3,16,3,FALSE,FALSE,88.86,571.07,5.4,6.6,3.1
EMP003926,2024-12,3.83,3,8,1,FALSE,FALSE,176.73,321.46,7.9,8.3,3.6
EMP003927,2024-12,2.92,3,9,1,FALSE,FALSE,90.1,653.4,5.2,5.3,3.2
EMP003928,2024-12,4.36,2,11,0,FALSE,FALSE,199.97,858.12,8.1,8,4.3
EMP003930,2024-12,4.13,1,11,0,FALSE,FALSE,380.36,1092.62,6.3,7.7,4
EMP003931,2024-12,3.89,2,5,2,FALSE,FALSE,60.2,66.56,9.9,10,4
EMP003933,2024-12,4.35,4,13,0,FALSE,FALSE,1035.46,1521.86,7.5,7.3,4.6
EMP003934,2024-12,3.65,3,17,0,FALSE,FALSE,70.67,581.87,8.8,9.1,3.6
EMP003937,2024-12,4.28,4,6,0,FALSE,FALSE,210.14,391.11,5.5,5.3,4.1
EMP003938,2024-12,3.55,1,11,0,FALSE,FALSE,188.75,815.92,7.4,6.7,3.3
EMP003939,2024-12,3.11,2,9,1,FALSE,FALSE,44.31,250.41,7.2,6.6,3.3
EMP003940,2024-12,4.09,2,12,0,FALSE,FALSE,241.3,911.74,6.6,5.2,4.2
EMP003944,2024-12,4.3,0,4,1,FALSE,FALSE,97.23,72.6,6,5.2,4.5
EMP003945,2024-12,3.7,2,11,0,FALSE,FALSE,211.08,885.32,9.1,9.9,3.5
EMP003946,2024-12,3.92,1,14,1,FALSE,FALSE,304.4,934.95,6.3,6.7,3.5
EMP003948,2024-12,3.86,2,19,1,FALSE,FALSE,140.96,682.19,7.7,7.1,4.3
EMP003949,2024-12,3.92,4,11,0,FALSE,FALSE,291.78,913.73,6.1,6.3,4.3
EMP003950,2024-12,3.76,1,18,1,FALSE,FALSE,208.26,909.71,8.6,7.1,3.7
EMP003951,2024-12,3.51,2,15,3,FALSE,FALSE,76.64,546.25,5.9,6.1,3.4
EMP003952,2024-12,3.6,1,10,1,FALSE,TRUE,77.55,558.2,6.4,5.5,3.6
EMP003953,2024-12,4.7,6,25,0,FALSE,FALSE,2941.99,2600.2,6.3,5.4,4.5
EMP003954,2024-12,3.79,1,11,1,FALSE,FALSE,215.23,899.2,7.7,8.1,4.2
EMP003955,2024-12,3.68,3,7,0,FALSE,FALSE,91.95,587.12,6.2,6,3.8
EMP003956,2024-12,3.97,5,17,0,FALSE,FALSE,1152.17,1617.27,7.7,8,4.1
EMP003959,2024-12,3.71,1,12,0,FALSE,FALSE,69.58,544.27,7.3,5.9,4
EMP003960,2024-12,4.32,5,4,1,FALSE,FALSE,651.96,528.24,8,8.1,4.5
EMP003961,2024-12,3.65,1,14,0,FALSE,FALSE,205.96,933.98,7.7,7.7,3.7
EMP003962,2024-12,3.27,0,15,0,FALSE,FALSE,151.72,884.74,5.5,5.5,3.5
EMP003964,2024-12,3.77,1,17,0,FALSE,FALSE,65.21,558.72,6.8,6.6,4
EMP003965,2024-12,3.25,4,2,0,FALSE,FALSE,23.56,42.18,6.1,6.3,3.5
EMP003966,2024-12,3.58,5,2,0,FALSE,FALSE,71.53,241.08,6.6,6.7,3.7
EMP003967,2024-12,4.08,1,15,0,FALSE,FALSE,89.68,612.61,6.4,7.9,4
EMP003969,2024-12,3.39,2,11,2,FALSE,FALSE,103.11,652.51,6.6,6.6,3.2
EMP003970,2024-12,3.48,1,18,2,FALSE,FALSE,116.46,674.77,7.7,8.9,3.7
EMP003971,2024-12,3.9,4,10,0,FALSE,FALSE,222.1,870.04,6.8,6.5,3.8
EMP003972,2024-12,4.53,5,12,1,FALSE,FALSE,1305.42,1702.18,8.4,8.2,5
EMP003973,2024-12,3.46,3,6,0,FALSE,FALSE,160.28,819.25,8.2,7.6,4.3
EMP003974,2024-12,4.3,1,16,0,FALSE,FALSE,308.86,928.72,7.7,8.5,3.9
EMP003975,2024-12,3.79,1,12,0,FALSE,FALSE,209.03,840.68,5.7,6.5,4.1
EMP003976,2024-12,3.52,2,12,0,FALSE,FALSE,60.83,526.6,7.7,7.7,3.1
EMP003977,2024-12,3.81,2,8,2,FALSE,FALSE,42.17,190.9,7.5,7.8,3.8
EMP003978,2024-12,3.7,3,10,1,FALSE,FALSE,86.56,543.23,7.1,7,3.6
EMP003979,2024-12,3.49,1,11,2,FALSE,FALSE,81.42,601.35,7.3,6.3,3.3
EMP003981,2024-12,3.42,0,17,0,FALSE,FALSE,96.73,726.33,7.2,5.8,3.6
EMP003982,2024-12,3.41,0,4,0,FALSE,FALSE,76.66,73.26,7.6,6.6,3.1
EMP003984,2024-12,3.92,3,5,0,FALSE,FALSE,59.88,257.12,8.6,8.2,4
EMP003986,2024-12,3.51,2,15,1,FALSE,FALSE,89.26,672.21,7.7,7.6,3.5
EMP003987,2024-12,4.59,10,10,2,FALSE,FALSE,580.94,626.71,7.9,8.2,4.2
EMP003988,2024-12,3.05,3,3,3,FALSE,FALSE,75.29,627.6,6,5.9,2.6
EMP003989,2024-12,3.5,4,17,0,FALSE,FALSE,177.57,729.64,8.1,8.6,3.5
EMP003990,2024-12,3.49,2,14,1,FALSE,FALSE,83.38,588.51,5.9,5.9,3.5
EMP003991,2024-12,3.32,2,4,0,FALSE,FALSE,55.88,231.88,4.4,5.4,3.1
EMP003992,2024-12,3.35,1,14,0,FALSE,FALSE,68.98,539.91,6.1,7.1,4.2
EMP003994,2024-12,3.63,4,13,1,FALSE,FALSE,275.45,917.46,7.6,8.3,3.8
EMP003996,2024-12,4.13,0,3,0,FALSE,FALSE,76.79,253.63,7.7,7.8,4.1
EMP003997,2024-12,4.06,5,3,0,FALSE,FALSE,360.08,427.14,5.7,5.9,3.8
EMP003998,2024-12,4.25,2,2,1,FALSE,FALSE,305.09,388.99,6.6,6.9,4.4
EMP003999,2024-12,4.05,2,5,0,FALSE,FALSE,64.51,213.49,8,8.9,3.9
EMP004000,2024-12,4.12,4,13,0,FALSE,FALSE,304.22,981.75,7.4,6.5,3.9
EMP004001,2024-12,3.81,2,22,0,FALSE,FALSE,181.08,926.83,6,6.3,3.6
EMP004003,2024-12,2.79,5,11,2,FALSE,FALSE,79.3,692.01,5.9,4.9,2.3
EMP004006,2024-12,3.57,1,13,1,FALSE,FALSE,212.33,926.97,6.2,4.4,3.5
EMP004008,2024-12,4.39,7,7,1,FALSE,FALSE,1497.11,1068.22,10,9.9,4.5
EMP004009,2024-12,4.85,5,24,0,FALSE,FALSE,1125.35,1643.58,7.2,6.3,4.7
EMP004011,2024-12,3.48,2,15,0,FALSE,FALSE,138.5,803.01,7.6,8.1,3.6
EMP004012,2024-12,3.24,1,16,0,FALSE,FALSE,70.37,532.34,6.8,5.1,2.7
EMP004013,2024-12,4.11,1,10,2,FALSE,FALSE,349.01,947.49,6.7,6.1,4.5
EMP004014,2024-12,4.23,5,16,0,FALSE,FALSE,978.95,1523.62,7.3,8.4,4.3
EMP004015,2024-12,3.89,1,5,1,FALSE,FALSE,61.69,210.74,7.9,7.1,4.1
EMP004016,2024-12,3.62,5,18,0,FALSE,FALSE,86.51,560.96,6.5,7.2,3.6
EMP004017,2024-12,4.04,1,10,1,FALSE,FALSE,80.82,599.37,7.5,8,4.5
EMP004018,2024-12,3.71,4,3,0,FALSE,FALSE,93.74,311.71,7.4,8.4,3.8
EMP004019,2024-12,3.05,1,14,0,FALSE,FALSE,95.4,645.67,8.2,8,3.2
EMP004020,2024-12,3.51,2,13,1,FALSE,FALSE,101.13,629.49,8.3,8.4,3.4
EMP004021,2024-12,3.34,2,13,1,FALSE,FALSE,94.11,599.19,6.8,7.2,3.2
EMP004022,2024-12,3.28,2,17,1,FALSE,FALSE,84.08,575.12,6.5,6.7,3.5
EMP004023,2024-12,3.94,4,26,1,FALSE,FALSE,172.45,779.23,9.7,10,4.1
EMP004024,2024-12,4.17,2,11,0,FALSE,FALSE,114.21,615.91,7,7.9,3.6
EMP004025,2024-12,4.14,3,16,3,FALSE,FALSE,242.11,906.69,7.4,7.9,4.1
EMP004028,2024-12,3.55,1,8,1,FALSE,FALSE,43.98,226.03,8.5,8.6,3.5
EMP004031,2024-12,3.98,0,3,2,FALSE,FALSE,53.98,195.64,9.4,10,3.7
EMP004033,2024-12,2.82,2,19,1,FALSE,FALSE,74.55,647.33,7.9,8.1,2.9
EMP004034,2024-12,3.76,2,8,1,FALSE,FALSE,226.65,902.09,7.2,7.2,3.4
EMP004035,2024-12,3.94,3,11,1,FALSE,FALSE,190.57,733.42,7,6.3,4.3
EMP004036,2024-12,3.66,1,3,0,FALSE,FALSE,47.25,221.81,5.1,4.9,3.7
EMP004037,2024-12,4.02,2,1,1,FALSE,FALSE,90.14,50.39,10,10,4
EMP004038,2024-12,3.65,3,5,1,FALSE,FALSE,47.36,199.67,10,9.7,3.6
EMP004039,2024-12,3.76,3,11,3,FALSE,FALSE,231.9,937.49,8.1,7.6,3.5
EMP004040,2024-12,2.92,1,11,0,FALSE,FALSE,84.82,666.01,5.9,5.9,3.2
EMP004041,2024-12,3.66,2,11,0,FALSE,FALSE,88.47,597.77,7.2,7.6,3.4
EMP004042,2024-12,3.35,2,9,0,FALSE,FALSE,47.57,216.43,8.7,8.2,3.6
EMP004043,2024-12,4.08,0,16,1,FALSE,FALSE,237.22,890.68,7.5,6.7,4
EMP004044,2024-12,3.86,1,22,3,FALSE,FALSE,177.26,696.35,7.1,8.3,4
EMP004045,2024-12,4.39,3,16,1,FALSE,FALSE,339.53,952.15,7.4,7.6,4
EMP004046,2024-12,4,1,15,1,FALSE,FALSE,70.89,523.35,8.6,8.6,3.6
EMP004047,2024-12,3.36,2,12,1,FALSE,FALSE,148.56,926.22,4.5,4.5,3.2
EMP004049,2024-12,3.55,5,11,3,FALSE,FALSE,88.58,676.57,7,7.4,3.5
EMP004051,2024-12,3.91,0,17,1,FALSE,FALSE,134.79,689.56,7,5.7,4
EMP004052,2024-12,3.77,0,7,1,FALSE,FALSE,108.16,727.68,8,7.1,3.9
EMP004053,2024-12,4.05,1,0,3,FALSE,FALSE,432,88.88,8.6,9.6,3.9
EMP004055,2024-12,4.02,3,17,1,FALSE,FALSE,513.41,1209.55,6.8,5,4.2
EMP004056,2024-12,3.75,0,13,0,FALSE,FALSE,68.12,588.52,5.8,5.7,3.7
EMP004057,2024-12,3.79,3,9,0,FALSE,FALSE,106.69,293.04,6.6,6.2,4.1
EMP004058,2024-12,3.59,3,13,1,FALSE,FALSE,151.45,898.23,7.2,6.9,4.1
EMP004059,2024-12,3.95,0,9,0,FALSE,FALSE,375.9,1237.6,7.7,7.7,4.4
EMP004061,2024-12,4.2,3,3,0,FALSE,FALSE,819.69,97.44,8.1,7.8,3.7
EMP004062,2024-12,4.01,4,7,0,FALSE,FALSE,364.77,437.02,10,9.4,4.4
EMP004063,2024-12,3.93,0,13,1,FALSE,FALSE,71.69,533.12,6.1,6.1,3.8
EMP004064,2024-12,3.41,5,14,0,FALSE,FALSE,94.59,671.75,7.7,8,3.7
EMP004065,2024-12,4.22,0,16,1,FALSE,FALSE,167.39,784.46,8.5,7.8,4
EMP004066,2024-12,4.25,2,1,0,FALSE,FALSE,249.69,381.01,8.5,8.3,4.5
EMP004067,2024-12,4.17,1,9,1,FALSE,FALSE,491.8,1160.39,7.5,7.4,3.8
EMP004068,2024-12,3.68,1,12,0,FALSE,FALSE,158.49,796.02,7.8,7.2,4
EMP004069,2024-12,4.15,2,7,1,FALSE,FALSE,73.6,244.72,7.3,7.2,4.4
EMP004070,2024-12,3.81,3,10,2,FALSE,FALSE,162.43,811.42,7.8,5.9,4
EMP004071,2024-12,4.14,5,27,0,FALSE,FALSE,852.51,1245.11,6.1,6.8,4.7
EMP004073,2024-12,4.13,2,13,0,FALSE,FALSE,99.77,717.2,7.2,6.7,3.8
EMP004074,2024-12,4,0,5,3,FALSE,FALSE,363.79,1171.98,8.4,8,3.7
EMP004076,2024-12,3.59,4,2,0,FALSE,FALSE,27.95,47.15,5.6,6,3.7
EMP004077,2024-12,3.69,2,21,2,FALSE,FALSE,180.85,906.17,6.3,6.4,3.8
EMP004078,2024-12,3.86,3,4,1,FALSE,FALSE,83.42,676.91,7.7,7,3.3
EMP004079,2024-12,3.53,1,9,2,FALSE,FALSE,88.26,710.73,9.1,8.2,3.4
EMP004080,2024-12,3.57,2,7,2,FALSE,FALSE,84.87,591.49,8.7,8.3,3.5
EMP004081,2024-12,4.44,2,3,1,FALSE,FALSE,160.95,59.36,8.4,7.5,4.2
EMP004083,2024-12,4.93,0,9,0,FALSE,FALSE,557.27,1093.67,10,10,4.9
EMP004084,2024-12,4.53,8,18,0,FALSE,FALSE,1976.8,2002.45,6,5.9,4.9
EMP004086,2024-12,4.56,3,7,0,FALSE,FALSE,430.2,1196.08,6.8,6.8,4.1
EMP004088,2024-12,3.58,2,9,1,FALSE,FALSE,118.09,723.89,6.5,8.2,3.8
EMP004089,2024-12,3.59,5,8,1,FALSE,FALSE,50.43,224.14,7.7,7.3,3.3
EMP004092,2024-12,2.98,1,11,0,FALSE,FALSE,63.15,627.89,6.4,6.7,2.9
EMP004094,2024-12,3.78,0,9,0,FALSE,FALSE,79.23,549.09,8.1,8.2,4.1
EMP004096,2024-12,3.3,3,17,1,FALSE,FALSE,78.63,606.95,7.8,9.4,3.4
EMP004097,2024-12,4.01,0,11,0,FALSE,FALSE,172.12,789.94,7.2,7.6,4.4
EMP004099,2024-12,3.21,2,10,0,FALSE,FALSE,76.16,544.18,5.5,5.2,3
EMP004100,2024-12,4.42,0,14,0,FALSE,FALSE,446.09,910.92,6.8,7.4,4.5
EMP004101,2024-12,4.08,1,9,1,FALSE,FALSE,154.81,762.02,7.7,6.9,4.1
EMP004103,2024-12,3.78,3,11,0,FALSE,FALSE,175.24,847.83,7.9,9.6,4.1
EMP004105,2024-12,3.85,0,20,1,FALSE,FALSE,118.58,709.08,6.2,5.8,3.4
EMP004106,2024-12,3.86,3,13,0,FALSE,FALSE,229.64,894.82,8.4,8.3,4
EMP004107,2024-12,3.88,1,9,0,FALSE,FALSE,81.32,561.34,8.2,6.9,3.5
EMP004108,2024-12,3.55,1,9,0,FALSE,FALSE,86.15,626.46,8.5,8.3,3.4
EMP004109,2024-12,3.43,1,9,0,FALSE,FALSE,88.58,561.44,6.6,5.5,3.6
EMP004110,2024-12,3.78,1,16,0,FALSE,FALSE,96.48,690.38,7.3,7.4,4
EMP004111,2024-12,3.93,3,3,1,FALSE,FALSE,78.28,65.51,8,7.5,3.7
EMP004112,2024-12,3.41,3,12,1,FALSE,FALSE,143.1,861.22,8.1,8.4,3.2
EMP004113,2024-12,3.75,4,12,0,FALSE,FALSE,101.53,618.31,7.6,8,3.1
EMP004114,2024-12,3.81,3,6,0,FALSE,FALSE,82.17,547.16,6.7,7.8,3.8
EMP004115,2024-12,4.29,1,14,2,FALSE,FALSE,420.95,1195.61,8.2,7.7,3.9
EMP004116,2024-12,4.53,6,21,0,FALSE,FALSE,2938.66,2646.22,8.3,8.3,5
EMP004117,2024-12,3.65,3,10,0,FALSE,FALSE,96.01,617.54,7.1,8.5,3.3
EMP004118,2024-12,3.47,3,9,1,FALSE,FALSE,218.46,895.15,4.4,3,3.4
EMP004119,2024-12,3.41,5,6,0,FALSE,FALSE,58.46,229.84,7.6,8.4,3.5
EMP004121,2024-12,3.81,2,8,1,FALSE,FALSE,98.96,692.07,7.8,7.7,4
EMP004122,2024-12,3.87,2,6,0,FALSE,FALSE,225.15,348.89,7.3,6.1,4.2
EMP004123,2024-12,4.23,0,7,0,FALSE,FALSE,104.46,329.34,7.5,7.3,4
EMP004124,2024-12,3.83,2,11,1,FALSE,FALSE,169.68,699.34,6.6,6.5,3.7
EMP004125,2024-12,3.73,1,10,3,FALSE,FALSE,389.94,1223.28,7.2,6.5,4.1
EMP004126,2024-12,3.57,0,23,1,FALSE,FALSE,180.3,901.28,7.6,7.4,3.6
EMP004127,2024-12,3.84,3,14,1,FALSE,FALSE,108.61,680.83,8.9,8.3,3.8
EMP004129,2024-12,3.98,0,15,0,FALSE,FALSE,370.93,927.47,6.3,5.6,4
EMP004130,2024-12,4.48,6,21,0,FALSE,FALSE,1196.92,1577.18,7.5,6.1,4.7
EMP004131,2024-12,4.12,4,10,0,FALSE,FALSE,380.73,1144.26,7.4,6.8,4.4
EMP004132,2024-12,3.93,1,16,1,FALSE,FALSE,187.45,766.03,7.5,7.6,4.1
EMP004136,2024-12,3.12,1,12,0,FALSE,FALSE,74.55,670.51,7.2,5.9,3.5
EMP004137,2024-12,4.16,1,7,0,FALSE,FALSE,420.4,1024.82,7.2,7.2,4
EMP004138,2024-12,3.3,2,14,1,FALSE,FALSE,175.83,761.43,7.1,8.5,3
EMP004140,2024-12,4.03,0,4,0,FALSE,FALSE,214.24,363.51,8.6,10,4.5
EMP004141,2024-12,2.83,0,7,0,FALSE,FALSE,48.79,236.49,7.9,7.5,2.4
EMP004142,2024-12,4.1,1,3,1,FALSE,FALSE,182.11,338.76,8.3,8.8,3.7
EMP004143,2024-12,4.05,4,1,1,FALSE,FALSE,291.2,75.72,8.8,7.6,4.3
EMP004144,2024-12,3.02,2,11,1,FALSE,FALSE,82.37,715.65,5.2,6.3,3.3
EMP004145,2024-12,4.1,2,11,0,FALSE,FALSE,161.64,675.46,9.3,8,3.5
EMP004146,2024-12,2.92,0,11,1,FALSE,FALSE,97.04,727.12,6.4,7.4,3.1
EMP004148,2024-12,4.41,4,14,0,FALSE,FALSE,169.43,791.74,8.4,9.4,4.2
EMP004149,2024-12,3.66,4,11,1,FALSE,FALSE,63.41,539.53,8.9,9.9,3.1
EMP004150,2024-12,4.65,4,16,2,FALSE,FALSE,3005.53,2537.42,7.4,6.6,4.9
EMP004152,2024-12,3.52,1,18,2,FALSE,FALSE,107.42,668.03,6.7,7.7,3.4
EMP004154,2024-12,4.3,2,15,0,FALSE,FALSE,419.47,932.19,7.5,7.6,4.5
EMP004155,2024-12,4.63,3,18,0,FALSE,FALSE,481.9,1081.84,7.5,8.2,5
EMP004157,2024-12,3.58,1,13,0,FALSE,FALSE,160.51,924.17,9.8,10,3.7
EMP004161,2024-12,4.53,5,8,1,FALSE,FALSE,499.45,482.2,9.3,10,4.5
EMP004162,2024-12,3.58,4,13,0,FALSE,FALSE,94.86,680.58,9.7,8.7,3.2
EMP004163,2024-12,4.03,11,11,1,FALSE,FALSE,510.35,598.18,8.6,8.2,3.9
EMP004164,2024-12,3.46,7,8,3,FALSE,FALSE,214.78,879.87,8.1,8.5,3.8
EMP004166,2024-12,2.88,1,14,0,FALSE,FALSE,74.05,693.37,5.6,5.4,2.5
EMP004167,2024-12,3.92,0,5,0,FALSE,FALSE,109.99,253.76,7.2,7.4,3.9
EMP004168,2024-12,2.95,1,5,0,FALSE,FALSE,34.49,198.88,5,4,3.2
EMP004169,2024-12,4.21,3,12,1,FALSE,FALSE,403.94,912.45,7.6,7.4,4.4
EMP004170,2024-12,4.22,5,13,1,FALSE,FALSE,404.46,930.25,7.8,8.4,4.8
EMP004171,2024-12,3.67,1,10,0,FALSE,FALSE,187.59,894.28,7.8,7.5,3.4
EMP004172,2024-12,3.56,2,12,1,FALSE,FALSE,181.68,831.04,7.6,6.1,3.7
EMP004173,2024-12,3.8,5,12,3,FALSE,FALSE,194.01,755.48,8,7.7,3.7
EMP004174,2024-12,3.37,3,5,1,FALSE,FALSE,55.07,218.78,7.1,7.7,3.2
EMP004176,2024-12,2.91,4,3,0,FALSE,FALSE,48.62,252.01,6.3,6.5,2.8
EMP004177,2024-12,3.78,2,1,1,FALSE,FALSE,40.77,51.18,8.4,8.2,3.9
EMP004178,2024-12,3.53,1,8,0,FALSE,FALSE,157.91,797.46,7.2,6.8,3.7
EMP004179,2024-12,4.16,2,1,0,FALSE,FALSE,61.38,229.61,8,9.9,4.4
EMP004180,2024-12,3.76,3,12,0,FALSE,FALSE,164.36,901.41,7.3,7.1,3.4
EMP004181,2024-12,3.75,3,14,3,FALSE,FALSE,191.02,771.18,8.7,7.7,3.7
EMP004183,2024-12,4.18,3,11,1,FALSE,FALSE,515.33,1165.05,8.1,7.8,4.1
EMP004184,2024-12,3.58,1,14,0,FALSE,FALSE,100.74,708.11,7.8,8.2,3.5
EMP004187,2024-12,4.43,3,0,1,FALSE,FALSE,940.36,109.34,7,7.6,5
EMP004189,2024-12,3.98,2,20,1,FALSE,FALSE,83.45,642.31,7.2,8.4,4.1
EMP004191,2024-12,3.85,2,11,1,FALSE,FALSE,139.48,736.75,8.8,8.7,3.6
EMP004192,2024-12,4.24,2,0,0,FALSE,TRUE,325.06,75.17,8.3,8.9,4.4
EMP004193,2024-12,3.45,1,12,0,FALSE,FALSE,153.63,843.3,4.7,4,3.3
EMP004194,2024-12,3.31,3,12,1,FALSE,FALSE,133.68,847.23,5.3,6.5,3.5
EMP004195,2024-12,3.71,5,8,0,FALSE,FALSE,216.13,931.24,6,6.7,3.6
EMP004196,2024-12,3.47,1,17,0,FALSE,FALSE,98.44,692.24,8.3,8.1,3.4
EMP004198,2024-12,3.91,3,15,1,FALSE,FALSE,104.4,723.64,6.8,7.1,3.5
EMP004199,2024-12,3.08,1,13,0,FALSE,FALSE,60.26,533.47,6.4,7.3,3.4
EMP004204,2024-12,4.15,1,6,1,FALSE,FALSE,149.98,674.87,5.7,5.7,3.7
EMP004206,2024-12,4.15,2,9,1,FALSE,FALSE,127.42,306,8.4,7.7,4.3
EMP004207,2024-12,3.43,0,7,1,FALSE,FALSE,76.13,544.62,4.8,5.2,3.6
EMP004208,2024-12,3.41,0,12,1,FALSE,FALSE,70.34,565.27,7.7,8.2,3.2
EMP004210,2024-12,3.22,1,16,1,FALSE,FALSE,153.47,690.29,4.3,4.8,3.6
EMP004211,2024-12,3.89,1,12,1,FALSE,FALSE,197.94,921.07,8.7,6.9,3.9
EMP004212,2024-12,4.32,3,3,1,FALSE,FALSE,81.58,242.72,8.2,7.8,4.4
EMP004213,2024-12,4.4,2,1,0,FALSE,FALSE,162.88,92.31,7.1,7.5,4.2
EMP004214,2024-12,3.5,4,8,1,FALSE,FALSE,175.28,801.79,6.3,6.3,4.2
EMP004215,2024-12,4.03,4,18,0,FALSE,FALSE,412.66,1040.78,8.7,7.7,4.6
EMP004216,2024-12,3.75,0,9,3,FALSE,FALSE,179.91,825.22,6.8,6.9,3.4
EMP004217,2024-12,4.42,1,14,0,FALSE,FALSE,101.24,667.87,6.2,6.2,4.6
EMP004218,2024-12,3.69,1,6,1,FALSE,FALSE,93.02,645.85,5.7,4.9,4.1
EMP004219,2024-12,3.18,3,6,2,FALSE,FALSE,43.49,235.86,8.1,8.3,3.1
EMP004220,2024-12,3.98,0,11,1,FALSE,FALSE,137.24,695.72,7.9,6.7,4.7
EMP004222,2024-12,4.26,4,21,1,FALSE,FALSE,755.65,1308.15,7.7,8,4
EMP004223,2024-12,4.09,1,13,0,FALSE,FALSE,542.31,1221.76,7.8,7.3,3.7
EMP004224,2024-12,3.63,2,14,0,FALSE,FALSE,100.91,654.25,5,5.7,3.9
EMP004225,2024-12,3.71,3,13,2,FALSE,FALSE,332.26,1116.36,9.9,9.2,3.3
EMP004226,2024-12,3.86,2,12,2,FALSE,FALSE,163,700.62,6.2,5.8,3.6
EMP004228,2024-12,4.45,6,16,0,FALSE,FALSE,1171.32,1497.77,8.5,7.8,4
EMP004230,2024-12,4.22,2,10,0,FALSE,FALSE,86.8,623.96,9.2,8.6,3.7
EMP004231,2024-12,4.3,0,14,0,FALSE,FALSE,441.57,932.67,8.5,6.8,4.5
EMP004234,2024-12,3.16,0,12,2,FALSE,FALSE,123.41,703.99,3.4,5.4,2.8
EMP004236,2024-12,3.82,2,0,1,FALSE,FALSE,114.41,53.64,6.3,5.6,3.8
EMP004238,2024-12,3.81,5,8,0,FALSE,FALSE,153.93,725.01,6,5.6,3.7
EMP004240,2024-12,4.46,3,14,2,FALSE,FALSE,453.84,1059.56,8.2,9,4.5
EMP004241,2024-12,3.49,1,15,0,FALSE,FALSE,149.67,818.35,6.8,6.3,3.4
EMP004242,2024-12,3.98,1,10,0,FALSE,FALSE,427.84,1036.71,6.6,6.6,3.7
EMP004243,2024-12,4.13,1,3,1,FALSE,FALSE,262.18,418.65,9.7,9.2,3.9
EMP004244,2024-12,3.41,3,11,3,FALSE,FALSE,99.55,725.68,7.5,7.2,3.4
EMP004245,2024-12,3.78,3,7,0,FALSE,FALSE,81.74,524.39,8,8.3,3.5
EMP004247,2024-12,3.12,3,0,1,FALSE,FALSE,59.19,57.6,6.2,6.7,2.8
EMP004248,2024-12,4.07,0,17,0,FALSE,FALSE,111.12,712.76,7.3,8.1,4
EMP004249,2024-12,4.57,4,27,0,FALSE,FALSE,2831.05,2467.86,7.2,8,4.4
EMP004250,2024-12,3.75,2,17,1,FALSE,FALSE,161.83,868.45,8.3,6.7,3.9
EMP004252,2024-12,4,2,10,1,FALSE,FALSE,82.21,522.82,7,7.2,4
EMP004253,2024-12,3.89,4,3,3,FALSE,FALSE,544.84,580.6,6.3,7.2,3.9
EMP004256,2024-12,3.5,1,14,0,FALSE,FALSE,76.79,564.18,7.9,9.2,3.4
EMP004258,2024-12,3.06,1,3,0,FALSE,FALSE,45.77,241.58,4.3,4,3.4
EMP004259,2024-12,3.59,1,13,1,FALSE,FALSE,99.65,596.09,6.8,6.9,3.8
EMP004260,2024-12,4.64,3,18,0,FALSE,TRUE,80.2,558.48,8.9,8.7,4.4
EMP004261,2024-12,3.62,2,10,0,FALSE,FALSE,185.82,895.72,8.3,6.6,3.5
EMP004263,2024-12,4.32,2,11,0,FALSE,FALSE,389.66,1027.88,7.6,7.3,4.6
EMP004264,2024-12,3.13,4,18,1,FALSE,FALSE,65.4,572.38,6.1,7,3
EMP004265,2024-12,4.26,3,8,1,FALSE,FALSE,143.13,701.45,6,5.8,4.1
EMP004266,2024-12,3.47,3,2,0,FALSE,FALSE,97.62,265.44,8.5,10,3.3
EMP004267,2024-12,4.23,4,5,1,FALSE,FALSE,259.32,402.93,9,8.1,4.1
EMP004268,2024-12,3.54,0,9,1,FALSE,FALSE,100.82,643.9,5.9,5.8,3.8
EMP004269,2024-12,3.56,2,15,0,FALSE,FALSE,154.62,671.16,9,8.1,3.5
EMP004270,2024-12,3.84,1,15,0,FALSE,FALSE,143.05,754.45,7.1,7.2,3.9
EMP004272,2024-12,3.52,4,16,0,FALSE,FALSE,66.42,578.88,7,7.2,3.3
EMP004273,2024-12,3.64,3,12,2,FALSE,FALSE,193.22,900.9,6.8,7.2,3.9
EMP004275,2024-12,3.82,2,9,3,FALSE,FALSE,240.61,927.83,7.1,6.6,4
EMP004276,2024-12,4.81,7,23,1,FALSE,FALSE,2020.19,2148.47,5.8,6.7,4.8
EMP004278,2024-12,3,1,17,1,FALSE,FALSE,163.2,839,7.3,7,2.6
EMP004279,2024-12,3.62,1,15,1,FALSE,FALSE,101.36,642.46,5.9,6.3,4
EMP004280,2024-12,3.27,1,19,0,FALSE,FALSE,64.76,570.77,8.1,8.7,3
EMP004281,2024-12,2.98,2,10,2,FALSE,FALSE,72.89,541.39,4.8,5.4,3.4
EMP004282,2024-12,4.26,1,10,2,FALSE,FALSE,95.3,691.12,6.2,6.2,4.1
EMP004283,2024-12,4.41,4,18,0,FALSE,FALSE,1054.64,1732.97,8.4,8.1,4.6
EMP004284,2024-12,2.98,0,15,1,FALSE,FALSE,86.05,672.98,6.2,4.7,3.2
EMP004285,2024-12,4.19,2,15,0,FALSE,FALSE,483.5,1233.65,7.9,8,4.2
EMP004287,2024-12,3.41,4,2,0,FALSE,FALSE,100.48,279.74,8.8,9,2.8
EMP004288,2024-12,3.55,1,23,1,FALSE,FALSE,96.13,707.04,8,8.2,3.8
EMP004289,2024-12,3.66,2,19,0,FALSE,FALSE,89.81,655.22,6.8,5.8,3.8
EMP004290,2024-12,3.45,1,12,2,FALSE,FALSE,81.94,566.24,5.7,5.5,4
EMP004291,2024-12,3.79,1,8,1,FALSE,FALSE,136.88,668.79,8.6,9.3,4
EMP004292,2024-12,3.6,3,9,2,FALSE,FALSE,116.17,281.78,6.7,6.4,3.3
EMP004293,2024-12,3.36,3,23,1,FALSE,FALSE,147.48,678.49,7.5,7.9,3.1
EMP004294,2024-12,3.31,2,4,0,FALSE,FALSE,251.17,392.27,5.5,4.1,3.6
EMP004296,2024-12,3.4,1,3,1,FALSE,FALSE,47.1,254.98,8.1,7.4,3.4
EMP004297,2024-12,4.64,5,26,0,FALSE,FALSE,1334.23,1760.62,10,7.8,4.9
EMP004298,2024-12,3.69,3,4,0,FALSE,FALSE,42.27,205.03,6.1,5,3.1
EMP004299,2024-12,3.9,3,10,0,FALSE,FALSE,166.61,863.02,6.9,6.7,4.1
EMP004301,2024-12,3.91,1,14,0,FALSE,FALSE,519.27,1172.49,6.7,6,4.2
EMP004302,2024-12,3.56,4,12,0,FALSE,FALSE,141.64,771.38,5.6,5.8,3.8
EMP004303,2024-12,3.45,1,8,0,FALSE,FALSE,92.8,311.2,8.6,8.6,3.7
EMP004304,2024-12,4.66,4,13,0,FALSE,FALSE,575.22,1197.6,7.3,7.9,4.7
EMP004305,2024-12,3.99,1,14,1,FALSE,FALSE,121.82,698.47,6.7,6.4,3.9
EMP004306,2024-12,3.57,1,16,0,FALSE,FALSE,81.89,670.17,6.6,7.4,3.5
EMP004307,2024-12,3.43,2,11,2,FALSE,FALSE,84.74,557.51,8.9,9.9,3.2
EMP004308,2024-12,3.92,1,5,0,FALSE,FALSE,53.02,204.03,7.4,6.7,4.3
EMP004309,2024-12,3.9,1,16,2,FALSE,FALSE,91.79,580.82,8.3,6.3,4.1
EMP004310,2024-12,3.68,1,10,3,FALSE,FALSE,89.9,655.44,5.8,6.2,3.5
EMP004311,2024-12,3.03,1,19,1,FALSE,FALSE,78.75,534.13,5.1,4.7,3.3
EMP004312,2024-12,3.46,2,8,0,FALSE,FALSE,78.17,575.47,7.4,6.9,3.4
EMP004313,2024-12,3.75,2,9,1,FALSE,FALSE,102.36,677.29,6.5,6.4,3.6
EMP004316,2024-12,3.42,3,6,0,FALSE,FALSE,71.83,565.82,7.2,7.4,3.6
EMP004317,2024-12,4.13,2,14,1,FALSE,FALSE,532.73,1240.87,7,7.5,3.9
EMP004318,2024-12,4.53,5,2,0,FALSE,FALSE,897.21,115.13,9.9,10,5
EMP004319,2024-12,3.23,0,14,2,FALSE,FALSE,62.91,529.96,6.5,6.9,3.3
EMP004322,2024-12,4.09,3,5,1,FALSE,FALSE,499.79,466.22,5.3,5.3,4.2
EMP004323,2024-12,4.2,1,18,1,FALSE,FALSE,187.54,707.66,8.9,7.3,4.2
EMP004324,2024-12,3.26,1,13,3,FALSE,FALSE,61.64,551.52,6.8,7.6,3.5
EMP004325,2024-12,3.6,2,12,1,FALSE,FALSE,87.98,595.33,8,9.7,3.9
EMP004326,2024-12,4.24,1,11,0,FALSE,FALSE,483.8,1041.79,8,8.5,4.5
EMP004327,2024-12,3.13,3,18,1,FALSE,FALSE,146.66,704.28,3.6,3.3,3.5
EMP004328,2024-12,3.99,1,3,0,FALSE,FALSE,141,315.23,5.7,4.3,3.8
EMP004329,2024-12,2.74,2,15,0,FALSE,FALSE,85.93,688.28,7.5,7.5,2.6
EMP004331,2024-12,3.7,2,20,0,FALSE,FALSE,87.15,537.39,7.3,7.4,3.6
EMP004334,2024-12,4.85,7,18,1,FALSE,FALSE,3023.34,2791.28,7.8,8.3,4.7
EMP004336,2024-12,4.3,5,16,1,FALSE,FALSE,850.11,1294.86,6.3,6,4.4
EMP004339,2024-12,3.77,3,9,0,FALSE,FALSE,186.21,768.47,8.6,8.3,3.9
EMP004340,2024-12,4.47,3,18,0,FALSE,FALSE,427.15,925.89,6.3,6.7,4.4
EMP004341,2024-12,3.49,5,12,0,FALSE,FALSE,133.56,757.14,5.6,6,3.5
EMP004342,2024-12,4.06,0,12,1,FALSE,FALSE,134.39,721.19,6.4,5.4,4.4
EMP004343,2024-12,4.19,10,9,2,FALSE,FALSE,565.88,483.82,7.7,7.9,3.9
EMP004344,2024-12,3.66,1,15,1,FALSE,FALSE,174.21,935.33,6.2,5.4,3.5
EMP004345,2024-12,4.18,4,24,1,FALSE,FALSE,807.86,1171.19,8.1,9.8,4
EMP004346,2024-12,3.68,2,10,1,FALSE,FALSE,85.35,529.31,6.4,4.9,3.8
EMP004347,2024-12,3.11,1,8,0,FALSE,FALSE,84.63,632.62,9,10,3.1
EMP004348,2024-12,3.66,1,11,0,FALSE,FALSE,81.37,574.39,7.6,7.5,4
EMP004350,2024-12,2.98,3,3,0,FALSE,FALSE,45.19,213.49,7.5,8.6,3
EMP004351,2024-12,3.91,6,13,0,FALSE,FALSE,143.18,669.34,8.4,8.2,3.3
EMP004352,2024-12,4.84,6,1,0,FALSE,FALSE,634.08,141.42,9.5,10,4.6
EMP004353,2024-12,3.84,1,13,0,FALSE,FALSE,77.85,552.91,6.7,7.3,4
EMP004354,2024-12,3.74,0,14,0,FALSE,FALSE,159.26,697.56,6,6.1,3.3
EMP004355,2024-12,3.22,4,5,1,FALSE,FALSE,48.34,248.91,7,7.5,3.1
EMP004358,2024-12,4,3,12,1,FALSE,FALSE,78.42,579.99,7.5,7,3.8
EMP004359,2024-12,3.32,2,5,1,FALSE,FALSE,40.99,188.07,7.7,7.7,3.5
EMP004360,2024-12,4.02,1,8,2,FALSE,FALSE,96.8,263.82,4.8,5.3,3.8
EMP004361,2024-12,3.29,2,9,1,FALSE,FALSE,100.05,679.62,5.1,5.1,3.6
EMP004362,2024-12,4.96,7,5,0,FALSE,FALSE,1559.06,756.18,8.8,6.9,5
EMP004363,2024-12,3.37,1,21,3,FALSE,FALSE,62.99,572.27,7.3,6.3,3.5
EMP004364,2024-12,3.74,2,5,3,FALSE,FALSE,65.47,256.62,7.5,7.4,3.3
EMP004367,2024-12,3.32,2,4,2,FALSE,FALSE,35.55,196.51,7.6,7.8,3
EMP004368,2024-12,3.3,5,12,2,FALSE,FALSE,189.26,817.2,6.1,4.5,3.9
EMP004369,2024-12,3.61,1,11,1,FALSE,FALSE,105.6,634.4,5,5,3.5
EMP004370,2024-12,4.09,8,21,2,FALSE,FALSE,815.19,1218.95,8.1,6.5,4.4
EMP004371,2024-12,3.46,4,14,0,FALSE,FALSE,78.88,591.51,7.4,7.1,3.8
EMP004372,2024-12,4.55,6,7,1,FALSE,FALSE,2039.39,1081.21,7.8,9.4,3.7
EMP004373,2024-12,4.45,1,10,0,FALSE,FALSE,404.87,886.05,9.1,8.3,4.9
EMP004374,2024-12,3.34,3,16,0,FALSE,FALSE,71.54,665.6,6.7,6.5,3.2
EMP004375,2024-12,4.24,1,13,0,FALSE,FALSE,334.65,1047.91,9.5,10,4
EMP004376,2024-12,3.91,1,16,0,FALSE,FALSE,169.3,856.67,8.7,9.4,4.4
EMP004377,2024-12,3.52,2,11,1,FALSE,FALSE,172.98,852.81,7.9,8.3,3.4
EMP004378,2024-12,4.64,6,20,0,FALSE,FALSE,1098.07,1439.32,9.7,9.7,4.2
EMP004379,2024-12,3.66,3,15,0,FALSE,FALSE,99.34,654.2,7.3,7.7,3.7
EMP004380,2024-12,3.77,2,12,0,FALSE,FALSE,148.97,705.85,6.6,7,3.6
EMP004381,2024-12,4.44,3,1,0,FALSE,FALSE,116.53,330.8,8.3,6.6,4.7
EMP004382,2024-12,3.38,2,11,0,FALSE,FALSE,83.88,548.4,6.7,7.3,3.3
EMP004383,2024-12,3.81,2,7,0,FALSE,FALSE,115.72,280.75,6.2,7,3.7
EMP004385,2024-12,3.86,2,3,2,FALSE,FALSE,126.24,72.43,7.9,9.4,3.6
EMP004386,2024-12,3.27,0,6,0,FALSE,FALSE,49.06,230.84,5.9,6.6,2.7
EMP004387,2024-12,4.07,2,14,0,FALSE,FALSE,96.7,704.68,7,6.1,4.6
EMP004388,2024-12,3.84,1,14,1,FALSE,FALSE,95.7,633.1,7.2,7.5,4.1
EMP004390,2024-12,3.28,1,16,3,FALSE,FALSE,78.49,534.6,6.4,6.1,2.7
EMP004392,2024-12,3.92,3,1,0,FALSE,FALSE,159.46,89.43,7.4,6.8,3.3
EMP004393,2024-12,3.8,2,9,0,FALSE,FALSE,95.48,243.17,8.3,8.5,3.4
EMP004394,2024-12,3.73,1,14,0,FALSE,FALSE,348.76,1050.79,5.5,4.1,3.9
EMP004395,2024-12,3.05,1,11,0,FALSE,FALSE,77.41,728.33,7.3,7.2,2.7
EMP004396,2024-12,3.89,0,6,0,FALSE,FALSE,390.74,1137.56,8.5,9.8,3.8
EMP004397,2024-12,3.23,0,5,1,FALSE,FALSE,28.94,49.48,4.8,4.9,3.4
EMP004398,2024-12,3.74,0,12,0,FALSE,FALSE,83.74,552.6,7.8,8.4,3.5
EMP004399,2024-12,4.51,2,25,0,FALSE,FALSE,1380,1733.28,8.4,7.9,4.7
EMP004400,2024-12,3.93,1,15,1,FALSE,FALSE,113.38,677.09,8.7,7.9,3.8
EMP004401,2024-12,3.83,3,11,0,FALSE,FALSE,85.65,667.37,7,6.9,3.7
EMP004402,2024-12,3.55,2,12,0,FALSE,FALSE,185.99,808.86,7.4,7,3.6
EMP004403,2024-12,3.55,1,14,1,FALSE,FALSE,126.26,704.18,8.6,9.7,3.9
EMP004404,2024-12,3.82,1,15,1,FALSE,FALSE,141.4,733.94,9.8,10,3.8
EMP004406,2024-12,3.64,0,16,1,FALSE,FALSE,111.43,678.3,7,6.2,3.5
EMP004408,2024-12,4.68,1,19,0,FALSE,FALSE,1003.58,1547.85,10,10,4.5
EMP004409,2024-12,4.34,2,14,0,FALSE,FALSE,390.36,955.9,6.4,6.8,3.7
EMP004410,2024-12,2.84,2,7,1,FALSE,FALSE,75.12,532.34,7.3,5.6,2.6
EMP004412,2024-12,3.52,0,8,1,FALSE,FALSE,161.94,834.87,7.2,6,3.6
EMP004413,2024-12,3.45,3,11,0,FALSE,FALSE,85.07,715.35,6.5,5.6,3.5
EMP004414,2024-12,3.75,4,12,1,FALSE,FALSE,86.84,665.88,8.8,9.1,3.7
EMP004415,2024-12,4.01,2,6,0,FALSE,FALSE,61.5,232.12,7.1,6.5,4.1
EMP004416,2024-12,3.93,2,2,1,FALSE,FALSE,300.61,423.85,7.8,8.4,3.6
EMP004417,2024-12,3.7,2,5,2,FALSE,FALSE,93.57,701.51,8.3,7.5,3.1
EMP004418,2024-12,3.39,1,22,1,FALSE,FALSE,149.95,843.34,5.6,4.7,3.6
EMP004419,2024-12,4.87,4,5,0,FALSE,FALSE,747.5,175.95,7.8,7.6,5
EMP004420,2024-12,3.44,1,10,0,FALSE,FALSE,77.95,701.28,7.8,6.6,3.7
EMP004421,2024-12,3.37,0,12,3,FALSE,FALSE,89.36,562.28,6,6.3,3.3
EMP004423,2024-12,3.03,2,0,2,FALSE,FALSE,50.82,218.03,4.2,3.9,3.3
EMP004424,2024-12,3.29,0,9,1,FALSE,FALSE,78.25,611.09,6.8,7.5,3.5
EMP004425,2024-12,3.02,4,13,2,FALSE,FALSE,90.44,684.78,7.7,8,3.5
EMP004426,2024-12,3.41,3,7,2,FALSE,FALSE,42.43,188.66,6.7,6.3,3.7
EMP004427,2024-12,4.88,5,25,0,FALSE,FALSE,3363.65,3028.25,8.3,9.4,5
EMP004430,2024-12,3.67,2,5,1,FALSE,FALSE,259.04,444.41,7.1,8.5,4.1
EMP004432,2024-12,4.32,1,21,1,FALSE,TRUE,534.09,1222.76,8.1,9.8,4.1
EMP004433,2024-12,3.68,3,7,0,FALSE,FALSE,175.94,790.8,9.4,9.4,3.5
EMP004435,2024-12,4,2,10,0,FALSE,FALSE,153.09,791.26,6.2,6.5,3.2
EMP004436,2024-12,3.5,3,13,0,FALSE,FALSE,87.05,654.85,6.4,5.8,3.5
EMP004437,2024-12,3.82,1,9,2,FALSE,FALSE,106.24,649.14,7.7,8.1,3.5
EMP004438,2024-12,4.02,4,19,0,FALSE,FALSE,917.48,1580.88,10,10,3.7
EMP004439,2024-12,3.83,2,14,1,FALSE,FALSE,167.73,861.37,7.3,9,4
EMP004440,2024-12,3.41,2,17,2,FALSE,FALSE,162.78,792.64,8.3,8.8,3.6
EMP004441,2024-12,4.19,3,4,1,FALSE,FALSE,50.85,199.35,5.6,6.3,4.3
EMP004443,2024-12,3.34,2,9,1,FALSE,FALSE,88.83,596.11,6.3,5.8,2.6
EMP004444,2024-12,3.63,2,11,0,FALSE,FALSE,171.03,855.6,8.7,9.3,3.9
EMP004445,2024-12,3.88,1,14,0,FALSE,FALSE,206.94,851.26,6.3,6.5,4.1
EMP004446,2024-12,3.83,1,2,0,FALSE,FALSE,74.01,73.66,7.9,8.3,3.4
EMP004448,2024-12,3.4,3,11,2,FALSE,FALSE,79.39,689.76,8.6,8.5,3.2
EMP004449,2024-12,3.87,0,9,0,FALSE,FALSE,75.6,523.07,8.6,8.3,3.6
EMP004450,2024-12,3.38,1,14,0,FALSE,FALSE,72.23,595.7,7.9,8.6,3.6
EMP004451,2024-12,4.48,2,19,1,FALSE,FALSE,904.89,1442.02,7.5,7.5,4.2
EMP004452,2024-12,3.09,2,18,0,FALSE,FALSE,66.52,520.98,6.5,6.2,3.2
EMP004453,2024-12,3.47,2,14,1,FALSE,FALSE,115.5,715.3,6.2,5.3,3.5
EMP004454,2024-12,3.78,1,3,1,FALSE,FALSE,66.88,241.94,7.9,7.4,3.7
EMP004455,2024-12,2.98,1,18,5,FALSE,FALSE,63.01,604.45,6.5,6,3
EMP004456,2024-12,3.5,0,20,0,FALSE,FALSE,104.05,672.7,6.6,6.4,3.5
EMP004457,2024-12,4.21,1,9,0,FALSE,FALSE,367.88,970.32,8.7,8.7,4.2
EMP004458,2024-12,4.14,3,14,1,FALSE,FALSE,103.01,655.98,7.5,8.1,3.8
EMP004459,2024-12,3.77,1,16,0,FALSE,FALSE,81.72,586.94,5.9,4.7,3.9
EMP004460,2024-12,3.35,2,1,4,FALSE,FALSE,68.51,67.44,9.1,10,3.7
EMP004461,2024-12,3.63,2,12,1,FALSE,FALSE,94.93,609.97,7.2,7.3,4
EMP004462,2024-12,3.81,2,8,0,FALSE,FALSE,53.92,193.26,6.6,6.7,3.9
EMP004463,2024-12,4.25,8,5,0,FALSE,FALSE,313.16,106.27,10,10,3.9
EMP004464,2024-12,3.94,1,3,1,FALSE,FALSE,47.49,190.96,7.9,7.5,4.4
EMP004465,2024-12,3.93,2,11,1,FALSE,FALSE,199.05,810.89,7.9,7.8,3.7
EMP004466,2024-12,3.5,3,18,1,FALSE,FALSE,97.26,651.82,7.5,8.4,3.4
EMP004467,2024-12,4.07,3,14,0,FALSE,FALSE,147.19,699.96,8.3,7.1,4.3
EMP004468,2024-12,3.93,1,11,0,FALSE,FALSE,309.24,1017.12,4.3,3.8,3.5
EMP004469,2024-12,3.45,4,19,1,FALSE,FALSE,87.55,628.31,7,7.3,3.8
EMP004470,2024-12,4.19,3,15,1,FALSE,FALSE,374.29,913.72,8.1,8,4.2
EMP004474,2024-12,3.84,3,11,0,FALSE,FALSE,164.68,925.85,8.4,8.3,3.9
EMP004475,2024-12,3.83,0,16,1,FALSE,FALSE,107.7,718.83,6.5,6.9,3.8
EMP004476,2024-12,4.01,6,10,0,FALSE,FALSE,216.36,910.03,6.2,6.3,4
EMP004477,2024-12,3.91,0,10,0,FALSE,FALSE,136.01,694.94,6.9,7.4,3.7
EMP004478,2024-12,4.62,11,7,1,FALSE,FALSE,637.06,584.64,6.8,7.3,4.5
EMP004480,2024-12,4.87,4,18,0,FALSE,FALSE,1132.51,1736.47,7.9,8.2,5
EMP004481,2024-12,4.28,1,11,0,FALSE,FALSE,97.64,556.2,8.2,9,4.8
EMP004485,2024-12,3.58,2,12,2,FALSE,FALSE,85.85,645.54,6.8,7.5,3.9
EMP004488,2024-12,4.82,7,21,0,FALSE,FALSE,3014.08,2898.66,8,7.5,5
EMP004490,2024-12,3.54,3,13,1,FALSE,FALSE,80.97,646.01,8.4,9.8,3.8
EMP004491,2024-12,3.5,0,12,0,FALSE,FALSE,70.37,583.39,6,5.9,3.3
EMP004493,2024-12,3.12,1,15,0,FALSE,FALSE,152.5,833.86,5.9,6,3.2
EMP004494,2024-12,4.02,2,19,1,FALSE,FALSE,1004.61,1762.6,7.4,7.7,4.2
EMP004496,2024-12,3.79,2,16,0,FALSE,FALSE,103.22,624.25,7,7.1,3.5
EMP004497,2024-12,3.07,3,8,0,FALSE,FALSE,88,676.24,4.9,4.3,3.5
EMP004498,2024-12,3.38,2,8,0,FALSE,FALSE,79.65,625.44,8,8.1,3.7
EMP004501,2024-12,3.65,2,8,0,FALSE,FALSE,202.91,911.71,5.1,4.6,3.8
EMP004502,2024-12,3.43,3,4,1,FALSE,FALSE,98.35,308.63,7.5,7.6,3.2
EMP004503,2024-12,3.88,5,18,0,FALSE,FALSE,899.32,1502.67,8.2,8.4,3.5
EMP004505,2024-12,3.62,2,13,0,FALSE,FALSE,200.77,900.96,6.5,5.8,3.2
EMP004506,2024-12,3.68,3,10,0,FALSE,FALSE,175.29,713.3,5.3,6,3.7
EMP004507,2024-12,4.27,3,15,0,FALSE,FALSE,417.75,921.08,7.6,6.6,4.5
EMP004508,2024-12,4.2,5,17,0,FALSE,FALSE,117,698.32,7.4,7.8,3.7
EMP004509,2024-12,3.39,4,16,1,FALSE,FALSE,74.4,586.79,6.9,7.2,2.9
EMP004511,2024-12,4.13,7,7,0,FALSE,FALSE,486.53,494.32,8.8,9.6,4.7
EMP004512,2024-12,4.58,3,14,0,FALSE,FALSE,1082.79,1421.05,6.9,6.2,4.7
EMP004513,2024-12,3.57,0,7,1,FALSE,FALSE,168.83,703,7.1,6.1,3.4
EMP004514,2024-12,3.93,1,13,0,FALSE,FALSE,99.37,587.12,6.7,6.9,4.3
EMP004515,2024-12,3.42,1,3,2,FALSE,FALSE,144.33,68.41,7.8,8.1,4
EMP004516,2024-12,3.46,1,14,0,FALSE,FALSE,161.81,794.28,6.6,6.6,4.2
EMP004517,2024-12,3.83,3,9,1,FALSE,FALSE,167.08,776.35,6.1,5,3.5
EMP004518,2024-12,3.93,1,14,1,FALSE,FALSE,92.79,576.09,5.6,6.1,4.2
EMP004519,2024-12,3.25,2,3,0,FALSE,FALSE,32.97,47.56,6.6,6,3.7
EMP004520,2024-12,3.69,2,6,1,FALSE,FALSE,45.44,227.34,7,7.2,3.8
EMP004521,2024-12,4.15,4,12,2,FALSE,FALSE,424.91,1146.44,6,5.6,4.4
EMP004522,2024-12,4.42,3,10,2,FALSE,FALSE,392.24,875.04,9.7,9.6,4.7
EMP004524,2024-12,4.13,7,4,1,FALSE,FALSE,117.81,277.36,6.3,6.7,4.1
EMP004525,2024-12,3.97,3,20,2,FALSE,FALSE,838.8,1163.56,6.3,4.9,4.1
EMP004526,2024-12,4.12,1,14,0,FALSE,FALSE,454.75,1207.56,6.3,6.8,4.1
EMP004527,2024-12,3.38,0,14,1,FALSE,FALSE,93.02,640.88,7,6.9,3.1
EMP004529,2024-12,4.4,5,16,2,FALSE,TRUE,968.18,1348.24,6.8,7.1,4.9
EMP004530,2024-12,2.93,2,16,0,FALSE,FALSE,65.48,588.59,3.1,2.2,3
EMP004532,2024-12,4.15,1,8,0,FALSE,FALSE,409.01,950.5,6.7,6.5,3.6
EMP004533,2024-12,2.98,3,4,1,FALSE,FALSE,41.13,242.1,6,5.8,2.7
EMP004534,2024-12,4.28,4,16,0,FALSE,FALSE,1099.06,1643.32,10,10,4.5
EMP004536,2024-12,3.5,2,5,0,FALSE,FALSE,58.62,226.57,4.5,4.9,3.5
EMP004537,2024-12,3.67,2,12,1,FALSE,FALSE,347.57,1083.24,7.5,8.2,3.6
EMP004539,2024-12,3.37,0,10,2,FALSE,FALSE,134.44,762.88,6.2,7.8,2.9
EMP004540,2024-12,3.56,0,2,2,FALSE,FALSE,54.89,253.26,4.8,3,3.7
EMP004541,2024-12,3.72,2,13,1,FALSE,FALSE,81.45,677.02,7.2,8.6,3.5
EMP004542,2024-12,4.57,3,4,1,FALSE,FALSE,592.37,528.83,10,10,4.7
EMP004544,2024-12,3.42,2,7,0,FALSE,FALSE,81.71,713.89,5.7,5.9,3.7
EMP004545,2024-12,4.15,1,0,3,FALSE,FALSE,173.7,88.69,8.6,8,4.8
EMP004546,2024-12,3.69,3,10,2,FALSE,FALSE,165.13,777.92,7.1,6.3,3.6
EMP004547,2024-12,4.59,7,1,1,FALSE,FALSE,825.16,161.63,9.7,10,5
EMP004548,2024-12,3.98,3,2,0,FALSE,FALSE,76.3,67.01,7.7,8.1,3.8
EMP004549,2024-12,4.02,5,12,0,FALSE,FALSE,198.25,748.73,9.6,8.4,4.3
EMP004550,2024-12,3.39,1,13,0,FALSE,FALSE,381.33,1210.63,7.3,7.5,2.9
EMP004551,2024-12,3.2,1,13,4,FALSE,FALSE,143.29,881.33,6.9,7,3.2
EMP004552,2024-12,3.45,7,17,1,FALSE,FALSE,253.49,917.71,7,5.6,3.3
EMP004553,2024-12,3.4,1,5,2,FALSE,FALSE,52.45,231.21,8.8,8,3.5
EMP004554,2024-12,3.62,2,11,2,FALSE,FALSE,75.19,651.71,6.2,5.3,3.8
EMP004555,2024-12,3.7,3,5,0,FALSE,FALSE,76.9,263.32,5.5,5.3,3.6
EMP004556,2024-12,3.96,1,18,1,FALSE,FALSE,172.42,750.59,7.2,6.7,4.3
EMP004559,2024-12,4.82,6,14,0,FALSE,FALSE,926.57,1229.52,6.9,7.3,4.8
EMP004560,2024-12,4.43,3,20,1,FALSE,FALSE,836.82,1283.09,10,10,4.3
EMP004561,2024-12,3.95,5,16,4,FALSE,FALSE,724.1,1194.58,7.1,7.7,3.9
EMP004563,2024-12,3.72,1,5,0,FALSE,FALSE,42.21,216.35,7.4,8.4,3.7
EMP004565,2024-12,4.04,2,12,2,FALSE,FALSE,148.48,745.48,8.4,9.5,3.8
EMP004568,2024-12,4.38,7,6,0,FALSE,FALSE,422.41,486.66,8.6,7.7,4.4
EMP004569,2024-12,4.21,1,9,0,FALSE,FALSE,196.44,706.68,9.2,8.7,4
EMP004571,2024-12,3.58,1,7,1,FALSE,FALSE,89.86,258.54,5.6,4.5,4.1
EMP004572,2024-12,4.26,3,14,0,FALSE,FALSE,449.96,1186.97,8.9,10,4.7
EMP004573,2024-12,4.68,1,17,0,FALSE,FALSE,2667.75,2490.87,8.4,8.7,4
EMP004574,2024-12,3.85,3,4,0,FALSE,FALSE,86.04,257.5,8.5,8.8,4.5
EMP004576,2024-12,4.52,3,19,0,FALSE,FALSE,929.64,1741.93,9.8,9.1,4.5
EMP004577,2024-12,4.22,5,5,0,FALSE,FALSE,552,579.77,6.7,5.5,4.2
EMP004579,2024-12,3.77,0,10,1,FALSE,FALSE,198.42,827.39,9.8,10,3.6
EMP004580,2024-12,4.33,3,10,1,FALSE,FALSE,94.04,666.41,8.1,8.3,4.2
EMP004581,2024-12,4.73,2,9,0,FALSE,FALSE,482.76,489.92,8.4,9.7,5
EMP004582,2024-12,3.52,1,8,3,FALSE,FALSE,73.44,648.88,5.3,5.3,3.7
EMP004583,2024-12,3.53,2,3,0,FALSE,FALSE,45.95,217.26,7.1,7.5,3.6
EMP004584,2024-12,3.94,2,8,1,FALSE,FALSE,119.2,701.47,7.6,8.1,3.4
EMP004585,2024-12,2.82,3,11,3,FALSE,FALSE,79.07,581.6,5.7,6.7,3.2
EMP004586,2024-12,4.39,5,18,0,FALSE,FALSE,814.68,1151.28,9.9,8.2,4.3
EMP004587,2024-12,3.7,2,15,0,FALSE,FALSE,198.82,907.66,6.7,6.7,3.4
EMP004589,2024-12,4.1,2,12,0,FALSE,FALSE,435.73,1124.47,8.2,7.4,4.2
EMP004590,2024-12,4.1,0,6,1,FALSE,FALSE,59.05,259.7,7.3,6.5,3.8
EMP004591,2024-12,3.83,2,9,1,FALSE,FALSE,77.21,627.18,8,6.8,3.9
EMP004592,2024-12,4.53,7,26,0,FALSE,FALSE,918.69,1474.27,7.6,8,4.7
EMP004593,2024-12,3.63,1,0,2,FALSE,FALSE,82.45,243.43,6.2,6.1,3.2
EMP004594,2024-12,4.08,7,21,1,FALSE,FALSE,996.14,1567.62,5.9,6.5,4.3
EMP004595,2024-12,3.61,1,14,0,FALSE,FALSE,88.26,543.99,8,8.2,3.3
EMP004596,2024-12,4.61,5,21,0,FALSE,FALSE,1056.8,1694.82,7.1,7.7,4
EMP004597,2024-12,3.67,2,10,0,FALSE,FALSE,82.79,580.86,9.3,9.7,3.5
EMP004598,2024-12,3.46,4,15,3,FALSE,FALSE,297.07,960.04,6.1,6.9,3.6
EMP004599,2024-12,3.37,2,11,0,FALSE,FALSE,101.67,695.91,5.7,4.1,3.7
EMP004600,2024-12,3.7,2,11,0,FALSE,FALSE,94.68,671.91,7.4,7.4,3.5
EMP004601,2024-12,3.65,4,14,0,FALSE,FALSE,182.6,789.37,6.3,6.4,3.8
EMP004603,2024-12,3.94,7,9,1,FALSE,FALSE,267.03,368.12,6.3,6.2,4
EMP004604,2024-12,3.87,1,3,2,FALSE,FALSE,63.54,234.75,6.6,6.5,3.6
EMP004605,2024-12,3.17,3,10,2,FALSE,FALSE,160.49,820.2,7.7,6.5,3.3
EMP004606,2024-12,4.01,4,14,0,FALSE,FALSE,165.36,825.28,9.7,9.6,3.8
EMP004607,2024-12,4.19,3,5,1,FALSE,FALSE,141.59,324.87,9.1,8.6,4.2
EMP004608,2024-12,3.69,1,10,0,FALSE,FALSE,270.42,935.22,6.4,5.7,3.7
EMP004609,2024-12,4.49,5,17,0,FALSE,FALSE,1152.26,1659.98,8.6,8.1,4.6
EMP004610,2024-12,4.36,7,22,0,FALSE,FALSE,849.09,1331.64,8.6,7.6,4.8
EMP004611,2024-12,3.91,8,7,1,FALSE,FALSE,543.38,614.57,7.4,7.6,3.6
EMP004612,2024-12,3.71,3,8,0,FALSE,FALSE,96.39,318.32,9.2,9.3,4.3
EMP004614,2024-12,4.4,1,19,0,FALSE,FALSE,152.08,702.13,6.2,8.2,4.6
EMP004615,2024-12,4.25,3,2,0,FALSE,FALSE,439.25,118.99,8.6,9.5,4.3
EMP004616,2024-12,3.72,5,14,0,FALSE,FALSE,164.89,766.36,10,10,3.6
EMP004617,2024-12,4.32,8,9,0,FALSE,TRUE,508.17,514.94,9.1,8.8,4.2
EMP004618,2024-12,3.44,1,17,0,FALSE,FALSE,106.13,713.37,7.2,6.6,3.8
EMP004619,2024-12,4.17,5,15,0,FALSE,FALSE,787.47,1156.35,9,10,4
EMP004621,2024-12,4.09,2,8,1,FALSE,FALSE,202.7,795.42,10,10,4.1
EMP004622,2024-12,4.25,5,8,0,FALSE,FALSE,489.95,525.42,9.3,9,4.4
EMP004623,2024-12,3.8,3,11,0,FALSE,FALSE,161.25,703.33,7.2,7.2,3.9
EMP004625,2024-12,4.61,0,12,0,FALSE,FALSE,164.98,714.36,8.1,6.2,5
EMP004627,2024-12,4.36,4,13,0,FALSE,FALSE,788,1486.97,5.8,5.2,4.4
EMP004628,2024-12,4.05,1,20,1,FALSE,FALSE,795.27,1517.48,9,9.3,4.4
EMP004631,2024-12,3.54,5,14,0,FALSE,FALSE,134.35,783.21,6.6,7,3.4
EMP004632,2024-12,4.2,4,15,0,FALSE,FALSE,187.13,877.03,8,8.2,3.7
EMP004633,2024-12,3.37,1,19,1,FALSE,FALSE,146.66,756.78,5.6,6.3,3.3
EMP004635,2024-12,3.92,8,1,0,FALSE,FALSE,320.54,96.91,9.6,9.8,3.7
EMP004637,2024-12,3.63,2,12,2,FALSE,FALSE,166.31,809.89,6.8,6.6,3.6
EMP004638,2024-12,3.25,1,13,0,FALSE,FALSE,137.42,728.3,6.5,6.9,3.4
EMP004639,2024-12,4.1,5,12,0,FALSE,FALSE,671.09,1233.26,7.8,8.4,3.9
EMP004642,2024-12,3.48,4,15,0,FALSE,FALSE,80.63,697.16,6.3,6.5,4.1
EMP004643,2024-12,2.93,3,5,1,FALSE,FALSE,37.52,203.11,6.7,4.3,2.9
EMP004644,2024-12,3.92,4,13,0,FALSE,FALSE,396.53,970.18,5.4,6,3.6
EMP004645,2024-12,3.32,1,15,1,FALSE,FALSE,86.69,550.78,5.5,4.8,3.2
EMP004646,2024-12,3.68,3,5,1,FALSE,FALSE,53.68,203.96,6.8,5.7,3.1
EMP004647,2024-12,2.98,1,6,0,FALSE,FALSE,51.18,219.09,6.9,7.6,3
EMP004648,2024-12,3.47,2,14,0,FALSE,FALSE,60.09,534.55,5.2,6.3,3.4
EMP004649,2024-12,4.13,6,17,0,FALSE,FALSE,891.66,1438.47,6.6,7.6,4
EMP004650,2024-12,4.35,1,6,0,FALSE,FALSE,105.27,310.47,9.1,9.8,4.5
EMP004651,2024-12,3.85,2,7,0,FALSE,FALSE,46.86,197.04,7.8,8.7,3.7
EMP004652,2024-12,4.26,4,18,0,FALSE,FALSE,700.86,1314.17,7.6,7.5,4
EMP004653,2024-12,4.61,3,18,0,FALSE,FALSE,2766.04,2672.89,6.3,6.9,4.2
EMP004656,2024-12,3.53,1,11,0,FALSE,FALSE,185.27,861.88,6.3,7.6,3.6
EMP004657,2024-12,3.87,2,15,0,FALSE,FALSE,70.92,567.98,6.2,6.5,3.6
EMP004658,2024-12,3.71,2,10,0,FALSE,FALSE,69.27,529.48,6.3,6.3,3.5
EMP004659,2024-12,4.29,2,16,1,FALSE,FALSE,975.71,1354.57,5.9,5.7,4.1
EMP004660,2024-12,3.93,1,11,0,FALSE,FALSE,339.99,914.47,6.8,7.2,3.5
EMP004661,2024-12,3.33,2,4,1,FALSE,FALSE,56.5,217.87,8.2,8.7,3.6
EMP004663,2024-12,3.42,1,14,1,FALSE,FALSE,61.96,545.1,7.3,7.2,3.9
EMP004664,2024-12,3.96,1,6,1,FALSE,FALSE,221.73,358.55,8.7,9,3.7
EMP004665,2024-12,3.25,2,3,0,FALSE,FALSE,56.91,233.86,6.5,5.4,3.9
EMP004666,2024-12,3.18,1,6,2,FALSE,FALSE,67.37,583.31,7.4,7.4,2.8
EMP004667,2024-12,3.18,1,13,1,FALSE,FALSE,69.24,582.07,6.3,4.8,3.6
EMP004668,2024-12,3.4,2,15,1,FALSE,FALSE,95,694.43,6.2,7,3.2
EMP004669,2024-12,3.9,2,10,1,FALSE,FALSE,235.86,936.74,9.4,8.8,3.8
EMP004670,2024-12,3.12,0,20,1,FALSE,FALSE,86.58,705.33,6.2,6.2,3.1
EMP004671,2024-12,3.55,2,1,0,FALSE,FALSE,151.96,53.45,7.9,8.3,3.2
EMP004674,2024-12,3.94,2,14,1,FALSE,FALSE,235.23,928.82,9.1,9.1,4
EMP004676,2024-12,3.41,2,8,0,FALSE,FALSE,67.11,606.08,5,6.5,3.8
EMP004677,2024-12,4.41,4,2,0,FALSE,FALSE,104.19,295.01,9.2,9.8,4.1
EMP004678,2024-12,3.56,2,3,1,FALSE,FALSE,46.33,211.12,8,7.6,3.8
EMP004679,2024-12,3.65,0,3,0,FALSE,FALSE,78.21,66.56,7.8,9.4,3.8
EMP004680,2024-12,4.07,2,15,0,FALSE,FALSE,528.12,1222.95,9.5,10,4.6
EMP004681,2024-12,3.95,2,3,4,FALSE,FALSE,96.24,275.46,5.1,5.4,4.2
EMP004683,2024-12,4.05,2,6,0,FALSE,FALSE,80.25,655.98,7.4,6,3.8
EMP004684,2024-12,3.57,2,2,2,FALSE,FALSE,97.21,269.37,8,8.5,3.7
EMP004685,2024-12,3.83,4,5,0,FALSE,FALSE,48.83,214.71,7.2,7.5,3.6
EMP004687,2024-12,3.68,0,14,0,FALSE,FALSE,109.03,695.01,7.9,8.4,3.3
EMP004688,2024-12,3.21,2,6,0,FALSE,FALSE,54.18,261.2,9.7,9.7,2.5
EMP004689,2024-12,3.71,1,6,1,FALSE,FALSE,55.59,220.53,6.4,6,3.8
EMP004690,2024-12,2.81,1,14,1,FALSE,FALSE,66.1,558.24,6.7,7.4,2.5
EMP004691,2024-12,3.93,1,6,0,FALSE,FALSE,128.58,292.01,7.3,7.6,3.8
EMP004692,2024-12,4.01,6,10,1,FALSE,FALSE,177.54,922.08,9,9.1,3.5
EMP004693,2024-12,2.89,1,16,0,FALSE,FALSE,84.63,626.06,5.6,5.8,2.9
EMP004694,2024-12,3.6,2,7,2,FALSE,FALSE,99.68,290.69,5.2,4.4,3.8
EMP004696,2024-12,3.81,3,15,0,FALSE,FALSE,201.39,908.19,6.6,6,3.8
EMP004698,2024-12,3.74,0,6,0,FALSE,FALSE,204.65,935.14,7.3,7.2,4.2
EMP004701,2024-12,3.87,0,9,0,FALSE,FALSE,138.29,690.08,7.3,7.5,3.7
EMP004702,2024-12,3.83,0,19,1,FALSE,FALSE,188.16,721.5,8.2,6.4,3.9
EMP004703,2024-12,3.56,2,16,1,FALSE,FALSE,196.14,933.13,6.2,5.5,3.6
EMP004704,2024-12,3.91,2,12,2,FALSE,FALSE,246.01,928.23,4.7,3.5,3.3
EMP004706,2024-12,3.69,4,4,0,FALSE,FALSE,94.81,240.06,8.4,8.4,3.1
EMP004707,2024-12,3.02,2,5,3,FALSE,FALSE,48.99,242.86,6.7,5.2,2.9
EMP004708,2024-12,3.51,1,7,0,FALSE,FALSE,96.69,283.77,6.4,6.4,3.7
EMP004709,2024-12,4.81,7,8,0,FALSE,FALSE,1308.24,661.19,6.6,7.4,4.7
EMP004710,2024-12,3.29,4,9,3,FALSE,FALSE,80.59,543.82,8.5,8.3,3.2
EMP004711,2024-12,3.45,6,6,0,FALSE,FALSE,53.72,235.02,7.4,8.3,3.9
EMP004712,2024-12,4.26,2,4,0,FALSE,FALSE,128.43,295.18,8.5,8.8,4.6
EMP004713,2024-12,4.19,6,25,0,FALSE,FALSE,1004.07,1733.33,8.4,9.2,4.2
EMP004714,2024-12,3.44,3,3,0,FALSE,FALSE,120.23,296.84,7.4,6.8,3.5
EMP004718,2024-12,4.31,7,1,0,FALSE,FALSE,1274.14,134.87,8.8,9.3,4.3
EMP004721,2024-12,3.6,0,13,2,FALSE,FALSE,83.77,690.72,5.6,7,3.5
EMP004722,2024-12,4.37,4,15,0,FALSE,FALSE,840.18,1457.55,7.9,8.7,4.4
EMP004723,2024-12,4.01,4,12,0,FALSE,FALSE,241.82,895.12,7.2,6.7,4.5
EMP004724,2024-12,4.44,9,10,0,FALSE,FALSE,440.13,467.68,10,9.3,4.5
EMP004725,2024-12,4.25,4,13,1,FALSE,FALSE,902.41,1729.75,7.9,8.2,4.5
EMP004726,2024-12,3.52,1,17,0,FALSE,FALSE,85.7,564.57,6,5.1,3.4
EMP004727,2024-12,3.42,0,10,0,FALSE,FALSE,104.29,659,9,7.2,2.9
EMP004728,2024-12,3.96,2,13,1,FALSE,FALSE,1045.49,1673.11,7.8,7.6,4.2
EMP004729,2024-12,4.11,0,17,0,FALSE,FALSE,378.31,1219.17,8.1,8.6,3.7
EMP004730,2024-12,4.27,4,21,0,FALSE,FALSE,955.03,1691.95,7.2,7,4.6
EMP004731,2024-12,4.42,7,29,2,FALSE,FALSE,2247.68,1988.84,9.8,10,4
EMP004732,2024-12,3.42,3,5,0,FALSE,FALSE,38.89,190.06,6.9,6.1,3
EMP004733,2024-12,4.07,5,24,1,FALSE,FALSE,622.79,1153.48,7.3,6.9,4.3
EMP004734,2024-12,3.79,1,14,1,FALSE,FALSE,157.81,798.38,8.1,7.9,3.5
EMP004735,2024-12,4.08,1,2,1,FALSE,FALSE,84.02,263.76,7.2,8,3.9
EMP004736,2024-12,4.12,4,14,1,FALSE,FALSE,225.83,914.79,7.8,7.6,3.7
EMP004737,2024-12,4.09,3,9,0,FALSE,FALSE,170.68,862.22,8.5,7.3,4.1
EMP004738,2024-12,3.82,2,13,0,FALSE,TRUE,344.34,1063.48,7.3,7.4,4.3
EMP004739,2024-12,3.74,6,13,1,FALSE,FALSE,71.07,526.63,9.4,10,3.9
EMP004740,2024-12,4.32,6,13,0,FALSE,FALSE,796.56,1196.22,8.2,7.5,4.3
EMP004741,2024-12,3.48,2,12,2,FALSE,FALSE,301.84,1051.56,6.8,7.3,3.5
EMP004743,2024-12,4.16,3,13,0,FALSE,FALSE,347.7,416.12,9.2,10,4.2
EMP004744,2024-12,4.07,6,17,1,FALSE,FALSE,901.61,1291.19,8.2,8.3,3.6
EMP004746,2024-12,3.91,4,12,1,FALSE,FALSE,381.93,953.54,6.8,6.6,3.5
EMP004748,2024-12,4.06,1,14,0,FALSE,FALSE,103.03,695,10,8.4,4.3
EMP004749,2024-12,3.46,6,4,0,FALSE,FALSE,113.85,294.86,8.6,7,3.6
EMP004750,2024-12,3.6,2,14,1,FALSE,FALSE,183.16,782.78,7.4,7.8,3.9
EMP004751,2024-12,4.38,2,16,0,FALSE,FALSE,186.53,879.85,8.7,8.8,3.8
EMP004752,2024-12,4.54,3,20,0,FALSE,FALSE,715.21,1153.52,9.1,9.1,4.6
EMP004753,2024-12,3.84,2,7,3,FALSE,FALSE,120.67,294.59,6.2,7,3.5
EMP004754,2024-12,4.59,2,22,1,FALSE,FALSE,1281.7,1597.51,8.6,6.5,5
EMP004755,2024-12,4.32,1,9,1,FALSE,FALSE,187.64,806.43,6.9,7,4
EMP004756,2024-12,3.32,2,13,0,FALSE,FALSE,84.92,559.73,6.1,6.3,3.4
EMP004757,2024-12,3.39,3,15,1,FALSE,FALSE,149.46,895.44,5.8,6.8,3.2
EMP004758,2024-12,4.33,1,13,0,FALSE,FALSE,89.83,646.55,9.3,9.1,4.3
EMP004759,2024-12,4.38,5,20,1,FALSE,FALSE,1236.18,1679.25,7.3,8.3,5
EMP004761,2024-12,3.87,1,8,0,FALSE,FALSE,47.45,192.53,7.3,8.8,3.9
EMP004762,2024-12,3.75,1,8,0,FALSE,FALSE,183.46,894.34,3.7,3.2,3.7
EMP004763,2024-12,4.36,4,10,3,FALSE,FALSE,62.47,256.72,7.4,8,4.6
EMP004765,2024-12,4.12,2,3,0,FALSE,FALSE,316.28,430.75,7.8,8,4.3
EMP004766,2024-12,4,1,4,0,FALSE,FALSE,66.06,236.09,8.6,10,4.4
EMP004767,2024-12,4,3,1,0,FALSE,FALSE,128.36,293.25,6.6,7.3,4.2
EMP004768,2024-12,4.23,5,18,2,FALSE,FALSE,968.98,1760.89,9.1,9.4,4.1
EMP004769,2024-12,3.34,3,8,0,FALSE,FALSE,128.97,732.95,7.8,7,3.2
EMP004771,2024-12,4,1,4,1,FALSE,FALSE,300.88,410.64,7.7,7.5,4.3
EMP004772,2024-12,4.61,9,5,0,FALSE,FALSE,383.07,113.45,9.4,9.7,4.3
EMP004773,2024-12,3.83,3,9,1,FALSE,FALSE,121.32,328.98,6.1,5.7,3.8
EMP004775,2024-12,3.51,2,5,0,FALSE,FALSE,231.39,395.27,8,9.1,3.6
EMP004776,2024-12,3.62,3,0,1,FALSE,FALSE,92.04,52.61,7.7,7.2,3.9
EMP004777,2024-12,3.61,1,5,1,FALSE,FALSE,94.98,325.43,7.3,8.2,3.9
EMP004779,2024-12,3.72,5,17,1,FALSE,FALSE,195.96,761.57,6.9,6.9,3.5
EMP004780,2024-12,3.39,3,2,0,FALSE,FALSE,77.26,266.17,6.3,6.8,3.4
EMP004781,2024-12,3.73,1,14,0,FALSE,FALSE,73.07,560.84,5.2,6.5,3.7
EMP004782,2024-12,3.54,1,2,1,FALSE,FALSE,62.3,73.6,5.8,6,3.4
EMP004783,2024-12,3.53,3,7,1,FALSE,FALSE,173.32,739.42,9.9,9.6,4
EMP004784,2024-12,3.5,2,15,1,FALSE,FALSE,92.87,619.22,8.3,9,3.7
EMP004787,2024-12,4.07,2,18,0,FALSE,FALSE,184.08,785.61,6.7,7.4,3.9
EMP004788,2024-12,3.7,1,3,1,FALSE,FALSE,110.4,324.81,9,7.8,4.3
EMP004789,2024-12,4.14,2,2,0,FALSE,FALSE,422.05,94.48,6.4,6.8,4
EMP004790,2024-12,3.19,2,11,1,FALSE,FALSE,60.2,526.34,7.5,7,3.3
EMP004791,2024-12,4.23,2,16,1,FALSE,FALSE,725.03,1173.26,7.8,8.2,4.3
EMP004793,2024-12,3.45,3,5,0,FALSE,FALSE,61.59,257.94,7.7,7.6,3.7
EMP004794,2024-12,3.56,0,8,0,FALSE,FALSE,177.16,859.82,6.8,7.6,3.3
EMP004795,2024-12,3.56,2,10,1,FALSE,FALSE,105.07,676.95,6.9,6.6,3.6
EMP004796,2024-12,3.2,2,7,0,FALSE,FALSE,57.54,245.13,7.5,7.4,2.9
EMP004797,2024-12,3.86,3,8,1,FALSE,FALSE,112.13,709.54,8.4,9.8,4
EMP004799,2024-12,4.06,3,20,0,FALSE,FALSE,108.75,610.28,8.2,7.8,3.4
EMP004800,2024-12,4.24,7,15,0,FALSE,FALSE,861.36,1627.68,7.1,6.8,4.8
EMP004801,2024-12,4.33,3,20,2,FALSE,FALSE,2461.46,2582.27,6.4,6.5,4.1
EMP004803,2024-12,3.58,0,11,0,FALSE,FALSE,85.63,557.68,6.7,6.8,3.9
EMP004805,2024-12,3.36,1,10,0,FALSE,FALSE,80.02,612.29,6,5.7,4
EMP004806,2024-12,4.38,6,11,1,FALSE,FALSE,579.56,456.67,6.7,5.1,4
EMP004807,2024-12,3.65,1,3,0,FALSE,FALSE,81.7,257.91,6.2,6.5,3.8
EMP004808,2024-12,3.83,4,5,1,FALSE,FALSE,105.71,303.45,6.8,6.8,3.7
EMP004809,2024-12,3.87,1,10,1,FALSE,FALSE,111.43,688.22,5.7,5.3,4.5
EMP004810,2024-12,3.97,1,3,1,FALSE,FALSE,133.97,328.76,8.9,8.1,3.8
EMP004811,2024-12,4.49,6,24,1,FALSE,FALSE,887.39,1380.74,6.2,6,4.8
EMP004812,2024-12,3.71,1,6,0,FALSE,FALSE,48.39,206.77,8.9,8.7,3.9
EMP004813,2024-12,3.41,5,19,0,FALSE,FALSE,64.23,588.48,5.9,4.6,3.2
EMP004814,2024-12,3.3,1,13,1,FALSE,FALSE,86.73,676.31,6.8,7.7,2.7
EMP004815,2024-12,3.69,4,16,0,FALSE,FALSE,146.04,687.71,7.2,6.2,4.3
EMP004816,2024-12,3.46,3,1,0,FALSE,FALSE,58.94,248.48,8.1,8,3.4
EMP004818,2024-12,3.19,4,8,0,FALSE,FALSE,197.97,908.99,8.3,9.1,3.6
EMP004819,2024-12,4.4,3,2,1,FALSE,FALSE,145.92,86.29,6.1,5.7,4.3
EMP004820,2024-12,3.62,1,16,1,FALSE,FALSE,89.73,673.62,7.3,8.6,4
EMP004821,2024-12,3.74,1,11,1,FALSE,FALSE,115.76,727.48,8.2,7.4,4
EMP004822,2024-12,3.57,2,2,2,FALSE,FALSE,216.84,389.96,7.5,8.3,3.9
EMP004823,2024-12,3.62,0,16,1,FALSE,FALSE,365.32,1101.88,8.7,9,3.4
EMP004825,2024-12,4.47,0,12,0,FALSE,FALSE,537.58,1195.55,6.2,6.2,4.2
EMP004827,2024-12,4.12,2,6,0,FALSE,FALSE,107.64,260,10,10,3.5
EMP004828,2024-12,3.7,1,10,0,FALSE,FALSE,108.54,698.01,6.3,4.4,3.5
EMP004829,2024-12,3.49,5,10,1,FALSE,FALSE,126.15,760.68,8.1,8.8,3.3
EMP004830,2024-12,4.75,4,17,0,FALSE,FALSE,2390.37,2061.07,8.9,9.2,4.8
EMP004831,2024-12,3.88,2,13,0,FALSE,FALSE,202.43,884.56,6.2,5.2,3.8
EMP004832,2024-12,3.63,2,8,1,FALSE,TRUE,192.74,914.64,6.1,5.6,3.4
EMP004834,2024-12,2.93,1,9,1,FALSE,FALSE,37.73,188.88,5.4,5.9,3
EMP004835,2024-12,4.5,6,23,0,FALSE,FALSE,1088.68,1634.39,8.4,8.6,4.3
EMP004836,2024-12,4.38,5,29,0,FALSE,FALSE,851.54,1289.59,8.1,7.9,4
EMP004837,2024-12,3.66,2,4,0,FALSE,FALSE,66.8,253.7,5.9,7.3,3.9
EMP004838,2024-12,3.7,2,10,1,FALSE,FALSE,107.49,638.06,6.5,6.7,3.9
EMP004840,2024-12,3.83,1,16,1,FALSE,FALSE,347.77,1117.88,8.3,9.5,3.8
EMP004841,2024-12,4.3,2,5,0,FALSE,FALSE,94.29,284.55,7.6,5.5,3.5
EMP004842,2024-12,3.63,5,10,2,FALSE,FALSE,78.62,579.08,9.2,10,3.5
EMP004843,2024-12,3.88,0,3,0,FALSE,FALSE,196.49,94.9,8.3,9,3.9
EMP004845,2024-12,4.14,10,7,0,FALSE,FALSE,530.1,573.16,8.2,9.1,4.1
EMP004847,2024-12,4.28,1,15,1,FALSE,FALSE,567.07,1189.16,8.8,10,4.2
EMP004848,2024-12,3.22,3,14,0,FALSE,FALSE,76.81,711.03,6,5.4,3.3
EMP004851,2024-12,3.78,1,1,2,FALSE,FALSE,188.14,95.39,4.5,3.5,3.9
EMP004852,2024-12,3.98,3,10,0,FALSE,FALSE,110.92,714.05,5.2,5.5,4.1
EMP004853,2024-12,4.31,6,10,0,FALSE,TRUE,503.58,537.99,8.9,9.9,4.6
EMP004854,2024-12,4.34,3,20,1,FALSE,FALSE,884.96,1368.74,7.7,8.3,4.3
EMP004855,2024-12,3.9,11,4,1,FALSE,FALSE,464.07,510.23,8,8.6,4.1
EMP004856,2024-12,3.19,4,14,1,FALSE,FALSE,175.74,766.36,6.2,6.2,2.8
EMP004857,2024-12,4.07,7,19,0,FALSE,FALSE,1010.59,1608.66,7.6,8.6,4.1
EMP004858,2024-12,4.14,5,18,0,FALSE,FALSE,1101.54,1564.21,8.1,8.2,3.9
EMP004859,2024-12,4.33,1,14,1,FALSE,FALSE,414.78,1197.38,8.2,8,4
EMP004860,2024-12,4.21,4,13,0,FALSE,FALSE,201.14,714.08,9.3,8.6,4.7
EMP004863,2024-12,3.98,5,20,0,FALSE,FALSE,949.55,1664.13,6.1,5.9,4.2
EMP004864,2024-12,3.92,2,14,0,FALSE,FALSE,316.62,1008,8.7,8.2,3.8
EMP004865,2024-12,3.3,2,7,0,FALSE,FALSE,79.69,547.6,9.1,8.4,3.3
EMP004866,2024-12,4.23,2,3,1,TRUE,FALSE,296.8,407.86,8.7,8.9,4.2
EMP004867,2024-12,3.78,0,8,0,FALSE,TRUE,343.71,947.15,5.7,6.6,3.7
EMP004868,2024-12,3.84,1,8,0,FALSE,FALSE,190.65,793.76,8.3,8.7,3.3
EMP004869,2024-12,3.66,1,9,0,FALSE,FALSE,216.6,928.38,6.4,7.2,3.8
EMP004870,2024-12,3.94,3,12,0,FALSE,FALSE,189.81,709.2,7.8,7.8,4.1
EMP004871,2024-12,3.35,1,15,2,FALSE,FALSE,343.35,933.22,8.5,8.5,3
EMP004872,2024-12,3.42,1,18,1,FALSE,FALSE,95.57,633.54,5.9,6.6,3
EMP004873,2024-12,4.14,3,16,1,FALSE,FALSE,384.84,948.83,8,8.1,4.2
EMP004874,2024-12,3.77,4,16,1,FALSE,FALSE,424.58,1109.15,5.1,6,4
EMP004875,2024-12,3.65,1,14,2,FALSE,FALSE,89.62,543.85,6.5,6.6,3.7
EMP004876,2024-12,3.69,2,17,1,FALSE,FALSE,67.72,572.98,7.8,7.9,3.3
EMP004877,2024-12,3.68,0,12,3,FALSE,FALSE,154.44,737.95,7.5,8.1,4
EMP004879,2024-12,3.77,5,18,1,FALSE,FALSE,779.53,1580.04,8.4,9.4,3.9
EMP004881,2024-12,3.97,4,12,0,FALSE,FALSE,187.22,868.32,8.2,8.2,4.2
EMP004882,2024-12,4.14,0,18,0,FALSE,FALSE,95.45,690.34,9.4,9,3.5
EMP004883,2024-12,4.42,2,15,1,FALSE,FALSE,873.8,1311.96,7.2,6.9,4.8
EMP004884,2024-12,3.53,2,8,0,FALSE,FALSE,133.8,775.76,7.4,7,3.4
EMP004885,2024-12,3.5,5,11,2,FALSE,FALSE,108.39,662.25,6.8,7.1,3.8
EMP004886,2024-12,4.39,1,11,0,FALSE,FALSE,354.19,1003.69,8.5,6.8,4.2
EMP004887,2024-12,4.24,10,9,2,FALSE,FALSE,473.76,1091.76,5.9,5.6,4.5
EMP004888,2024-12,3.83,1,10,0,FALSE,FALSE,224.46,859.31,8.2,7.2,4.7
EMP004890,2024-12,4.42,0,17,0,FALSE,FALSE,105.29,660.94,9.1,8.1,4.4
EMP004891,2024-12,3.73,2,15,0,FALSE,TRUE,96.1,725.41,6.4,7.3,4
EMP004892,2024-12,4.21,2,8,2,FALSE,FALSE,545.23,559.53,8.5,9.5,4.4
EMP004893,2024-12,4.34,4,18,0,FALSE,FALSE,1121.97,1477.49,7.8,7.1,4
EMP004894,2024-12,4.55,2,20,0,FALSE,FALSE,1061.39,1621.05,8.4,7.1,4.3
EMP004897,2024-12,3.53,0,12,1,FALSE,FALSE,62.09,563.81,7.3,8.2,3.3
EMP004898,2024-12,3.48,2,12,0,FALSE,FALSE,143.76,771.46,7.5,6.3,3.4
EMP004899,2024-12,3.9,2,20,0,FALSE,FALSE,812.84,1242.89,6.6,5.7,3.8
EMP004900,2024-12,3,1,14,1,FALSE,FALSE,94.4,673.68,7.7,8.8,3
EMP004901,2024-12,3.41,2,12,1,FALSE,FALSE,87.85,708.54,6.1,7.3,3.3
EMP004903,2024-12,3.72,1,5,0,FALSE,FALSE,115.4,336.15,7.6,7.2,3.7
EMP004904,2024-12,3.81,3,10,1,FALSE,FALSE,151.33,679.99,8.7,8.3,3.4
EMP004905,2024-12,3.26,2,9,0,FALSE,FALSE,69.92,650.99,7.4,6.1,3.1
EMP004906,2024-12,3.58,0,2,1,FALSE,FALSE,78.7,65.95,6.1,6.3,3.8
EMP004907,2024-12,4.05,5,9,1,FALSE,FALSE,125.9,728.33,9.4,8.7,3.5
EMP004908,2024-12,4.11,0,15,1,FALSE,FALSE,742.47,1307,6.9,6,4.1
EMP004909,2024-12,3.69,4,14,0,FALSE,FALSE,81.51,610.04,6.7,6.9,3.8
EMP004910,2024-12,3.84,2,10,0,FALSE,FALSE,374.97,1114.06,5.3,4.8,3.4
EMP004911,2024-12,3.65,0,2,0,FALSE,FALSE,259.45,370.27,5.5,4.4,3.6
EMP004912,2024-12,3.31,0,7,2,FALSE,FALSE,44.54,235.38,8.3,8.8,3.5
EMP004914,2024-12,3.86,3,13,1,FALSE,FALSE,140.89,680.54,7.5,7.7,3.8
EMP004915,2024-12,4.06,1,11,0,FALSE,FALSE,556.46,1213.42,8.4,6.4,4.4
EMP004916,2024-12,3.54,5,7,0,FALSE,FALSE,168.17,678.34,6.8,7.7,3.6
EMP004917,2024-12,3.43,1,13,1,FALSE,FALSE,124.86,759.49,5.6,5.7,3.4
EMP004918,2024-12,3.62,4,7,2,FALSE,FALSE,93.72,281.29,5.5,5.9,3.9
EMP004919,2024-12,3.42,1,6,2,FALSE,FALSE,26.51,42.88,7.1,7.2,3.4
EMP004921,2024-12,3.38,1,9,3,FALSE,FALSE,166.82,718.27,6.5,6,3.3
EMP004922,2024-12,4.13,1,11,2,FALSE,FALSE,341.67,1073.31,6.5,5.7,4.2
EMP004923,2024-12,4.47,3,21,0,FALSE,FALSE,880.54,1558.81,7.7,7.1,4.3
EMP004924,2024-12,3.89,1,9,1,FALSE,FALSE,352.02,992.52,6.8,8.3,3.6
EMP004927,2024-12,4.02,5,20,0,FALSE,FALSE,944.35,1329.85,5.9,5.6,3.9
EMP004928,2024-12,4.23,2,0,0,TRUE,FALSE,199.5,373.51,7.8,8.2,4.2
EMP004929,2024-12,3.47,0,2,0,FALSE,FALSE,66.07,61.35,7.2,7.7,3.4
EMP004934,2024-12,4.16,7,2,0,FALSE,TRUE,350.44,114.7,8.6,7.5,4.6
EMP004935,2024-12,3.9,0,15,1,FALSE,FALSE,113.67,694.98,7.7,8.9,4.3
EMP004936,2024-12,3.51,4,6,3,FALSE,FALSE,95.71,244.7,7.7,8.7,3.9
EMP004937,2024-12,4.51,8,16,0,FALSE,FALSE,753.85,1416.68,7.6,8.1,4
EMP004938,2024-12,4.71,3,18,0,FALSE,FALSE,1971.38,2169.97,5.9,6.6,5
EMP004939,2024-12,3.98,1,13,0,FALSE,FALSE,170.29,848.94,10,10,4.2
EMP004940,2024-12,3.71,2,5,0,FALSE,FALSE,99.93,262.75,5.9,5.8,3.9
EMP004941,2024-12,3.4,2,16,1,FALSE,FALSE,76.29,613.84,7.6,7.4,3.3
EMP004942,2024-12,3.5,3,20,0,FALSE,FALSE,81.48,634.45,7.9,7,3.1
EMP004943,2024-12,3.98,1,11,3,FALSE,FALSE,207.62,920.75,8.7,7.5,3.8
EMP004945,2024-12,3.94,2,29,0,FALSE,FALSE,605.64,1178.67,5.2,5.7,4.2
EMP004947,2024-12,2.98,3,15,0,FALSE,FALSE,71.98,534.46,4.9,4,3
EMP004948,2024-12,4.13,6,22,2,FALSE,FALSE,774.38,1401.99,7.5,7.3,3.8
EMP004951,2024-12,4.57,5,15,1,FALSE,FALSE,1017.65,1313.72,6.8,6.6,4.9
EMP004952,2024-12,4.66,3,27,2,FALSE,FALSE,1072.9,1396.66,8.9,9,4.7
EMP004953,2024-12,3.67,5,13,1,FALSE,FALSE,112.54,718.9,7.5,7.7,3.6
EMP004954,2024-12,3.72,1,11,2,FALSE,FALSE,110.98,720.59,8.5,8.1,4.1
EMP004955,2024-12,3.26,2,8,0,FALSE,FALSE,94.24,322.53,5.5,5.7,2.9
EMP004956,2024-12,3.85,0,12,0,FALSE,FALSE,428.64,1147.69,7.5,6.6,4
EMP004957,2024-12,3.37,1,15,0,FALSE,FALSE,100.38,725.79,5.9,5.9,2.6
EMP004958,2024-12,3.69,4,11,1,FALSE,FALSE,76.82,603.94,7,6.8,3.3
EMP004959,2024-12,3.15,1,3,1,FALSE,FALSE,144.63,56.61,7.7,7.4,2.7
EMP004960,2024-12,4.1,4,10,0,FALSE,FALSE,1948.11,1089.86,7.8,6.9,4.4
EMP004961,2024-12,4.48,1,8,1,FALSE,FALSE,124.17,311.72,8,8,5
EMP004962,2024-12,3.48,2,8,0,FALSE,FALSE,97.26,309.93,3.7,3.4,3.7
EMP004963,2024-12,4.07,2,6,1,FALSE,FALSE,172.52,763.51,7.9,8.2,4.4
EMP004964,2024-12,3.08,2,11,1,FALSE,FALSE,97.74,701.64,6.6,8,2.8
EMP004965,2024-12,3.97,1,11,0,FALSE,FALSE,143.01,672.99,5.5,5.8,3.9
EMP004966,2024-12,4.73,5,5,1,FALSE,FALSE,640.64,563.95,7.5,6.9,4.9
EMP004967,2024-12,3.37,4,12,1,FALSE,FALSE,101.82,663.88,8.1,7.9,3.9
EMP004968,2024-12,4.32,3,13,1,FALSE,FALSE,645.62,523.17,9.2,8,4.3
EMP004969,2024-12,3.27,2,15,0,FALSE,FALSE,70.32,549.44,6.4,5.9,2.9
EMP004970,2024-12,2.99,2,0,0,FALSE,FALSE,28.17,53.37,6.7,6.2,2.8
EMP004972,2024-12,3.48,0,11,3,FALSE,FALSE,117.44,711.17,6.8,7.9,3.6
EMP004974,2024-12,4.41,1,17,0,FALSE,FALSE,461.24,998.98,7.7,7.5,4.8
EMP004975,2024-12,2.9,3,17,0,FALSE,FALSE,116.55,671.24,6.5,7.2,2.5
EMP004976,2024-12,3.67,1,5,0,FALSE,FALSE,49.44,188.47,8.2,9.3,3.6
EMP004977,2024-12,3.77,1,14,3,FALSE,FALSE,81.57,532.17,7,8.5,3.7
EMP004978,2024-12,3.35,5,3,1,FALSE,FALSE,44.58,245.58,6.3,6.5,3.4
EMP004979,2024-12,3.18,1,8,1,FALSE,FALSE,52.59,228.63,8.1,8.3,3.7
EMP004980,2024-12,3.73,0,12,0,FALSE,FALSE,176.32,688.79,8.1,8.7,3.7
EMP004982,2024-12,4.02,3,15,0,FALSE,FALSE,198.4,758.79,7.4,6.8,3.4
EMP004983,2024-12,3.89,5,14,0,FALSE,FALSE,225.8,892.82,7.4,7.1,4.1
EMP004984,2024-12,3.95,2,3,1,FALSE,FALSE,278.04,113.78,7.2,6.4,3.9
EMP004986,2024-12,3.64,0,12,0,FALSE,FALSE,208.02,875.01,6.7,8.5,3.5
EMP004987,2024-12,4.38,2,21,0,FALSE,FALSE,765.4,1387.15,8.7,9.6,4.4
EMP004988,2024-12,3.99,1,18,0,FALSE,FALSE,170.95,795.62,7.9,8.3,3.7
EMP004989,2024-12,4.05,7,18,2,FALSE,FALSE,899.17,1372.82,7.2,8.6,3.6
EMP004990,2024-12,3.31,4,10,0,FALSE,FALSE,165.39,707.39,7.6,7,3.4
EMP004991,2024-12,3.42,0,6,2,FALSE,FALSE,101.65,286.48,4.6,4,3.1
EMP004992,2024-12,4.57,4,9,0,FALSE,FALSE,461.6,418.11,10,9.6,5
EMP004993,2024-12,4.06,0,6,1,FALSE,FALSE,199.91,754.66,7.9,7.1,4.5
EMP004994,2024-12,4.25,4,14,1,FALSE,FALSE,392.51,1158.8,6.2,6,4.7
EMP004995,2024-12,3.88,4,9,0,FALSE,FALSE,47.86,239.69,7.3,7.2,4.5
EMP004996,2024-12,3.6,2,13,0,FALSE,FALSE,92.66,660.73,8.3,8.9,3.6
EMP004998,2024-12,3.52,0,4,1,FALSE,FALSE,50.36,201.95,6.8,7.7,3.7
EMP004999,2024-12,3.13,1,18,0,FALSE,FALSE,72.62,530.35,6.1,6.6,3.3
EMP005000,2024-12,4.12,1,12,1,FALSE,FALSE,92.47,608.45,9.4,9.6,4
EMP005001,2024-12,3.81,3,19,2,FALSE,FALSE,215.27,911.96,6.6,5.7,4.4
EMP005002,2024-12,3.91,0,9,0,FALSE,FALSE,464.41,1177.52,7.1,7.2,4.1
EMP005003,2024-12,4.25,3,13,0,FALSE,FALSE,111.19,615.01,7.8,9,4.5
EMP005004,2024-12,4.66,2,27,0,FALSE,FALSE,729.51,1146.25,9.5,8.8,4.1
EMP005005,2024-12,3.97,2,5,1,FALSE,FALSE,122.59,681.6,7.9,7.3,4.2
EMP005006,2024-12,3.61,3,23,1,FALSE,FALSE,87.03,640.24,6.1,6.3,3.7
EMP005008,2024-12,4.33,5,16,0,FALSE,FALSE,861.43,1351.45,7.2,7.7,4.3
EMP005009,2024-12,4.18,1,13,1,FALSE,FALSE,119.81,712.99,8.3,8.3,4.6
EMP005010,2024-12,4.41,0,5,1,FALSE,FALSE,268.79,358.82,9.2,8.8,4.6
EMP005011,2024-12,4.36,5,12,1,FALSE,FALSE,498.43,1049.84,8.3,7.6,4.7
EMP005012,2024-12,4.33,3,1,1,FALSE,FALSE,94.72,291.92,7.7,7.9,4.3
EMP005013,2024-12,4.53,5,2,1,FALSE,FALSE,395.8,105.28,9,8.2,4
EMP005014,2024-12,4.47,4,5,1,FALSE,FALSE,710.66,575.9,8.4,8.7,3.8
EMP005016,2024-12,3.91,1,15,0,FALSE,FALSE,141.8,714.17,8.6,7.7,3.6
EMP005017,2024-12,3.29,3,14,0,FALSE,FALSE,82.2,639.09,8.8,9.4,3
EMP005019,2024-12,4.46,1,9,0,FALSE,FALSE,353.24,996.3,7.8,7.1,4.6
EMP005020,2024-12,4.3,5,5,0,FALSE,FALSE,592.96,593.28,7.6,7.2,3.7
EMP005022,2024-12,3.95,2,4,1,FALSE,FALSE,295.42,445.89,8,8.2,4.4
EMP005023,2024-12,3.96,3,12,0,FALSE,FALSE,487.97,1151.14,7.7,7.3,4.1
EMP005025,2024-12,4.18,1,17,1,FALSE,FALSE,123.93,682.31,7.7,7.7,4.2
EMP005026,2024-12,4.46,4,13,1,FALSE,FALSE,1041.11,1665.94,6.3,8.3,4.8
EMP005027,2024-12,3.97,2,7,0,FALSE,FALSE,228.61,389.03,8.7,9,3.4
EMP005028,2024-12,4.38,0,15,1,FALSE,FALSE,548.49,1206.93,8.9,10,4.5
EMP005029,2024-12,4.79,6,2,0,FALSE,FALSE,973.43,185.52,8.2,7.4,4.9
EMP005030,2024-12,3.16,2,17,0,FALSE,FALSE,137.9,744.27,6.6,6.1,3.2
EMP005032,2024-12,3.11,0,14,1,FALSE,FALSE,72.71,628.85,4.6,4.8,2.7
EMP005033,2024-12,4.25,4,13,2,FALSE,FALSE,699.38,1185.08,7.1,6.3,3.9
EMP005034,2024-12,3.78,0,17,0,FALSE,FALSE,170.41,767.97,9.4,8.7,3.9
EMP005035,2024-12,2.89,3,7,1,FALSE,FALSE,71.48,530.66,6.4,6.3,3.1
EMP005038,2024-12,4.16,6,3,0,FALSE,FALSE,251.98,344.04,6.2,7.5,4.1
EMP005040,2024-12,4.2,3,9,0,FALSE,FALSE,83.78,546.69,10,10,3.8
EMP005042,2024-12,4.15,4,2,1,FALSE,FALSE,101.16,249.12,6.5,6.9,4.5
EMP005043,2024-12,3.94,1,13,1,FALSE,FALSE,217.11,923.9,6.4,7.7,4
EMP005044,2024-12,3.64,1,13,1,FALSE,FALSE,194.07,899.57,7.3,6.8,4
EMP005046,2024-12,3.96,1,1,0,FALSE,FALSE,122.76,81.37,7,6.8,4
EMP005047,2024-12,3.93,2,2,1,FALSE,FALSE,123.6,319.01,5.8,4.7,3.7
EMP005048,2024-12,3.52,3,7,0,FALSE,FALSE,68.56,260.74,6.5,7,3.2
EMP005049,2024-12,4.53,1,1,1,FALSE,FALSE,175.73,76.11,8.2,8,4.5
EMP005051,2024-12,3.91,0,4,0,FALSE,FALSE,246.91,425.38,9.1,7.6,4.3
EMP005052,2024-12,3.11,2,18,0,FALSE,FALSE,58.17,568.99,7,7.7,3.2
EMP005053,2024-12,3.84,1,14,2,FALSE,FALSE,106.27,639.01,6.9,7.2,3.8
EMP005054,2024-12,3.71,1,6,0,FALSE,FALSE,180.05,811.14,7.9,8.1,3
EMP005055,2024-12,3.56,2,2,1,FALSE,FALSE,117.99,307.81,7.1,6.8,3.5
EMP005056,2024-12,3.42,4,15,1,FALSE,FALSE,76.63,535.07,8.4,8.8,3.3
EMP005060,2024-12,4.62,6,2,1,FALSE,FALSE,435.43,131.67,9,7.5,4.7
EMP005061,2024-12,4.51,5,20,1,FALSE,FALSE,953.47,1228.2,8,8.8,4
EMP005063,2024-12,3.53,5,11,2,FALSE,FALSE,71.31,645.82,4.2,3.2,3.1
EMP005064,2024-12,3.98,2,7,1,FALSE,FALSE,543.47,484.78,7.5,7.2,4.5
EMP005065,2024-12,3.62,4,5,0,FALSE,TRUE,91.09,561.42,8,7.5,3.5
EMP005066,2024-12,3.72,3,4,1,FALSE,FALSE,65.89,260.77,5.7,6.4,3.9
EMP005067,2024-12,3.19,3,4,0,FALSE,FALSE,146.74,919.88,7.1,7.6,3.4
EMP005069,2024-12,4.24,1,17,1,FALSE,TRUE,179.22,756.32,9.2,9.8,4.2
EMP005071,2024-12,4.49,6,4,1,FALSE,FALSE,494.54,420.26,9.3,9.1,4.7
EMP005073,2024-12,3.53,2,11,1,FALSE,FALSE,76.67,669.61,6,6.4,3.3
EMP005074,2024-12,4.24,5,1,1,FALSE,FALSE,63.12,212,8.5,8.4,4.4
EMP005075,2024-12,4.36,2,5,1,FALSE,FALSE,238.95,330.07,8.3,8,4.3
EMP005077,2024-12,3.75,1,12,0,FALSE,FALSE,65.82,553.54,5.8,6.8,3.4
EMP005079,2024-12,3.39,1,4,1,FALSE,FALSE,49.26,257.45,6.2,7.2,3.5
EMP005083,2024-12,3.97,2,2,2,FALSE,FALSE,59.65,53.84,6.7,6.4,4.3
EMP005084,2024-12,3.91,2,11,0,FALSE,FALSE,105.4,632.65,9.5,10,3.6
EMP005085,2024-12,3.35,5,11,0,FALSE,FALSE,294.73,936.5,10,9.8,3.5
EMP005086,2024-12,3.95,4,20,0,FALSE,FALSE,842.89,1296.42,5.6,5.3,3.9
EMP005087,2024-12,3.96,3,10,1,FALSE,FALSE,526.26,1176.52,7.1,8.1,4.1
EMP005088,2024-12,3.7,2,8,0,FALSE,FALSE,52.14,200.14,6.4,6.3,3.5
EMP005089,2024-12,3.92,1,15,1,FALSE,TRUE,84.31,677,8.9,7.8,3.8
EMP005091,2024-12,3.68,1,5,2,FALSE,FALSE,96.37,317.09,8.1,8.7,4
EMP005092,2024-12,4.17,4,5,2,FALSE,FALSE,104.43,267.5,7.8,7.8,4.1
EMP005093,2024-12,4.15,0,14,0,FALSE,FALSE,137.88,674.66,6.3,5.1,4.7
EMP005094,2024-12,4.03,1,14,1,FALSE,FALSE,174.41,855.32,9.1,8.5,4.2
EMP005095,2024-12,3.73,2,5,1,FALSE,FALSE,42.1,200.04,6.4,4.3,4.3
EMP005096,2024-12,4.26,6,20,0,FALSE,FALSE,822.27,1222.03,7.1,7,4.4
EMP005097,2024-12,3.72,2,6,0,FALSE,FALSE,66.54,251.21,7.9,8.2,3.6
EMP005098,2024-12,4.45,2,6,0,FALSE,FALSE,794.8,613.86,7.4,6.7,3.9
EMP005099,2024-12,3.78,1,4,2,FALSE,FALSE,34.42,43.47,7.5,8,3.1
EMP005101,2024-12,4.31,5,6,0,FALSE,FALSE,432.86,117.69,7.7,5.5,4.7
EMP005102,2024-12,3.79,0,14,0,FALSE,FALSE,81.49,662.49,9.6,7.7,3.8
EMP005103,2024-12,4.19,1,13,1,FALSE,FALSE,376.74,1176.76,7,7.5,3.9
EMP005104,2024-12,3.82,1,12,2,FALSE,FALSE,111.78,672.67,7,6.3,4.2
EMP005105,2024-12,3.83,2,16,3,FALSE,FALSE,290.32,917.53,9.3,8.9,3.3
EMP005106,2024-12,4.38,0,12,0,FALSE,FALSE,96.25,595.71,8.5,7.9,4
EMP005107,2024-12,4.22,3,8,1,FALSE,FALSE,336.45,984.22,7.7,6.8,4.5
EMP005108,2024-12,3.53,7,13,5,FALSE,FALSE,172.03,712.4,8.4,7.9,3.5
EMP005109,2024-12,3.84,2,8,1,FALSE,FALSE,88.1,630.2,6.5,6.6,4
EMP005110,2024-12,3.38,3,8,0,FALSE,FALSE,104.86,688.69,5.5,5.4,3.3
EMP005111,2024-12,4,2,9,1,FALSE,FALSE,209.8,825.52,6.7,6.9,3.9
EMP005112,2024-12,4.21,9,15,1,FALSE,FALSE,954.94,1333.15,7.3,8,3.9
EMP005113,2024-12,3.53,1,3,0,FALSE,FALSE,160.61,837.64,6.5,6.8,3.9
EMP005116,2024-12,4.2,3,14,0,FALSE,FALSE,1060.27,1412.67,7.1,5.9,4
EMP005117,2024-12,3.46,3,11,1,FALSE,FALSE,133.09,691.23,7.4,7.4,3.2
EMP005119,2024-12,3.26,1,17,2,FALSE,FALSE,56.99,536.18,6.7,6.4,3.5
EMP005120,2024-12,4.21,4,18,1,FALSE,FALSE,1102.09,1674.4,9.1,9.1,4
EMP005121,2024-12,3.85,1,8,0,FALSE,FALSE,188.81,890.74,7.1,7.7,3.7
EMP005122,2024-12,3.94,3,12,0,FALSE,FALSE,86.72,724.06,4.9,4.9,3.8
EMP005124,2024-12,3.78,0,13,2,FALSE,FALSE,158.18,791.07,8.1,8.6,4.4
EMP005125,2024-12,4.48,2,13,0,FALSE,FALSE,163.98,737.34,7,6,4.7
EMP005126,2024-12,3.95,2,5,1,FALSE,FALSE,127.64,337.15,8.7,8.3,4
EMP005127,2024-12,3.91,2,14,0,FALSE,FALSE,92.32,693.3,6.8,4.4,4.2
EMP005128,2024-12,3.78,5,18,1,FALSE,FALSE,821.95,1584.4,9,8.5,3.8
EMP005130,2024-12,3.56,1,14,0,FALSE,FALSE,155.19,912.17,6.2,5.8,3.5
EMP005131,2024-12,4.66,5,25,0,FALSE,FALSE,1135.28,1497.9,8.5,8,4.5
EMP005132,2024-12,3.4,1,13,2,FALSE,FALSE,105.28,685.61,6.6,6.9,3.5
EMP005133,2024-12,3.86,0,15,0,FALSE,FALSE,219.3,850.44,8.4,7.6,4
EMP005134,2024-12,3.61,2,11,1,FALSE,FALSE,178.73,752.05,7.2,7.4,3.6
EMP005135,2024-12,3.21,2,9,2,FALSE,FALSE,87.25,622.1,8.7,8.8,2.7
EMP005136,2024-12,4.66,3,22,1,FALSE,FALSE,956.25,1697.65,7.5,7.3,4.4
EMP005138,2024-12,3.95,4,2,1,FALSE,FALSE,154.08,90.5,7.3,7.8,4.4
EMP005139,2024-12,4.07,4,18,0,FALSE,FALSE,805.71,1310.74,5.9,5.8,4.4
EMP005141,2024-12,3.7,0,12,1,FALSE,FALSE,466.58,1118.03,8.2,7.8,3.2
EMP005142,2024-12,4.18,2,7,1,FALSE,FALSE,398.46,1243.71,9.4,7.9,4.5
EMP005144,2024-12,4.17,0,6,1,FALSE,FALSE,296.44,402.27,9.4,8.9,4.1
EMP005145,2024-12,4.57,5,4,0,FALSE,FALSE,592.55,455.79,6.2,5.6,4.8
EMP005146,2024-12,4.63,2,1,1,FALSE,FALSE,49.67,50.47,8.8,8.7,4.3
EMP005148,2024-12,4.61,6,12,1,FALSE,FALSE,1023.05,726.29,8.6,8.3,5
EMP005149,2024-12,3.81,2,10,2,FALSE,FALSE,92.85,632.19,7,7,3.7
EMP005150,2024-12,3.98,3,9,1,FALSE,FALSE,478.61,1107.46,6,7.3,4.2
EMP005151,2024-12,4.24,1,9,1,FALSE,FALSE,274.83,374.46,8.5,9.3,4.1
EMP005152,2024-12,3.36,2,5,2,FALSE,FALSE,54.59,249.43,8.1,8.7,3.4
EMP005153,2024-12,3.79,1,6,0,FALSE,FALSE,72.42,533.99,8.8,9.7,3.9
EMP005154,2024-12,3.91,3,19,2,FALSE,FALSE,396.41,907.55,9.1,9.3,3.7
EMP005155,2024-12,4.2,2,15,1,FALSE,FALSE,334.31,999.8,7.9,7.4,3.7
EMP005156,2024-12,4.65,3,14,0,FALSE,FALSE,194.51,897.55,8.4,7.6,4.5
EMP005157,2024-12,4.34,5,18,0,FALSE,FALSE,966.7,1354.78,8.6,9,4.1
EMP005158,2024-12,3.28,0,13,1,FALSE,FALSE,139.88,814.34,6.4,6.9,2.6
EMP005159,2024-12,4.17,3,15,0,FALSE,FALSE,218.78,926.87,9.4,9.8,4.3
EMP005162,2024-12,3.49,1,4,1,FALSE,FALSE,54.19,253.65,6.7,6.4,3.5
EMP005163,2024-12,4.61,5,9,1,FALSE,FALSE,479.62,417.12,7.9,8.1,4.9
EMP005164,2024-12,3.92,4,11,0,FALSE,FALSE,105.71,706.24,8.2,8.4,3.9
EMP005165,2024-12,3.49,3,5,0,FALSE,FALSE,46.88,221.28,7.7,7.4,3.4
EMP005166,2024-12,3.56,2,3,0,FALSE,FALSE,60.3,225.06,5.6,5.4,3.7
EMP005167,2024-12,3.95,3,13,0,FALSE,FALSE,83.11,629.44,7.7,7.3,4.1
EMP005168,2024-12,3.89,1,12,0,FALSE,FALSE,170.53,756.57,9.4,9.1,3.8
EMP005169,2024-12,4.51,6,16,1,FALSE,FALSE,740.55,1347.08,8.6,9.1,4.6
EMP005171,2024-12,3.9,3,23,2,FALSE,FALSE,641.79,1257,8.6,9.8,3.5
EMP005173,2024-12,4.16,6,15,0,FALSE,FALSE,394.88,1123.72,6.7,6.2,4
EMP005174,2024-12,3.93,3,6,1,FALSE,FALSE,41.76,203.77,5.7,5.9,3.7
EMP005176,2024-12,3.93,2,16,1,FALSE,FALSE,95.86,716.83,7.7,8.3,3.9
EMP005178,2024-12,3.37,1,11,1,FALSE,FALSE,101.29,698.97,7.2,9.1,3.5
EMP005180,2024-12,3.4,5,12,3,FALSE,FALSE,64.81,542.33,5.8,6.3,3.3
EMP005181,2024-12,4.05,1,16,1,FALSE,FALSE,352.04,875.81,6.7,6.3,4.2
EMP005183,2024-12,3.84,1,13,0,FALSE,FALSE,128.56,673.48,9.9,9.1,4.2
EMP005184,2024-12,3.57,2,11,1,FALSE,FALSE,123.55,707.89,9,7.7,3.4
EMP005185,2024-12,3.47,3,6,0,FALSE,FALSE,64.51,544.58,7,6.3,3.7
EMP005186,2024-12,3.25,1,8,0,FALSE,FALSE,69.43,660.07,6.2,6.2,2.9
EMP005187,2024-12,3.98,0,7,3,FALSE,FALSE,103.76,305.37,8.2,8.7,3.8
EMP005188,2024-12,3.81,1,5,0,FALSE,FALSE,183.3,332.59,5.7,6.6,3.4
EMP005189,2024-12,4.33,10,22,1,FALSE,FALSE,1061.3,1654.1,8.2,8.2,4.1
EMP005190,2024-12,4.62,8,7,0,FALSE,FALSE,1518.76,960.7,9,8.6,4.7
EMP005191,2024-12,4.23,1,2,1,FALSE,FALSE,145.66,90.59,10,10,4.3
EMP005192,2024-12,3.89,4,11,0,FALSE,FALSE,478.9,1190.75,7.4,8.5,4.3
EMP005193,2024-12,3.41,2,12,1,FALSE,FALSE,134.97,780.12,7.1,7.6,3
EMP005195,2024-12,3.97,4,2,2,FALSE,FALSE,379.11,141.62,9.9,9.7,4.1
EMP005196,2024-12,3.09,1,14,2,FALSE,FALSE,63.25,604.53,5.8,6.1,3.2
EMP005197,2024-12,4.07,0,2,1,FALSE,FALSE,272.04,401.75,6.8,5.4,4.1
EMP005198,2024-12,5,3,4,0,FALSE,FALSE,1906.85,1075.01,8.3,9.4,5
EMP005199,2024-12,3.74,1,10,1,FALSE,FALSE,205.53,919.83,7.3,7,4.2
EMP005200,2024-12,3.85,2,16,1,FALSE,FALSE,170.29,863.24,6.7,6.5,4.2
EMP005201,2024-12,4.25,1,12,0,FALSE,FALSE,152.36,776.61,8.8,9.2,4.1
EMP005205,2024-12,4.39,4,21,0,TRUE,FALSE,802.94,1534.32,9.9,9.5,4.7
EMP005206,2024-12,3.89,0,4,0,FALSE,FALSE,100.67,258.54,6.6,6.3,3.6
EMP005207,2024-12,4.47,5,17,0,FALSE,FALSE,1920.59,1748.19,7.5,7.5,4.3
EMP005208,2024-12,3.01,2,2,0,FALSE,FALSE,42.39,243.17,6.6,7,3.7
EMP005209,2024-12,3.39,0,6,0,FALSE,FALSE,94.41,276.33,5.4,4.2,3
EMP005211,2024-12,4.2,0,12,0,FALSE,FALSE,78.19,577.72,9.5,9.2,4.2
EMP005212,2024-12,4.43,8,15,0,FALSE,FALSE,861.76,1161.29,8.8,9.4,4.9
EMP005214,2024-12,3.97,1,10,1,FALSE,FALSE,342.83,983.73,6.2,6,3.7
EMP005216,2024-12,3.15,0,16,2,FALSE,FALSE,68.06,601.4,7.1,5.7,2.9
EMP005217,2024-12,3.77,1,6,0,FALSE,FALSE,185.84,758.9,6,6.8,3.5
EMP005219,2024-12,3.78,2,6,1,FALSE,FALSE,105.62,629.41,7.9,6.1,4.1
EMP005220,2024-12,3.45,1,11,0,FALSE,FALSE,80.17,721.32,8.3,9.4,4
EMP005221,2024-12,4.15,0,3,1,FALSE,FALSE,256.55,426.87,8.9,8.7,4
EMP005225,2024-12,3.8,0,16,2,FALSE,FALSE,144.94,800.92,9.1,7.7,3.5
EMP005226,2024-12,3.9,3,4,1,FALSE,FALSE,58.02,219.92,7.8,8.3,4.1
EMP005227,2024-12,4.29,2,22,0,FALSE,FALSE,778.66,1292,6.8,8,4.3
EMP005229,2024-12,3.78,0,10,0,FALSE,FALSE,311.76,942.41,8.3,8.7,3.5
EMP005230,2024-12,4.52,3,8,1,FALSE,FALSE,212.77,723.5,7.4,7,4.7
EMP005231,2024-12,3.94,3,6,0,FALSE,FALSE,614.49,591.7,7.7,7.1,4.1
EMP005233,2024-12,3.13,1,4,2,FALSE,FALSE,49.1,217.71,7.3,7.9,3
EMP005234,2024-12,4.02,4,13,0,FALSE,FALSE,810.51,1171.33,7.4,6.4,4.5
EMP005236,2024-12,3.98,2,13,0,FALSE,FALSE,171.21,838.83,7,5.9,4.1
EMP005237,2024-12,4.7,4,17,0,FALSE,FALSE,2138.2,1735.12,8.2,7.6,4.5
EMP005238,2024-12,3.08,0,4,0,FALSE,FALSE,50.69,251.61,4.9,5.2,3.1
EMP005239,2024-12,3.78,2,18,0,FALSE,FALSE,284.61,950.91,7.5,7.4,3.3
EMP005240,2024-12,3.28,0,11,2,FALSE,FALSE,80.2,528.62,6.9,7.1,3.6
EMP005241,2024-12,4.29,2,21,2,FALSE,FALSE,1203.7,1630.85,6.8,7.1,4.1
EMP005242,2024-12,4.44,6,10,0,FALSE,FALSE,515.79,487.87,7.5,7.6,4.4
EMP005244,2024-12,3.28,2,3,2,FALSE,FALSE,53.78,252.36,6.6,6,3.6
EMP005246,2024-12,3.88,2,14,0,FALSE,FALSE,170.29,815.9,6.9,6.8,3.6
EMP005247,2024-12,4.38,11,20,0,FALSE,FALSE,972.89,1716.12,9.2,8.4,4.8
EMP005248,2024-12,4.5,0,11,1,FALSE,FALSE,192.08,802.7,8.7,8.2,4.6
EMP005249,2024-12,4.18,3,12,0,FALSE,FALSE,191.39,796.31,7.2,7.7,4.1
EMP005250,2024-12,3.82,1,2,0,FALSE,FALSE,58.21,225.84,8.2,7.1,4
EMP005251,2024-12,3.59,0,2,0,FALSE,FALSE,52.5,242.16,9.4,9.7,3.7
EMP005252,2024-12,3.26,6,18,0,FALSE,FALSE,80.74,549.74,5.1,5.9,3.6
EMP005253,2024-12,4.58,3,2,0,FALSE,FALSE,712.16,92.29,10,10,5
EMP005254,2024-12,4.21,2,21,2,FALSE,FALSE,804.53,1305.09,9,8.9,4
EMP005255,2024-12,4.63,0,8,0,FALSE,FALSE,115.79,287.92,9.3,8.8,4.2
EMP005256,2024-12,3.77,2,16,1,FALSE,FALSE,201.05,910.77,7.9,7.8,3.5
EMP005257,2024-12,4.14,2,10,1,FALSE,FALSE,200.71,917.98,8.2,7.4,4.5
EMP005258,2024-12,2.89,1,15,1,FALSE,FALSE,85.37,627.08,4.5,5.1,2.4
EMP005261,2024-12,4.49,6,14,0,FALSE,FALSE,1246.48,1764.67,7.8,8.8,4.5
EMP005264,2024-12,4.19,3,15,0,FALSE,FALSE,432.08,1021.4,8.6,9.5,4.3
EMP005265,2024-12,3.94,6,22,0,FALSE,FALSE,928.58,1503.77,7.4,6.9,4
EMP005267,2024-12,4.38,2,6,1,FALSE,FALSE,280.94,371.07,5.7,5.5,4.7
EMP005268,2024-12,3.97,6,17,2,FALSE,FALSE,192.31,817.27,8.4,8.2,3.4
EMP005269,2024-12,4.3,2,15,2,FALSE,FALSE,191.16,813.4,8.9,9.4,4.4
EMP005270,2024-12,3.98,3,15,0,FALSE,FALSE,237.54,897.87,6.3,7.3,4.1
EMP005271,2024-12,4.39,7,19,1,FALSE,FALSE,778.11,1491.47,7.7,8.5,4.7
EMP005272,2024-12,3.48,1,5,2,FALSE,FALSE,105.39,269.12,6.9,8.6,3.6
EMP005274,2024-12,3.65,3,12,0,FALSE,FALSE,169.37,673.99,6.1,6.5,3.5
EMP005275,2024-12,3.51,0,15,2,FALSE,FALSE,65.85,579.74,7.6,8.1,3.7
EMP005277,2024-12,3.53,0,6,1,FALSE,FALSE,39.23,193.13,9.2,9.4,3.5
EMP005278,2024-12,4.24,1,3,1,FALSE,FALSE,151.14,327.43,9.4,10,4
EMP005279,2024-12,3.53,2,12,1,FALSE,FALSE,94.91,647.19,7.5,8.2,3.7
EMP005280,2024-12,3.72,5,9,1,FALSE,FALSE,151.04,757.95,8.7,8.8,3.6
EMP005281,2024-12,3.79,2,12,2,FALSE,FALSE,75.9,550.51,6.8,6.8,3.7
EMP005282,2024-12,4.11,2,25,0,FALSE,FALSE,389.03,893.42,8.7,9.9,4.4
EMP005285,2024-12,3.88,2,13,0,FALSE,FALSE,472.21,1203.98,5.8,7.1,3.9
EMP005287,2024-12,3.83,2,11,4,FALSE,FALSE,113.51,722.16,6.7,7.2,3.8
EMP005288,2024-12,3.12,2,0,1,FALSE,FALSE,44.94,227.66,5.6,5.1,3.5
EMP005289,2024-12,3.86,3,26,1,FALSE,FALSE,686.79,1382.95,6.3,6,3.8
EMP005291,2024-12,3.59,4,15,2,FALSE,FALSE,184.11,774.98,7.3,5.9,4.2
EMP005292,2024-12,4.04,3,12,0,FALSE,FALSE,217.67,862,7.6,7.6,4
EMP005295,2024-12,4.16,1,9,1,FALSE,FALSE,396.3,1011.74,8.6,8.8,4
EMP005296,2024-12,3.75,1,14,0,FALSE,FALSE,150.76,741.44,7.9,8.3,3.8
EMP005297,2024-12,4.63,5,4,0,FALSE,FALSE,766.53,606.06,7.7,8.9,4.9
EMP005298,2024-12,3.74,2,7,0,FALSE,FALSE,270.24,939.28,9.2,9.1,3.4
EMP005299,2024-12,4.16,1,8,0,FALSE,FALSE,385.16,984.4,7.1,8.5,4.3
EMP005301,2024-12,3.64,1,15,0,FALSE,FALSE,66.91,524.2,6.4,7,3.4
EMP005302,2024-12,4.08,2,9,1,FALSE,FALSE,180.18,809.46,6.3,5.5,4.1
EMP005303,2024-12,4.23,3,16,0,FALSE,FALSE,925.05,1228.9,8.4,8.4,4.3
EMP005305,2024-12,3.87,4,11,2,FALSE,FALSE,361.72,927.38,6.1,5.5,4.1
EMP005307,2024-12,4.11,9,13,1,FALSE,FALSE,809.8,1348.12,5,4.3,4.3
EMP005308,2024-12,3.66,2,21,2,FALSE,FALSE,165.9,715.71,6.6,4,3.6
EMP005310,2024-12,4.38,1,10,0,FALSE,FALSE,383.85,908.94,8,8.2,4.2
EMP005312,2024-12,3.53,3,6,1,FALSE,FALSE,106.41,675.93,7.7,7.2,3.1
EMP005313,2024-12,3.21,2,11,1,FALSE,FALSE,200.32,921.28,7.4,6.2,3.9
EMP005316,2024-12,3.98,2,19,0,FALSE,TRUE,91.99,683.05,8.1,8.8,3.8
EMP005318,2024-12,3.7,1,9,0,FALSE,FALSE,201.55,829.27,7.5,7.1,4
EMP005319,2024-12,4.23,7,10,0,FALSE,FALSE,573.31,539.89,5.3,5.2,4
EMP005322,2024-12,2.9,1,12,0,FALSE,FALSE,78.11,548.79,6.3,7.1,3.3
EMP005323,2024-12,3.58,1,17,2,FALSE,FALSE,104.65,629.14,7.2,7.9,3.4
EMP005324,2024-12,3.8,0,10,1,FALSE,FALSE,179.9,888.27,8,7.9,3.5
EMP005325,2024-12,4.59,7,7,1,FALSE,FALSE,566.22,441.69,7.6,7.7,4.8
EMP005326,2024-12,4.32,2,14,0,FALSE,FALSE,1181.06,1629.18,8,9.3,4.6
EMP005327,2024-12,3.72,3,10,0,FALSE,FALSE,139.6,669.77,8.7,8.2,4
EMP005328,2024-12,4.01,4,5,1,FALSE,FALSE,260.32,429.99,7.6,7,4.1
EMP005330,2024-12,3.86,2,1,0,FALSE,FALSE,91.8,247.95,6.4,7.6,3.8
EMP005331,2024-12,3.35,1,13,0,FALSE,FALSE,166.58,774.57,6.4,7.1,3.1
EMP005332,2024-12,4.17,2,4,0,FALSE,FALSE,106.43,320.26,7,6.3,4
EMP005333,2024-12,2.65,6,10,0,FALSE,FALSE,73.94,718.98,6.5,7.6,2.3
EMP005334,2024-12,3.58,4,2,1,FALSE,FALSE,27.25,42.71,8.3,8.7,3.3
EMP005336,2024-12,3.71,3,3,0,FALSE,FALSE,54.26,194.01,7.6,7.9,3.6
EMP005337,2024-12,4.62,4,5,1,FALSE,FALSE,637.07,613.86,6.4,5.6,4.7
EMP005338,2024-12,4.26,5,9,2,FALSE,FALSE,454.32,523.04,7.9,8.8,4.3
EMP005339,2024-12,4.35,6,19,1,FALSE,FALSE,1050.24,1370.08,8.2,8,4.4
EMP005340,2024-12,3.32,0,9,1,FALSE,FALSE,94.95,712.85,6.5,7.9,3.2
EMP005341,2024-12,3.51,2,12,2,FALSE,FALSE,143.61,737.38,6.4,4.7,4.2
EMP005342,2024-12,3.66,4,17,0,FALSE,FALSE,421.58,1022.1,7.1,6,3.2
EMP005343,2024-12,3.25,0,15,1,FALSE,FALSE,169.05,732.8,6.3,5.3,3.6
EMP005344,2024-12,3.98,1,24,0,FALSE,FALSE,892.25,1652.73,7.6,9.4,4
EMP005345,2024-12,4.13,1,5,0,FALSE,FALSE,253.24,404.62,8.5,8.9,3.8
EMP005346,2024-12,4.21,5,11,0,FALSE,FALSE,1170.03,1610.1,5.1,5.6,3.7
EMP005347,2024-12,3.63,1,17,0,FALSE,FALSE,69.89,545.46,8,6.5,4
EMP005348,2024-12,3.91,1,9,1,FALSE,FALSE,92.57,600.67,7.8,7.7,3.8
EMP005349,2024-12,3.06,0,4,3,FALSE,FALSE,52.25,234.84,6.1,6.4,3
EMP005350,2024-12,3.18,1,4,2,FALSE,FALSE,43.4,209.16,6.6,7.6,3.3
EMP005351,2024-12,3.36,3,13,1,FALSE,FALSE,148.33,886.42,7,4.9,3.5
EMP005352,2024-12,3.88,0,12,0,FALSE,FALSE,149.31,769.6,9.2,9.9,3.9
EMP005353,2024-12,3.97,4,14,1,FALSE,FALSE,108.45,640.12,5.4,4.2,3.3
EMP005355,2024-12,4.2,1,11,2,FALSE,FALSE,406.54,1166.81,7.3,7.8,4.3
EMP005356,2024-12,4.17,1,8,0,FALSE,FALSE,95.14,640.35,7.7,8.9,4.2
EMP005357,2024-12,3.9,0,6,0,FALSE,FALSE,92.96,268.73,7.9,7.1,3.8
EMP005358,2024-12,4.44,5,20,0,FALSE,FALSE,764.02,1282.33,9.8,8.9,4.2
EMP005359,2024-12,3.97,1,20,1,FALSE,FALSE,160.78,825.27,9.1,10,4.3
EMP005361,2024-12,3.89,0,16,0,FALSE,FALSE,426.68,1207.6,7,7,4
EMP005362,2024-12,3.61,2,0,1,FALSE,FALSE,83.21,68.37,7.7,7.4,3.7
EMP005364,2024-12,4.13,1,4,1,FALSE,FALSE,147.1,322.43,7.6,8.3,3.9
EMP005365,2024-12,3.61,1,4,1,FALSE,FALSE,44.39,222.64,7.2,7.7,3.4
EMP005366,2024-12,4.06,1,7,0,FALSE,TRUE,205.53,381.21,9,7.2,3.7
EMP005367,2024-12,4.46,6,19,0,FALSE,FALSE,2834.86,2787.51,6.7,7.4,3.7
EMP005368,2024-12,3.84,1,22,1,FALSE,FALSE,401.66,920.51,7.3,5.8,3.9
EMP005369,2024-12,3.32,3,20,0,FALSE,FALSE,68.18,529.32,8.4,9.1,3.3
EMP005370,2024-12,4.27,3,3,3,FALSE,FALSE,141.13,296.42,6.6,5.8,4.3
EMP005371,2024-12,3.55,2,4,1,FALSE,FALSE,94.95,274.72,5.3,4.3,3.3
EMP005372,2024-12,4.03,1,22,0,FALSE,FALSE,1192.44,1637.8,6.9,6.6,3.9
EMP005373,2024-12,4.03,3,17,2,FALSE,FALSE,683.88,1231.91,7.6,7.2,4.4
EMP005375,2024-12,3.97,1,11,0,FALSE,FALSE,195.79,895.24,7.4,8,3.6
EMP005376,2024-12,3.58,4,12,1,FALSE,FALSE,95.1,651.95,8.6,9,3.3
EMP005377,2024-12,3.84,1,2,0,FALSE,FALSE,61.33,235,8.2,9,3.8
EMP005378,2024-12,3.28,0,5,0,FALSE,FALSE,84.56,727.77,7.3,6.2,2.7
EMP005379,2024-12,4.77,6,2,1,FALSE,FALSE,962.08,112.4,6.7,6,5
EMP005380,2024-12,3.94,8,17,1,FALSE,FALSE,1194.59,1732.85,5.4,5.8,3.9
EMP005381,2024-12,4.29,3,16,1,FALSE,FALSE,835.78,1394.56,8,9.1,4.3
EMP005382,2024-12,4.44,1,12,0,FALSE,FALSE,413.27,1135.76,6.7,7.1,4.5
EMP005383,2024-12,4.21,2,11,1,FALSE,FALSE,217.31,774.18,7.6,7.7,4.5
EMP005384,2024-12,3.85,1,16,1,FALSE,FALSE,162.04,690.88,7.3,7.9,3.7
EMP005385,2024-12,3.8,3,12,1,FALSE,FALSE,133.51,714.34,6.8,6.3,4.7
EMP005386,2024-12,4.5,5,11,0,FALSE,FALSE,1018.91,1375.16,9.3,10,4.4
EMP005387,2024-12,4.4,7,21,0,FALSE,FALSE,943.57,1502.25,9.6,9.5,4.6
EMP005388,2024-12,3.52,3,15,0,FALSE,FALSE,86.19,552.9,6.5,8,3.3
EMP005389,2024-12,3.52,2,3,1,FALSE,FALSE,98.06,330.93,10,8.9,3.5
EMP005390,2024-12,3.29,1,9,0,FALSE,FALSE,209.2,935.8,6.9,7.7,2.9
EMP005391,2024-12,3.15,2,7,3,FALSE,FALSE,59.51,578.35,6,5.9,2.9
EMP005393,2024-12,4.55,4,21,0,FALSE,FALSE,681.78,1248.46,8.5,9.3,5
EMP005394,2024-12,3.32,1,13,1,FALSE,FALSE,74.91,640.43,7.2,7.8,3.4
EMP005395,2024-12,4.1,2,18,1,FALSE,FALSE,416.39,994.23,5.3,4.4,3.9
EMP005396,2024-12,4.24,3,14,1,FALSE,FALSE,369.77,1044.52,7.8,8.2,4.1
EMP005397,2024-12,4.08,4,16,3,FALSE,FALSE,1000.05,1590.25,9.1,9.3,4.5
EMP005398,2024-12,4.11,1,17,0,FALSE,FALSE,173.79,695.18,9.7,10,4.2
EMP005399,2024-12,3.81,4,11,1,FALSE,FALSE,90.96,567.57,4.8,5.6,3.6
EMP005400,2024-12,3.73,1,12,1,FALSE,FALSE,183.59,795.25,7.8,9.1,3.4
EMP005404,2024-12,4.09,3,11,0,FALSE,FALSE,226.64,901.76,7.5,7.3,4.3
EMP005405,2024-12,3.49,7,17,0,FALSE,FALSE,309,881.8,6.2,6.6,3.3
EMP005406,2024-12,4.22,5,17,1,FALSE,FALSE,253.52,902.21,7.8,7,4.6
EMP005407,2024-12,3.7,1,12,2,FALSE,FALSE,163.45,888,7.4,7.9,3.7
EMP005408,2024-12,4.38,5,17,0,FALSE,FALSE,762.88,1188.03,7.5,8.2,4.8
EMP005409,2024-12,4.49,9,7,0,FALSE,TRUE,1444.87,822.74,5.3,4.8,4.6
EMP005411,2024-12,4.18,0,15,1,FALSE,FALSE,98.67,680.14,8.2,7.7,4
EMP005412,2024-12,3.96,4,2,0,FALSE,FALSE,42.05,55.49,4.8,4.2,3.9
EMP005415,2024-12,4.31,8,2,1,TRUE,FALSE,1233.17,139.57,9.5,8.1,4.3
EMP005416,2024-12,4.02,2,15,1,FALSE,FALSE,199.3,856.8,6.9,9.5,3.7
EMP005417,2024-12,3.93,3,9,2,FALSE,FALSE,232.19,876.58,5.9,5.3,3.9
EMP005418,2024-12,3.32,1,9,2,FALSE,FALSE,185.23,850.95,6.6,4.5,3.2
EMP005420,2024-12,4.33,2,16,0,FALSE,FALSE,374.52,1065.39,7.1,6.9,4.4
EMP005421,2024-12,4.03,1,7,1,FALSE,FALSE,235.92,391.57,6.7,6.4,4.1
EMP005422,2024-12,3.6,1,14,0,FALSE,FALSE,160.43,752.35,8,7.2,4
EMP005423,2024-12,4.6,4,24,0,FALSE,FALSE,1974.61,1832.2,8.8,7.9,4.4
EMP005424,2024-12,4.01,1,15,0,FALSE,FALSE,80.57,554.45,9.3,8.7,4.2
EMP005425,2024-12,4.44,5,10,0,FALSE,FALSE,90.3,594,10,10,4.4
EMP005426,2024-12,4.29,4,5,0,FALSE,FALSE,635.25,569.17,9.4,8,4.5
EMP005427,2024-12,3.6,2,4,0,FALSE,FALSE,54.72,199.72,5.3,6.3,3.6
EMP005429,2024-12,3.46,2,8,1,FALSE,FALSE,68.78,526.72,5.8,6.4,3.2
EMP005430,2024-12,4.44,4,20,2,FALSE,FALSE,1068.72,1501.87,7.6,8.1,3.8
EMP005431,2024-12,4.79,4,22,1,FALSE,FALSE,857.2,1228.91,8,8,4.9
EMP005432,2024-12,3.74,3,16,0,FALSE,FALSE,109.59,676.95,9.5,10,3.5
EMP005433,2024-12,4.81,3,21,1,FALSE,FALSE,149.03,686.82,6.3,5.8,4.6
EMP005434,2024-12,3.64,1,12,2,FALSE,FALSE,80.5,528.72,7,7.1,3.9
EMP005435,2024-12,3.45,4,14,1,FALSE,FALSE,79.5,607.89,7.4,8.9,3.8
EMP005438,2024-12,4.04,1,10,0,FALSE,FALSE,440.11,1048.73,7,6.8,4.3
EMP005439,2024-12,4.18,2,6,3,FALSE,FALSE,98.15,278.16,7.4,6.9,4.1
EMP005440,2024-12,3.18,2,3,3,FALSE,FALSE,51.72,213.44,6.8,6.8,3.1
EMP005441,2024-12,4.09,9,24,0,FALSE,FALSE,942.68,1640.46,6.4,5.9,4.2
EMP005442,2024-12,4.01,4,15,0,FALSE,FALSE,902.97,1286.24,8.5,9.3,4
EMP005443,2024-12,3.54,3,19,1,FALSE,FALSE,468.18,1228.96,6.6,5.2,3.2
EMP005444,2024-12,3.36,3,3,0,FALSE,FALSE,42.89,232.04,5.9,6.2,3.2
EMP005445,2024-12,3.11,1,15,2,FALSE,FALSE,76.97,618.78,5.5,6.9,3.1
EMP005446,2024-12,4.02,3,6,0,FALSE,FALSE,75.42,249.69,5,6,4
EMP005447,2024-12,4.63,4,24,2,FALSE,FALSE,784.03,1175.6,9.1,8.8,4.8
EMP005448,2024-12,3.74,4,9,0,FALSE,FALSE,203.15,808.15,7.7,7.5,4.2
EMP005449,2024-12,3.72,2,15,0,FALSE,FALSE,190.35,877.65,5.6,6,3.8
EMP005450,2024-12,3.75,1,18,1,FALSE,FALSE,309.04,902.37,6.4,5.8,3.7
EMP005451,2024-12,3.9,2,17,1,FALSE,FALSE,79.7,574.08,8.4,9.1,3.9
EMP005453,2024-12,4.09,2,15,1,FALSE,FALSE,507.24,1132.52,8.4,8.1,3.9
EMP005454,2024-12,4.05,1,2,1,FALSE,FALSE,118.36,70.42,8.1,6.7,4.8
EMP005455,2024-12,4.4,2,11,0,FALSE,FALSE,467.66,1237.96,9.2,8.5,4.2
EMP005456,2024-12,4.14,0,14,2,FALSE,FALSE,176.16,726.53,5.2,4.7,3.6
EMP005458,2024-12,3.61,0,10,1,FALSE,FALSE,109.4,727.9,7.1,6.4,3.7
EMP005461,2024-12,3.84,2,12,0,FALSE,FALSE,186.99,869.96,5.3,5.3,3.8
EMP005462,2024-12,3.37,1,10,1,FALSE,FALSE,70.24,628.01,6.3,6,3.4
EMP005463,2024-12,3.62,2,4,0,FALSE,FALSE,124.07,303.74,7.1,7.1,3.6
EMP005464,2024-12,3.24,2,13,0,FALSE,FALSE,129.98,708.25,7.3,7.9,3.3
EMP005465,2024-12,4.27,5,13,2,FALSE,FALSE,751.34,1303.76,10,9.6,4.1
EMP005466,2024-12,4.13,3,8,0,FALSE,FALSE,316.36,930.91,8.5,8.6,4.3
EMP005467,2024-12,3.89,1,5,1,FALSE,FALSE,216.81,382.67,8.9,9.5,4
EMP005468,2024-12,3.56,2,3,0,FALSE,FALSE,58.32,259.15,6,7.7,3.2
EMP005469,2024-12,4.23,4,19,0,FALSE,FALSE,771.33,1357.68,7.2,8.3,4.1
EMP005470,2024-12,4.15,0,13,1,FALSE,FALSE,88.24,635.82,5.6,6.7,4.9
EMP005471,2024-12,4.35,6,23,0,FALSE,FALSE,840.48,1458.17,6.7,7.7,4.7
EMP005472,2024-12,4.33,1,8,1,FALSE,FALSE,215.52,826.53,6.4,6.6,3.9
EMP005473,2024-12,4.41,3,14,0,FALSE,FALSE,197.78,930.34,8.1,7.6,4.3
EMP005474,2024-12,3.51,3,11,2,FALSE,FALSE,216.3,878.45,7.1,6.7,4
EMP005475,2024-12,3.88,4,3,0,FALSE,FALSE,280.3,420.86,5.5,5.7,4.3
EMP005476,2024-12,4.34,1,14,0,FALSE,FALSE,301.19,921.38,8.6,8.8,4.7
EMP005477,2024-12,3.67,1,8,1,FALSE,FALSE,166.38,825.91,9.1,6.9,3.8
EMP005480,2024-12,4.16,1,2,1,FALSE,FALSE,101.94,252.21,6.7,8.2,4.2
EMP005481,2024-12,3.18,0,12,1,FALSE,FALSE,83.47,603.41,5,5.4,2.6
EMP005482,2024-12,4.07,0,4,3,FALSE,FALSE,154.03,336.11,6.8,7.2,4.3
EMP005483,2024-12,3.94,1,3,0,FALSE,FALSE,69.62,253.39,8.3,8.2,4
EMP005484,2024-12,3.65,0,2,1,FALSE,FALSE,69.68,258.27,6.9,7,3.6
EMP005485,2024-12,3.44,2,9,1,FALSE,FALSE,168.87,767.23,7.4,7.7,3.3
EMP005486,2024-12,4.32,2,6,1,FALSE,FALSE,136.02,301.23,7.9,7.6,4.8
EMP005487,2024-12,3.25,1,2,0,FALSE,FALSE,48.59,207.49,7.5,6.9,3.2
EMP005488,2024-12,4.21,1,5,1,FALSE,FALSE,651.42,574.58,5.8,5.3,4.4
EMP005490,2024-12,4,3,16,2,FALSE,FALSE,101.51,672.71,7.7,8.2,3.7
EMP005492,2024-12,3.72,1,15,0,FALSE,FALSE,62.43,532.87,7.5,6.7,4.1
EMP005493,2024-12,4.35,4,26,0,FALSE,FALSE,741.95,1254.17,8.5,9,4.4
EMP005494,2024-12,4.17,3,19,0,FALSE,FALSE,364.63,885.3,8.7,8.9,4.4
EMP005495,2024-12,4.65,3,6,0,FALSE,FALSE,690.39,631.87,9.8,9.4,4.3
EMP005497,2024-12,4.03,1,17,0,FALSE,FALSE,168.57,755.51,6.4,5.5,4.3
EMP005499,2024-12,4.04,2,13,0,FALSE,FALSE,178.33,916.53,7.5,7.8,4.2
EMP005500,2024-12,3.36,5,15,0,FALSE,FALSE,95.7,606.26,5,4.5,3.8
EMP005501,2024-12,3.2,3,16,0,FALSE,FALSE,100.47,708.46,8.3,7.1,2.7
EMP005502,2024-12,3.22,2,9,1,FALSE,FALSE,152.94,831.09,5.7,5.4,3.2
EMP005503,2024-12,3.59,4,13,0,FALSE,FALSE,178.19,779.42,9.2,9.6,3.5
EMP005504,2024-12,3.78,9,2,2,FALSE,FALSE,494.96,581.44,7.8,5.4,3.5
EMP005505,2024-12,3.81,2,11,2,FALSE,FALSE,80.99,602.5,7.3,8,3.7
EMP005506,2024-12,3.39,0,15,2,FALSE,FALSE,147.06,885.62,7.8,7.5,3.1
EMP005507,2024-12,3.28,2,19,1,FALSE,FALSE,81.51,586.49,7.1,7.7,2.9
EMP005508,2024-12,3.87,0,5,0,FALSE,FALSE,300.69,411.89,9.1,9.8,3.3
EMP005509,2024-12,4.12,7,18,0,FALSE,FALSE,200.8,802.48,7.5,6.2,3.9
EMP005510,2024-12,3.67,1,6,2,FALSE,FALSE,114.22,272.48,6.8,5.8,3.8
EMP005511,2024-12,4.17,2,10,1,FALSE,FALSE,359.78,947.25,5.5,5.2,4.5
EMP005512,2024-12,4.24,6,11,0,FALSE,FALSE,1031.63,1646.53,7.7,7.4,4.1
EMP005513,2024-12,3.89,3,16,0,FALSE,FALSE,196.68,830.63,7,6.2,4.2
EMP005514,2024-12,4.54,2,6,1,FALSE,FALSE,56.95,254.08,10,9.5,4.3
EMP005515,2024-12,4.02,1,3,1,FALSE,FALSE,110.15,272.82,7.9,8.2,3.6
EMP005516,2024-12,3.97,1,15,0,FALSE,FALSE,316.66,955.38,6.6,5.9,4.1
EMP005517,2024-12,3.69,2,8,3,FALSE,FALSE,81.67,698.36,7.3,6.9,3.8
EMP005519,2024-12,4.03,2,20,1,FALSE,FALSE,240.41,926.58,8.5,8.1,4.1
EMP005520,2024-12,4.27,10,14,0,FALSE,FALSE,916.53,1423.77,8.7,9.3,4.7
EMP005521,2024-12,2.99,3,1,1,FALSE,FALSE,41.72,203.75,5.8,5.3,3
EMP005523,2024-12,3.36,4,6,1,FALSE,FALSE,81.84,534.31,7.2,6.2,3.3
EMP005524,2024-12,4.41,2,20,0,FALSE,FALSE,1194.84,1596,5.4,5.1,4
EMP005525,2024-12,3.85,2,10,0,FALSE,FALSE,138.66,749.2,8.2,8.9,4.2
EMP005526,2024-12,3.43,4,12,2,FALSE,FALSE,91.82,581.56,8.4,9.3,3.5
EMP005527,2024-12,3.99,4,20,1,FALSE,FALSE,140.57,749.97,8.9,8.7,4.2
EMP005529,2024-12,4.55,7,17,0,FALSE,FALSE,2663.5,2843.13,10,10,4.7
EMP005530,2024-12,5,2,12,0,FALSE,FALSE,162.7,734.18,8.9,8.6,5
EMP005531,2024-12,4.25,1,3,0,FALSE,FALSE,335.4,440.88,9.4,10,4.2
EMP005533,2024-12,4.21,2,11,0,FALSE,FALSE,402.88,993.62,9.5,10,4.1
EMP005534,2024-12,3.72,5,10,2,FALSE,FALSE,69.52,580.57,5.5,6,3.5
EMP005535,2024-12,3.75,2,12,1,FALSE,FALSE,481.78,1138.75,4.3,4.1,3.5
EMP005537,2024-12,4.71,3,5,3,FALSE,FALSE,706.52,611.13,6.4,5.4,4.5
EMP005538,2024-12,3.97,1,15,0,FALSE,FALSE,158.04,671.06,5.7,5,4.2
EMP005540,2024-12,3.94,0,7,1,FALSE,FALSE,331.55,982.2,7.5,8.6,3.8
EMP005541,2024-12,3.7,1,7,1,FALSE,FALSE,113.14,310.92,5.6,6.7,3.9
EMP005542,2024-12,3.58,0,13,2,FALSE,FALSE,140.1,802.26,8.8,8.8,3.1
EMP005543,2024-12,3.1,4,8,0,FALSE,FALSE,72.22,577.85,7.6,7.8,3.4
EMP005545,2024-12,3.93,6,16,2,FALSE,FALSE,912.55,1599,7.6,6.3,4.4
EMP005546,2024-12,4.33,4,22,0,FALSE,FALSE,1003.8,1541.32,6.2,5.2,4.4
EMP005547,2024-12,4.09,4,18,1,FALSE,FALSE,926.88,1616.94,9.3,8.5,4.4
EMP005548,2024-12,3.52,1,3,2,FALSE,FALSE,100.18,291.21,7.1,8.6,3.4
EMP005549,2024-12,3.68,1,5,0,FALSE,FALSE,57.02,253.91,5.7,5.7,3.8
EMP005550,2024-12,4.01,6,13,0,FALSE,FALSE,120.91,666.36,6.7,5.4,4.4
EMP005551,2024-12,3.39,1,13,1,FALSE,FALSE,91.1,676.51,7.7,6.9,3.9
EMP005552,2024-12,4.02,4,9,0,FALSE,TRUE,172.9,670.44,7,7.4,3.6
EMP005553,2024-12,2.81,2,18,0,FALSE,FALSE,66,553.35,7.3,6.4,2.6
EMP005554,2024-12,3.75,0,19,0,FALSE,FALSE,71.26,585.47,6.7,7.5,3.8
EMP005555,2024-12,3.71,3,15,0,FALSE,FALSE,86.05,595.52,7.5,6.5,3.3
EMP005556,2024-12,3.41,4,9,1,FALSE,FALSE,105.47,705.13,6.9,7.8,3.1
EMP005557,2024-12,3.97,0,12,2,FALSE,FALSE,530.92,1223.22,6.7,6.5,3.8
EMP005559,2024-12,2.86,2,9,0,FALSE,FALSE,79.82,679.38,5.6,6.4,3.3
EMP005560,2024-12,4.35,3,10,0,FALSE,FALSE,549.69,472.22,7.3,8.7,4.4
EMP005561,2024-12,3.65,2,9,2,FALSE,FALSE,89.46,686.23,6.7,8.2,3.7
EMP005562,2024-12,3.6,3,16,2,FALSE,FALSE,100.95,630.85,7.7,8.8,3.6
EMP005563,2024-12,4.37,1,3,0,FALSE,FALSE,271.18,448.35,8.1,9.4,4.4
EMP005564,2024-12,4.32,5,7,0,FALSE,FALSE,420.8,429.75,9,8.6,4.8
EMP005565,2024-12,3.98,4,8,1,FALSE,FALSE,52.38,250.27,8.9,9.4,4
EMP005566,2024-12,4.36,3,15,1,FALSE,FALSE,416.93,1018.45,8.9,7.9,4.2
EMP005567,2024-12,3.65,3,7,1,FALSE,FALSE,182.92,754.9,7.2,6.5,3.8
EMP005568,2024-12,4.01,3,11,0,FALSE,FALSE,85.72,531.32,7.8,7.6,4.4
EMP005569,2024-12,3.36,1,11,0,FALSE,FALSE,70.04,639.64,5.9,6,3.6
EMP005570,2024-12,4.15,5,19,1,FALSE,FALSE,1215.35,1648.32,5.9,6.6,3.7
EMP005572,2024-12,3.89,2,3,0,FALSE,FALSE,25.51,41.83,6.4,6.2,4
EMP005573,2024-12,4.33,5,16,0,FALSE,FALSE,788.2,1253.54,6.5,6.5,4.2
EMP005574,2024-12,4.5,5,3,0,FALSE,FALSE,393.28,104.59,9.1,8.7,4.6
EMP005575,2024-12,3.63,0,1,0,FALSE,FALSE,115.99,55.99,6.5,6.4,3.7
EMP005577,2024-12,3.88,2,15,0,FALSE,FALSE,89.53,593.98,6.6,6,3.6
EMP005578,2024-12,3.76,1,3,1,FALSE,FALSE,70.2,597.37,6.7,8,4
EMP005579,2024-12,3.75,3,14,0,FALSE,FALSE,80.3,574.63,7.8,7.8,3.6
EMP005580,2024-12,3.23,3,10,0,FALSE,FALSE,72.63,567.17,6.6,5.2,3.1
EMP005581,2024-12,3.64,3,13,0,FALSE,FALSE,160.79,760.74,6.2,6.3,3.5
EMP005582,2024-12,4.43,8,24,0,FALSE,FALSE,666.94,1161.87,8,9.2,4.4
EMP005583,2024-12,4.24,2,6,0,FALSE,FALSE,246.75,443.65,8.9,9.7,4
EMP005584,2024-12,4.25,4,15,1,FALSE,FALSE,162.85,694.12,7.4,7.8,4.2
EMP005585,2024-12,3.52,1,18,0,FALSE,FALSE,101.35,615.9,6.3,5.4,3.4
EMP005587,2024-12,2.81,3,5,0,FALSE,FALSE,36.55,223.21,6.3,5.4,3
EMP005589,2024-12,4.45,5,15,0,FALSE,FALSE,662.52,1256.07,8.5,9.3,4.4
EMP005591,2024-12,4.02,1,5,0,FALSE,FALSE,65.71,219,7.3,8.7,4.4
EMP005592,2024-12,4.32,2,4,0,FALSE,FALSE,230.54,316.36,6.4,6.6,4.2
EMP005593,2024-12,3.66,2,17,1,FALSE,FALSE,223.07,893.55,5.7,6.1,3.4
EMP005594,2024-12,4.19,3,5,0,FALSE,FALSE,324.34,429.8,7.1,6.9,4.1
EMP005595,2024-12,4.3,1,5,1,FALSE,FALSE,43.66,194.23,10,10,4.3
EMP005597,2024-12,3.63,0,18,1,FALSE,FALSE,146.73,860.58,9.4,8.2,3.1
EMP005598,2024-12,3.89,4,22,1,FALSE,FALSE,949.74,1650.47,7.4,8.5,4.5
EMP005599,2024-12,3.91,3,18,0,FALSE,FALSE,763.39,1229.22,8.3,8.2,4.1
EMP005601,2024-12,3.45,1,12,1,FALSE,FALSE,167.39,750.39,6,4.6,3.5
EMP005602,2024-12,4.52,4,5,1,FALSE,FALSE,769.1,594.85,7.5,6.8,3.9
EMP005603,2024-12,4.19,6,17,1,FALSE,FALSE,757.37,1346.25,8.1,7.2,4.1
EMP005605,2024-12,3.63,2,13,1,FALSE,FALSE,182.48,758.16,9.1,10,3.7
EMP005606,2024-12,4.1,2,11,0,FALSE,FALSE,75.96,607.18,9.1,8.1,4.1
EMP005607,2024-12,3.35,0,15,0,FALSE,FALSE,66.16,562.17,6.8,6.7,3.2
EMP005608,2024-12,4.1,1,14,0,FALSE,FALSE,81.5,559.71,9.5,9.5,4.8
EMP005609,2024-12,4.2,1,10,1,FALSE,FALSE,377.86,945.47,7.6,7.7,4.1
EMP005610,2024-12,4.37,4,4,0,FALSE,FALSE,742.72,597.43,7.2,6.8,4.8
EMP005613,2024-12,3.69,1,8,1,FALSE,FALSE,339.22,1129.81,5.8,6.8,3.8
EMP005614,2024-12,3.57,1,13,1,FALSE,FALSE,62.11,537.81,7.1,6.7,3.3
EMP005615,2024-12,3.81,2,11,0,FALSE,FALSE,188.26,808.23,8.4,8,3.5
EMP005617,2024-12,2.98,2,13,1,FALSE,FALSE,66.13,619.1,7.1,8,3.3
EMP005618,2024-12,3.61,3,20,2,FALSE,FALSE,197.59,807.97,9,8.3,3.3
EMP005619,2024-12,3.96,0,14,0,FALSE,FALSE,199.39,758.07,7.4,7.8,4.1
EMP005620,2024-12,3.42,3,17,1,FALSE,FALSE,96.95,662.79,9.2,9.5,3.3
EMP005623,2024-12,4.63,2,18,1,FALSE,FALSE,952.99,1481.72,7.5,6.6,5
EMP005624,2024-12,4.68,6,23,0,FALSE,FALSE,1706.6,1691.74,8.3,7,4.6
EMP005625,2024-12,4.27,3,17,2,FALSE,FALSE,467.12,1203.27,8.4,9.7,4.5
EMP005626,2024-12,3.13,2,3,0,FALSE,FALSE,45.12,247.76,9.4,10,3.5
EMP005627,2024-12,3.49,4,3,0,FALSE,FALSE,133.39,681.89,6.1,4.5,3.3
EMP005628,2024-12,4.14,1,9,0,FALSE,FALSE,118.01,701.96,8.1,7.3,3.5
EMP005630,2024-12,3.31,4,10,2,FALSE,FALSE,85.74,570.88,7.1,7,3.3
EMP005631,2024-12,3.7,2,10,0,FALSE,FALSE,360.36,1178.98,6,6.2,3.6
EMP005632,2024-12,3.38,0,10,2,FALSE,FALSE,61.24,556.6,8.5,8.1,3.3
EMP005633,2024-12,3.13,0,14,3,FALSE,FALSE,152.6,786.77,6.6,6.2,3.5
EMP005635,2024-12,3.54,0,2,0,FALSE,FALSE,76.15,264.76,4.8,4.6,3.4
EMP005636,2024-12,3.96,3,7,0,FALSE,FALSE,342.39,883.42,6.8,6.7,3.9
EMP005637,2024-12,4.01,0,16,2,FALSE,FALSE,411.76,1022.71,7.7,8.4,3.5
EMP005639,2024-12,3.19,2,7,0,FALSE,FALSE,83.83,663.26,4.8,6.1,3.8
EMP005640,2024-12,3.27,1,7,0,FALSE,FALSE,47.5,243.81,6.8,7.2,3.8
EMP005641,2024-12,4.46,3,15,0,FALSE,FALSE,395.67,1038.14,7.1,6.3,3.8
EMP005642,2024-12,4.23,8,14,1,FALSE,FALSE,1320.39,1743.94,7.5,7.9,4.2
EMP005643,2024-12,4.12,4,20,0,FALSE,FALSE,736.47,1258.28,6.4,6.5,4.3
EMP005644,2024-12,3.99,4,15,0,FALSE,FALSE,193.63,825.63,7.7,6.6,3.4
EMP005645,2024-12,4.11,1,12,1,FALSE,FALSE,323.87,912.05,7.6,6.4,4.4
EMP005646,2024-12,3.67,4,9,1,FALSE,FALSE,97.44,596.84,4.5,4.9,3.5
EMP005647,2024-12,3.39,4,7,1,FALSE,FALSE,65.3,577.99,5.9,6.3,3.8
EMP005648,2024-12,4,1,14,0,FALSE,FALSE,191.85,886.28,6.3,6.8,3.9
EMP005649,2024-12,3.99,2,17,3,FALSE,FALSE,438.96,1142.83,7.2,6.9,4.4
EMP005652,2024-12,3.46,1,13,1,FALSE,FALSE,85.1,598.25,5.2,3.7,4
EMP005653,2024-12,3.76,2,8,3,FALSE,FALSE,89.81,720.16,9,7.6,3.8
EMP005654,2024-12,3.66,1,3,2,FALSE,FALSE,52.17,243.09,7.7,7.4,4.1
EMP005656,2024-12,4.32,3,12,1,FALSE,FALSE,371.66,935.06,8.2,7.5,3.9
EMP005658,2024-12,3.7,1,17,0,FALSE,FALSE,236.35,931.86,7.6,7.5,3.4
EMP005660,2024-12,3.86,4,3,0,FALSE,FALSE,259.26,383.9,6.2,6.2,3.8
EMP005661,2024-12,3.94,2,21,0,FALSE,FALSE,91.13,621.75,4.8,5.5,3.8
EMP005662,2024-12,3.22,2,10,2,FALSE,FALSE,89.06,601.64,6.8,6.9,3
EMP005664,2024-12,3.74,0,15,1,FALSE,FALSE,71.73,562.14,8.8,8.4,3.3
EMP005665,2024-12,3.31,5,2,1,FALSE,FALSE,45.61,219.75,9,8.3,2.9
EMP005666,2024-12,4.14,2,6,2,FALSE,FALSE,119.93,288.23,5.6,5.1,4.2
EMP005667,2024-12,2.98,0,1,0,FALSE,FALSE,58.96,57.02,7.4,7.3,3.5
EMP005668,2024-12,3.98,1,17,0,FALSE,FALSE,396.87,1159.75,9.5,10,3.6
EMP005669,2024-12,3.83,3,13,0,FALSE,FALSE,192.44,854.97,4.7,3.8,4.1
EMP005670,2024-12,4.56,6,7,0,FALSE,FALSE,1259.26,789.27,9.4,9.8,5
EMP005672,2024-12,3.99,7,6,1,FALSE,FALSE,98.26,278.84,10,10,4
EMP005673,2024-12,3.6,2,7,0,FALSE,FALSE,53.11,199.96,7.1,7.4,3
EMP005675,2024-12,4.34,1,14,1,FALSE,FALSE,447.69,1134.46,9.8,9.3,3.9
EMP005677,2024-12,4.29,4,11,1,FALSE,FALSE,637.61,514.07,7.2,5.6,4.3
EMP005679,2024-12,3.62,3,11,2,FALSE,FALSE,175.2,751.46,8.7,8,4
EMP005680,2024-12,4.6,3,17,0,FALSE,FALSE,798.99,1326.32,7.9,8.1,4.8
EMP005681,2024-12,3.62,2,15,0,FALSE,FALSE,176.67,853.04,9.4,9.4,3.8
EMP005682,2024-12,4.52,2,16,2,FALSE,FALSE,915.11,1704.6,6.5,6.7,4.2
EMP005683,2024-12,4.45,3,14,1,FALSE,FALSE,524.77,1200.02,8,9.1,4.9
EMP005684,2024-12,4.32,5,21,0,FALSE,FALSE,760.09,1354.16,7.3,7.2,4.8
EMP005685,2024-12,3.49,1,7,1,FALSE,FALSE,186.86,915.15,6.3,8,3.9
EMP005687,2024-12,4.09,4,10,0,FALSE,TRUE,142.74,751.33,8.5,9,4.6
EMP005688,2024-12,3.07,2,14,1,FALSE,FALSE,61.35,562.82,7,7.6,3.2
EMP005689,2024-12,3.97,0,6,0,FALSE,FALSE,216.76,356.95,7.5,7.8,4.7
EMP005690,2024-12,4.15,8,2,1,FALSE,FALSE,408.09,125.68,8.3,8.9,4.4
EMP005691,2024-12,3.38,1,16,4,FALSE,FALSE,200.09,931.85,6.5,5.8,3.7
EMP005692,2024-12,4.17,2,3,0,FALSE,FALSE,175.64,329.47,10,9.4,4.1
EMP005693,2024-12,4.28,5,19,2,FALSE,FALSE,749.16,1170.03,9,9,4.5
EMP005694,2024-12,4.21,5,22,0,FALSE,FALSE,912.67,1414.12,5.9,4.8,4.2
EMP005695,2024-12,4.02,1,1,2,FALSE,FALSE,109.47,257.92,8.3,9.9,4.4
EMP005696,2024-12,3.77,6,7,0,FALSE,FALSE,180.16,729.03,6.2,7.3,4
EMP005698,2024-12,4,3,16,0,FALSE,FALSE,160.62,872.03,8.5,7.9,3.8
EMP005699,2024-12,3.61,2,12,0,FALSE,FALSE,79.68,588.16,5,5,4.2
EMP005702,2024-12,3.46,4,12,0,FALSE,FALSE,70.65,621.03,8.1,8,3.2
EMP005703,2024-12,3.07,3,10,0,FALSE,FALSE,81.51,268.53,6.2,5.1,2.8
EMP005704,2024-12,4.07,7,2,0,FALSE,FALSE,339.94,129.39,8.9,10,4.1
EMP005705,2024-12,4.38,2,16,1,FALSE,FALSE,307.15,904.03,9,8,4.5
EMP005706,2024-12,3.82,0,6,0,FALSE,FALSE,50.29,198.54,8.6,7.4,3.6
EMP005709,2024-12,4.79,7,18,0,FALSE,FALSE,1517.12,1678.09,10,9.5,4.6
EMP005710,2024-12,4.27,6,11,0,FALSE,FALSE,522.04,589.68,8.1,7.3,4.7
EMP005712,2024-12,3.91,2,13,3,FALSE,FALSE,179.86,751.02,7.7,8.6,4
EMP005713,2024-12,3.58,3,14,2,FALSE,FALSE,91.56,652.06,6.8,5.3,3.4
EMP005714,2024-12,3.76,2,17,0,FALSE,FALSE,80.98,557.42,5.3,5.7,4.3
EMP005715,2024-12,3.7,1,13,3,FALSE,FALSE,68.59,575.37,5.8,5.3,4.1
EMP005716,2024-12,4.48,4,19,1,FALSE,FALSE,861.86,1286.19,8.8,7.2,4.8
EMP005717,2024-12,4,1,5,0,FALSE,FALSE,242.57,365.18,10,10,3.6
EMP005718,2024-12,3.52,2,17,0,FALSE,FALSE,151.72,887.62,6.9,6.5,3.4
EMP005720,2024-12,4.06,4,17,2,FALSE,FALSE,428.43,947.92,7.2,7.3,3.8
EMP005721,2024-12,4.28,3,18,1,FALSE,FALSE,1112,1656.32,9.7,9.7,4.6
EMP005722,2024-12,3.44,2,19,0,FALSE,FALSE,85.92,582.49,9.2,9.2,3.1
EMP005723,2024-12,3.43,1,5,1,FALSE,FALSE,119.72,335.44,5.3,4.5,3.9
EMP005724,2024-12,3.48,1,13,1,FALSE,FALSE,101.1,639.74,5.8,6.9,3.4
EMP005725,2024-12,3.71,1,14,0,FALSE,FALSE,138.13,783.82,10,10,3.6
EMP005727,2024-12,4.02,2,16,1,FALSE,FALSE,356.76,951.44,5.9,6.4,3.5
EMP005728,2024-12,4.66,3,23,1,FALSE,FALSE,3510.7,3067.06,8.1,8.2,4.6
EMP005729,2024-12,3.79,1,11,2,FALSE,FALSE,72.28,538.57,6.7,7.6,3.8
EMP005730,2024-12,4.72,2,7,0,FALSE,FALSE,526.98,451.1,9.4,8.8,4.1
EMP005731,2024-12,4.12,7,9,2,FALSE,FALSE,574.49,553.62,9.3,10,4.1
EMP005732,2024-12,4.54,4,15,0,FALSE,FALSE,2997.41,2906.87,6.4,7.7,4.9
EMP005735,2024-12,3.67,2,13,1,FALSE,FALSE,150.42,870.97,4.9,4,3.6
EMP005737,2024-12,3.37,5,15,2,FALSE,FALSE,738.1,1616.21,7.3,7.9,3.3
EMP005738,2024-12,5,4,23,0,FALSE,FALSE,2334.48,2103.88,8.4,9.2,5
EMP005739,2024-12,3.9,4,3,0,FALSE,FALSE,107.24,275.07,9.3,10,4.2
EMP005740,2024-12,4.3,5,1,0,FALSE,FALSE,949.85,138.57,8.9,9.8,4
EMP005741,2024-12,4.63,9,21,0,FALSE,FALSE,1239.04,1553.77,10,9.5,4.7
EMP005743,2024-12,3.9,2,16,2,FALSE,FALSE,103.7,690.83,8.5,9.7,4
EMP005744,2024-12,3.23,1,14,0,FALSE,FALSE,72.32,588.6,7.2,8,3.1
EMP005745,2024-12,2.95,5,5,1,FALSE,FALSE,43.69,230.66,5.2,4.8,2.9
EMP005746,2024-12,3.4,4,15,1,FALSE,FALSE,76.25,689.66,7,5.6,3.6
EMP005747,2024-12,4.73,8,17,0,FALSE,FALSE,3272.03,2772.31,6.8,7.6,4.7
EMP005749,2024-12,4.61,6,8,0,FALSE,FALSE,1570.54,820.39,6.8,5.9,4.8
EMP005751,2024-12,3.67,1,11,0,FALSE,FALSE,97.25,573.55,9.7,8.3,3.2
EMP005752,2024-12,3.28,0,2,0,FALSE,FALSE,38.75,207.06,8.5,9.3,3.4
EMP005753,2024-12,3.34,2,18,0,FALSE,FALSE,99.7,636.91,6.9,6.6,3
EMP005755,2024-12,4.07,3,23,0,FALSE,FALSE,1181.58,1628.23,9.6,9,3.6
EMP005756,2024-12,4.7,1,1,1,FALSE,FALSE,247.46,416.41,10,10,4.8
EMP005757,2024-12,3.86,3,7,1,FALSE,FALSE,75.43,584.91,6.8,6.2,3.8
EMP005758,2024-12,3.32,1,8,0,FALSE,FALSE,42.5,233.94,7.9,7.7,3.5
EMP005760,2024-12,3.25,0,5,0,FALSE,FALSE,109.88,327.05,8.4,8.2,3.3
EMP005761,2024-12,3.11,1,4,0,FALSE,FALSE,50.22,205.43,3.9,4,3.3
EMP005763,2024-12,3.69,0,8,0,FALSE,FALSE,234.23,930.56,6.2,6.4,4.1
EMP005764,2024-12,4.04,3,6,0,FALSE,FALSE,87.72,253.98,10,9.7,3.8
EMP005766,2024-12,3.86,2,9,2,FALSE,FALSE,149.11,838.97,6.6,7.5,4.1
EMP005767,2024-12,3.55,1,9,0,FALSE,FALSE,60.33,233.4,7.3,6.5,3.7
EMP005768,2024-12,3.27,2,8,0,FALSE,FALSE,37.7,195.61,7.3,7.5,3.4
EMP005769,2024-12,4.26,3,8,0,FALSE,FALSE,441.21,1089.36,8.8,9,5
EMP005770,2024-12,4.06,3,6,0,FALSE,FALSE,679.02,586.35,9.1,9.5,4
EMP005771,2024-12,4.12,1,13,0,FALSE,FALSE,235.48,901.47,7.6,7.2,3.7
EMP005772,2024-12,4.08,2,10,3,FALSE,FALSE,200.75,752.26,7.9,6.7,3.9
EMP005774,2024-12,4.7,6,12,0,FALSE,FALSE,3026.79,2672.46,6.9,6.7,4.6
EMP005775,2024-12,3.81,0,8,2,FALSE,FALSE,137.73,726.68,4.8,4.7,3.7
EMP005776,2024-12,3.88,1,19,0,FALSE,FALSE,137.14,667.69,7.4,7.8,4.4
EMP005777,2024-12,3.29,1,9,3,FALSE,FALSE,79.63,620.32,6.7,7,3.7
EMP005778,2024-12,3.83,3,12,1,FALSE,FALSE,74.02,614.49,8,9.4,3.4
EMP005780,2024-12,3.89,4,7,0,FALSE,FALSE,312.93,983.06,6.8,5.9,4.2
EMP005781,2024-12,3.8,2,17,0,FALSE,FALSE,421.82,980.12,9.5,10,4.3
EMP005782,2024-12,4.44,0,1,1,FALSE,FALSE,188.09,81.92,7.7,6.7,4.1
EMP005783,2024-12,4.75,0,7,1,FALSE,FALSE,275.5,400.56,7.2,6.9,4.8
EMP005784,2024-12,3.88,1,15,0,FALSE,FALSE,108.79,719.84,10,9.4,3.9
EMP005785,2024-12,3.77,6,5,1,FALSE,TRUE,46.7,189.13,10,10,4.1
EMP005786,2024-12,3.9,2,14,0,FALSE,FALSE,846.89,1296.98,9,9.1,3.8
EMP005787,2024-12,3.1,2,10,1,FALSE,FALSE,86.36,623.48,7.6,8.3,3.3
EMP005788,2024-12,3.56,2,8,2,FALSE,FALSE,163.48,885.43,7,7.2,3.4
EMP005789,2024-12,2.97,3,16,1,FALSE,FALSE,80.53,640.04,6,6,3.4
EMP005790,2024-12,4.32,2,23,2,FALSE,FALSE,977.82,1283.42,7,6.9,4
EMP005791,2024-12,4.65,0,2,0,FALSE,FALSE,113.45,262.5,9.3,9.3,4.8
EMP005793,2024-12,4.11,3,18,1,FALSE,FALSE,233.28,863.69,7.3,7.2,4.3
EMP005794,2024-12,4.02,2,1,0,FALSE,FALSE,80.5,69.51,7.8,8.3,3.6
EMP005795,2024-12,3.48,1,14,0,FALSE,FALSE,220.78,904.3,7.5,8.3,3.7
EMP005796,2024-12,3.64,1,14,0,FALSE,FALSE,103.82,706.14,6.7,5.2,3.5
EMP005797,2024-12,4.19,3,4,0,FALSE,FALSE,697.05,573.27,7.4,6.9,3.9
EMP005798,2024-12,4.41,1,15,0,FALSE,FALSE,186.08,666.85,7.9,8.4,4.6
EMP005799,2024-12,3.36,3,10,1,FALSE,FALSE,83.8,536.85,7.7,8.3,3.6
EMP005800,2024-12,4.05,2,5,0,FALSE,FALSE,130.11,312.8,7.2,8.5,4.1
EMP005801,2024-12,3.48,0,12,3,FALSE,FALSE,144.41,739.55,6.2,8.4,3.6
EMP005802,2024-12,4.17,3,6,0,FALSE,FALSE,322.48,444.54,7.9,7.9,4
EMP005803,2024-12,3.87,4,24,0,FALSE,FALSE,1067.08,1675.35,8.8,9.3,3.7
EMP005804,2024-12,4.54,6,1,1,FALSE,FALSE,430.12,119.3,9.5,8,4.3
EMP005805,2024-12,3.59,2,0,0,FALSE,FALSE,39.61,50.84,7.6,7.4,4.1
EMP005806,2024-12,3.96,2,19,1,FALSE,FALSE,94.47,713.51,7.6,7.7,3.8
EMP005807,2024-12,4.18,1,5,0,FALSE,FALSE,230.24,341.64,7.5,7.1,3.5
EMP005808,2024-12,3.61,4,4,0,FALSE,FALSE,98.57,291.32,8.6,8.3,3.7
EMP005809,2024-12,4.99,5,19,0,FALSE,FALSE,1943.92,2153.29,8.6,10,5
EMP005810,2024-12,3.77,2,14,1,FALSE,FALSE,111.73,672.85,9.5,10,3.7
EMP005811,2024-12,3.75,1,8,1,FALSE,FALSE,83.02,715.19,7.8,7.4,3.9
EMP005812,2024-12,3.54,2,2,1,FALSE,FALSE,76.84,70.42,7,6.5,3.9
EMP005813,2024-12,4.03,2,1,1,FALSE,FALSE,254.71,343.73,8.2,6.6,4.1
EMP005814,2024-12,3.67,2,13,0,FALSE,FALSE,82.69,698.18,5.8,5.8,3.3
EMP005816,2024-12,3.51,3,15,0,FALSE,FALSE,106.63,686.7,7.8,8.5,2.9
EMP005817,2024-12,3.6,0,5,0,FALSE,FALSE,113.39,304.4,5.7,5.8,3.6
EMP005818,2024-12,4.7,9,14,0,FALSE,FALSE,1348.3,1717.4,8.3,8.2,4.6
EMP005819,2024-12,4,2,6,0,FALSE,FALSE,632.63,622.44,7,6.7,4.6
EMP005820,2024-12,4.5,6,21,0,FALSE,FALSE,917.68,1188.9,7.9,7.4,4.7
EMP005821,2024-12,4.14,3,9,0,FALSE,FALSE,379.66,917.91,8.5,7.4,4.1
EMP005822,2024-12,3.48,1,3,0,FALSE,FALSE,64.68,254.28,8.4,9.7,3.4
EMP005823,2024-12,3.15,2,3,1,FALSE,FALSE,38.01,216.43,5.6,6.1,2.7
EMP005824,2024-12,3.63,4,11,1,FALSE,FALSE,156.01,852.04,6.6,6.5,3.5
EMP005825,2024-12,3.71,1,18,2,FALSE,FALSE,67.68,539.74,7.5,7.8,3.4
EMP005826,2024-12,3.57,2,6,1,FALSE,FALSE,87.52,273.41,7.1,6.4,3.5
EMP005829,2024-12,3.75,3,9,1,FALSE,FALSE,131.7,335.18,9.5,10,3.8
EMP005831,2024-12,3.75,4,14,2,FALSE,FALSE,148.18,677.13,7.5,6.9,3.9
EMP005833,2024-12,4.18,1,10,0,FALSE,FALSE,431.86,939.46,8.7,9.6,3.9
EMP005834,2024-12,4.59,8,27,0,FALSE,FALSE,1146.51,1697.58,8.3,8.3,4.5
EMP005835,2024-12,3.85,2,6,0,FALSE,FALSE,175.81,341.48,6,6,4.4
EMP005836,2024-12,3.95,3,19,0,FALSE,FALSE,148.09,749.43,9.1,8.4,3.4
EMP005837,2024-12,3.64,0,10,1,FALSE,FALSE,74.33,652.1,7.9,8.8,3.8
EMP005838,2024-12,3.99,1,24,0,FALSE,TRUE,83.46,523.12,6,5.2,3.8
EMP005840,2024-12,3.47,0,12,0,FALSE,FALSE,80.89,709.45,6.8,8.1,3.7
EMP005841,2024-12,4.24,1,10,1,FALSE,FALSE,378.7,1099.39,7.5,8.3,3.6
EMP005842,2024-12,4.07,4,12,0,FALSE,FALSE,174.16,760.68,9.2,8.3,4.4
EMP005844,2024-12,4.35,8,20,4,FALSE,FALSE,923.95,1687.68,7.8,7.8,4.3
EMP005845,2024-12,4.11,7,18,0,FALSE,FALSE,809.92,1401.24,8.3,6.8,4.2
EMP005846,2024-12,4.12,0,12,3,FALSE,FALSE,162.32,669.8,8.6,9.5,4.6
EMP005847,2024-12,3.12,3,2,0,FALSE,FALSE,49.67,223.44,6.8,6,2.5
EMP005848,2024-12,4.69,3,26,1,FALSE,FALSE,1843.19,2037.68,9.4,9.1,5
EMP005849,2024-12,4.5,3,23,2,FALSE,FALSE,2196.27,2602.28,7.9,7.3,4.6
EMP005850,2024-12,4,3,14,0,FALSE,FALSE,234.35,881.09,9.1,9.3,3.9
EMP005852,2024-12,3.47,3,12,0,FALSE,FALSE,81.61,692.64,8.5,9.9,3.6
EMP005853,2024-12,3.7,2,15,1,FALSE,FALSE,112.77,703.26,7.2,5.8,3.5
EMP005854,2024-12,3.3,3,0,2,FALSE,FALSE,28.19,46.92,6.2,6,3.1
EMP005856,2024-12,3.09,1,14,1,FALSE,FALSE,67.21,537.96,10,9.2,2.8
EMP005857,2024-12,4.27,0,19,1,FALSE,FALSE,1051.68,1626.38,7.1,6.9,4.2
EMP005858,2024-12,3.85,3,2,0,FALSE,FALSE,97.79,266.07,7.7,7.3,3.7
EMP005859,2024-12,3.7,1,13,0,FALSE,FALSE,393.11,1177.86,8.3,9,4.1
EMP005860,2024-12,3.43,1,10,1,FALSE,FALSE,334.87,1082.48,7.2,7.7,3.4
EMP005861,2024-12,3.28,3,12,0,FALSE,FALSE,79.41,560.5,9,8.8,3.3
EMP005862,2024-12,3.64,2,14,0,FALSE,FALSE,193.24,886.77,8.1,6.8,4.2
EMP005863,2024-12,3.87,3,10,0,FALSE,FALSE,328.44,1057.59,7,8.5,4
EMP005864,2024-12,4.19,6,17,0,FALSE,FALSE,915.93,1434.67,6.3,7.2,4.2
EMP005865,2024-12,4.34,3,11,0,FALSE,FALSE,656.07,634.22,8.5,9.8,3.9
EMP005866,2024-12,4.16,3,12,2,FALSE,FALSE,184.66,814.15,8.2,8.5,3.8
EMP005867,2024-12,2.94,3,15,0,FALSE,FALSE,76.14,699.44,6.7,7.3,2.8
EMP005868,2024-12,4,1,21,1,FALSE,FALSE,209.78,890.39,9.2,8.9,3.8
EMP005869,2024-12,3.29,1,4,3,FALSE,FALSE,75.18,43.72,9,7.8,3.3
EMP005870,2024-12,3.49,1,15,1,FALSE,FALSE,87.82,679.55,4.1,3.8,3.1
EMP005871,2024-12,3.63,8,9,0,FALSE,FALSE,95.98,622.35,6.6,8.7,4.2
EMP005872,2024-12,4.52,4,22,1,FALSE,FALSE,851.92,1170.89,8.3,7.3,4.4
EMP005873,2024-12,4.66,4,18,0,FALSE,FALSE,3646.83,2998.35,8.1,8.2,4.6
EMP005874,2024-12,4.02,1,4,0,FALSE,FALSE,113.35,283.63,8.9,8.9,4.4
EMP005875,2024-12,4.61,3,15,0,FALSE,FALSE,831.89,1239.54,6,8.1,4.6
EMP005876,2024-12,2.7,1,11,1,FALSE,FALSE,79.55,620.69,7.1,6.4,3.1
EMP005877,2024-12,4.48,7,17,0,FALSE,FALSE,1297.55,1655.5,7.2,5.3,4.7
EMP005878,2024-12,3.7,2,6,0,FALSE,FALSE,182.82,331.2,4.9,4.1,3.1
EMP005879,2024-12,3.46,3,19,1,FALSE,FALSE,80.63,541.17,5.2,6.1,3.4
EMP005880,2024-12,4.44,2,7,0,FALSE,FALSE,417.34,925.1,8.7,8.1,4.5
EMP005881,2024-12,3.31,4,18,1,FALSE,FALSE,89.78,647.22,5,4.5,3.1
EMP005882,2024-12,3.71,3,10,0,FALSE,FALSE,72.54,582.86,6.8,6.1,3.4
EMP005883,2024-12,4.19,2,12,0,FALSE,FALSE,74.38,560.39,5.5,3.5,4.1
EMP005884,2024-12,4.74,0,12,1,FALSE,FALSE,231.66,774.16,9.3,8.1,4.7
EMP005886,2024-12,3.96,4,14,0,FALSE,FALSE,210.76,931.15,7.2,5.9,3.6
EMP005887,2024-12,3.4,1,0,0,FALSE,FALSE,130.07,60.46,6.2,6.7,3.4
EMP005888,2024-12,4.03,2,8,0,FALSE,FALSE,311.93,429.08,5.8,6,4.2
EMP005889,2024-12,4.21,4,18,2,FALSE,FALSE,1083.46,1734.21,9.5,10,3.9
EMP005890,2024-12,3.86,1,13,0,FALSE,FALSE,109.18,681.26,7.5,7.5,3.9
EMP005891,2024-12,4.54,2,16,0,FALSE,FALSE,1802.99,2184.69,9.5,9.3,4.7
EMP005894,2024-12,4.02,3,16,2,FALSE,FALSE,176.28,808.45,10,8.7,3.8
EMP005895,2024-12,3.71,2,10,0,FALSE,FALSE,185.43,899.03,6.9,7.3,4
EMP005896,2024-12,3.89,5,18,1,FALSE,FALSE,773.92,1625.29,7.5,9.3,3.4
EMP005897,2024-12,3.7,3,13,0,FALSE,FALSE,97,675.92,6.4,5.3,3.6
EMP005898,2024-12,4.25,1,13,1,FALSE,FALSE,383.23,948.36,7.9,7.7,4.5
EMP005900,2024-12,3.65,1,6,2,FALSE,FALSE,100.37,246.01,6.3,7.1,4
EMP005902,2024-12,3.62,0,3,2,FALSE,FALSE,84.56,71.24,6.3,6.9,3.6
EMP005903,2024-12,4.3,5,22,0,FALSE,FALSE,930.66,1477.24,5.8,5.9,4
EMP005904,2024-12,3.52,3,15,0,FALSE,FALSE,764.92,1343.5,8.3,9.5,3.4
EMP005905,2024-12,2.9,4,16,0,FALSE,FALSE,61.77,612.36,7.7,7.9,3.3
EMP005906,2024-12,4.57,3,6,0,FALSE,FALSE,181.75,315.37,9.1,8.8,4.6
EMP005907,2024-12,3.73,0,12,1,FALSE,FALSE,197.76,885.64,7.6,6.9,3.8
EMP005908,2024-12,4.15,3,11,2,FALSE,FALSE,177.92,667.77,6.6,7,3.8
EMP005910,2024-12,3.75,0,19,0,FALSE,TRUE,78.12,638.83,5.2,5.1,3.8
EMP005911,2024-12,3.38,1,20,1,FALSE,FALSE,82.32,635.96,8.7,7.9,3.3
EMP005912,2024-12,3.59,3,8,1,FALSE,FALSE,225.24,906.73,7.5,7,3.5
EMP005913,2024-12,4.53,2,20,0,FALSE,FALSE,384.91,920.03,9.7,10,4.5
EMP005914,2024-12,4.34,5,7,2,FALSE,FALSE,435.88,425.55,7.6,8.4,4.3
EMP005915,2024-12,4.15,2,15,1,FALSE,FALSE,342.28,911.05,7.7,8.1,4.1
EMP005916,2024-12,3.67,5,1,0,FALSE,FALSE,62.74,70.79,7.4,6.2,3.4
EMP005917,2024-12,3.29,1,12,0,FALSE,FALSE,68.11,592.79,8.3,7.9,3.4
EMP005918,2024-12,3.59,2,11,0,FALSE,FALSE,142.49,687.49,5.4,5.3,3.5
EMP005919,2024-12,3.47,3,6,1,FALSE,FALSE,56.98,218.55,5.5,6.7,3.9
EMP005920,2024-12,3.82,3,6,0,FALSE,FALSE,108.21,320.92,6.3,7,3.6
EMP005921,2024-12,3.84,4,4,1,FALSE,FALSE,103.79,319.23,6.5,6.1,3.9
EMP005922,2024-12,3.41,2,14,2,FALSE,FALSE,90.88,663.32,4.6,4.3,3.9
EMP005923,2024-12,4.33,3,20,0,FALSE,TRUE,1118.58,1596.09,7.5,8.5,4.2
EMP005924,2024-12,3.39,2,6,0,FALSE,FALSE,99.97,264.18,6.9,8.2,3.6
EMP005925,2024-12,4.2,9,19,1,FALSE,FALSE,831.8,1624.63,7.3,6.2,4.4
EMP005926,2024-12,3.81,4,8,0,FALSE,FALSE,178.43,777.69,5.8,5.4,3.5
EMP005927,2024-12,3.32,1,20,0,FALSE,FALSE,172.43,846.15,4.6,2.2,3.2
EMP005928,2024-12,4.45,1,3,1,FALSE,FALSE,237.48,405.51,9.1,8.9,4.7
EMP005930,2024-12,3.47,1,14,2,FALSE,FALSE,76.39,661.63,9.1,9,3.8
EMP005931,2024-12,3.49,2,10,0,FALSE,FALSE,168.46,873.26,7.4,6.7,3.6
EMP005932,2024-12,3.76,2,5,0,FALSE,FALSE,288.6,402.98,7.4,9,3.6
EMP005933,2024-12,3.08,2,20,0,FALSE,FALSE,153.55,728.09,5.4,5.5,3.3
EMP005934,2024-12,3.45,1,8,0,FALSE,FALSE,85.75,665.37,6.6,7.1,3.6
EMP005935,2024-12,3.87,3,8,1,FALSE,FALSE,82.3,273.87,8.2,7.7,3.6
EMP005936,2024-12,3.99,1,12,1,FALSE,FALSE,394.87,1203.04,5.1,4.5,4.4
EMP005937,2024-12,3.78,2,18,0,FALSE,FALSE,446.2,1247.86,8.4,9.7,3.9
EMP005938,2024-12,3.64,1,13,1,FALSE,FALSE,217.85,867.56,5.8,4.6,3.7
EMP005940,2024-12,4.06,2,11,0,FALSE,FALSE,222.42,922.64,7.3,6.7,3.7
EMP005941,2024-12,4.11,4,18,0,FALSE,FALSE,737.04,1179.28,8.4,9.8,4.4
EMP005942,2024-12,3.63,1,16,0,FALSE,FALSE,195.75,803.11,10,9,3.2
EMP005943,2024-12,3.73,1,4,1,FALSE,FALSE,85.37,273.84,6.2,7.4,3.8
EMP005944,2024-12,3.66,4,8,2,FALSE,FALSE,192.04,900.31,7.3,7.5,4
EMP005945,2024-12,4.31,7,1,0,FALSE,FALSE,661.02,527.16,8.9,9.9,4.2
EMP005946,2024-12,4.67,6,19,0,FALSE,FALSE,1258.82,1567.64,10,9.4,4.4
EMP005947,2024-12,3.61,2,18,0,FALSE,FALSE,95.33,665.89,5.6,6.1,3.8
EMP005949,2024-12,3.82,0,14,0,FALSE,FALSE,120.91,724.62,9.8,9.5,3.8
EMP005951,2024-12,4.27,8,14,0,FALSE,FALSE,831.5,1309.88,8.7,9.4,4.2
EMP005952,2024-12,4.36,0,4,1,FALSE,FALSE,107.62,305.91,7.7,6.8,4.6
EMP005953,2024-12,3.66,1,17,0,FALSE,FALSE,88.25,693.53,8.9,9.2,3.8
EMP005955,2024-12,3.62,0,14,2,FALSE,FALSE,85.98,556.28,6.9,7.9,3.9
EMP005956,2024-12,4.04,2,5,1,FALSE,FALSE,46.74,208.41,9.4,9.6,4.3
EMP005957,2024-12,3.87,4,1,1,FALSE,FALSE,71.27,62.93,8.1,8.5,3.9
EMP005958,2024-12,4.01,2,11,2,FALSE,TRUE,377.96,1090.21,7,7.2,3.7
EMP005959,2024-12,5,6,7,0,FALSE,FALSE,1922.28,1036.41,7.4,8.3,4.8
EMP005960,2024-12,4.59,7,10,0,FALSE,FALSE,1641.64,1009.51,10,10,4.3
EMP005961,2024-12,4.08,2,14,1,FALSE,FALSE,513.72,1174.13,7.2,5.8,4.1
EMP005962,2024-12,2.95,1,10,1,FALSE,FALSE,65.17,597.2,5.8,5.2,3
EMP005963,2024-12,4.42,8,22,0,FALSE,FALSE,1154.66,1639.91,8.4,8.4,4.5
EMP005964,2024-12,3.91,2,5,0,FALSE,FALSE,81.45,588.94,7.7,7.7,3.5
EMP005965,2024-12,3.56,2,12,0,FALSE,FALSE,180.14,877.41,7.1,8.2,3.7
EMP005966,2024-12,4.01,7,26,2,FALSE,FALSE,729.98,1239.92,7,6.8,3.6
EMP005967,2024-12,3.14,6,15,3,FALSE,FALSE,95.41,648.62,7,7,3.5
EMP005968,2024-12,3.81,0,2,1,FALSE,FALSE,218.59,70.7,7,7.6,3.7
EMP005970,2024-12,4.09,11,20,2,FALSE,FALSE,870.27,1326.52,9.5,9,4.2
EMP005971,2024-12,3.93,1,5,1,FALSE,FALSE,114.38,304.8,5.3,4.6,4.5
EMP005972,2024-12,4.16,2,15,0,FALSE,FALSE,323.02,972.96,7,7,4
EMP005973,2024-12,4.18,4,22,1,FALSE,FALSE,612.16,1214.54,7.8,7.7,3.8
EMP005974,2024-12,4.07,2,18,1,FALSE,FALSE,206.46,924.59,9.5,8.9,4.7
EMP005975,2024-12,3.34,4,14,3,FALSE,FALSE,101.98,656.11,7.1,7.6,3.4
EMP005976,2024-12,3.25,2,13,0,FALSE,FALSE,67.03,646.3,5.9,5.9,3.5
EMP005977,2024-12,3.79,4,3,1,FALSE,FALSE,58.36,202.61,6.7,5.3,4.4
EMP005978,2024-12,4.43,4,14,0,FALSE,FALSE,1205.02,1675.96,7.7,7.8,4.5
EMP005980,2024-12,3.94,0,13,2,FALSE,FALSE,417.72,951.14,8.7,7.9,4
EMP005983,2024-12,4.05,2,11,1,FALSE,FALSE,203.82,787.86,6.3,5.4,4.1
EMP005984,2024-12,3.97,2,2,1,FALSE,FALSE,77.76,46.32,6.9,7.9,4.4
EMP005985,2024-12,4.02,2,9,1,FALSE,FALSE,97.68,651.6,8.6,8.1,4.2
EMP005986,2024-12,4.22,1,14,0,FALSE,FALSE,173.5,757.3,8.2,6.5,4.3
EMP005988,2024-12,4.23,8,15,1,FALSE,FALSE,806.25,1552.13,5.6,5.8,3.8
EMP005989,2024-12,3.34,0,1,0,FALSE,FALSE,36.78,52.13,7.6,7.2,3.5
EMP005991,2024-12,3.95,2,11,0,FALSE,FALSE,82.45,531.28,5,5.8,4.2
EMP005992,2024-12,4.31,5,19,2,FALSE,FALSE,989.9,1394.04,5.6,4.5,4.2
EMP005993,2024-12,4.05,3,3,1,FALSE,FALSE,103.06,288.32,7.5,7.2,4
EMP005994,2024-12,3.68,0,5,0,FALSE,FALSE,81.73,247.53,7.2,8.4,4
EMP005995,2024-12,4.02,1,11,0,FALSE,FALSE,124.19,724.26,7.1,8.4,3.6
EMP005996,2024-12,4.06,4,17,0,FALSE,FALSE,87.7,636.05,5.5,4.7,4.2
EMP005997,2024-12,4.35,7,5,0,FALSE,FALSE,695.98,621.48,8.3,9.5,4.4
EMP005998,2024-12,3.27,2,10,1,FALSE,FALSE,84.64,542.77,5.7,4.5,3.5
EMP005999,2024-12,3.97,2,9,0,FALSE,FALSE,164.47,739.16,7.6,7.1,4.4
EMP006000,2024-12,4.35,8,5,0,FALSE,FALSE,427.71,456.19,6.6,4.6,4.6
EMP006001,2024-12,3.83,3,18,2,FALSE,FALSE,102.18,641.28,8.2,9.3,3.9
EMP006002,2024-12,4.54,2,10,0,FALSE,FALSE,216.45,842.27,7.2,7.5,4.4
EMP006003,2024-12,3.88,3,4,1,FALSE,FALSE,121.41,314.45,10,10,4.1
EMP006007,2024-12,3.73,5,6,0,FALSE,FALSE,96.8,624.39,8.4,9.4,3.5
EMP006008,2024-12,4.26,4,7,0,FALSE,FALSE,107.18,315.06,7.9,8.9,4.1
EMP006010,2024-12,4.14,1,7,0,FALSE,FALSE,240.03,883.21,7,7.9,4
EMP006011,2024-12,3.99,7,32,0,FALSE,FALSE,1192.54,1755.18,6,7,4
EMP006012,2024-12,3.48,1,15,2,FALSE,FALSE,70.34,563.83,5.8,6.7,3.5
EMP006013,2024-12,3.57,0,8,0,FALSE,FALSE,83.29,639.33,7.1,6.5,3.6
EMP006014,2024-12,4.38,1,15,0,FALSE,FALSE,237.67,897.37,6.8,7.2,4.8
EMP006015,2024-12,3.3,2,12,0,FALSE,FALSE,172.97,795.26,6.9,6.5,3.1
EMP006016,2024-12,3.35,1,11,1,FALSE,FALSE,76.15,598.51,6.2,6.8,3
EMP006017,2024-12,3.53,3,8,1,FALSE,FALSE,163.12,696.62,6.8,6.4,3.9
EMP006018,2024-12,3.46,3,12,1,FALSE,FALSE,137.8,666.92,6.6,5.6,4.1
EMP006019,2024-12,3.64,0,12,1,FALSE,FALSE,85.8,638.9,5.7,6.5,3.1
EMP006020,2024-12,3.97,0,8,0,FALSE,FALSE,426.26,1086.35,7.2,7.7,3.3
EMP006021,2024-12,3.83,1,12,1,FALSE,FALSE,312.78,1062.51,7,7.9,3.7
EMP006024,2024-12,3.87,3,5,0,FALSE,FALSE,135.04,333.63,8.3,8.4,3.8
EMP006025,2024-12,4.02,5,24,1,FALSE,FALSE,711.31,1161.84,8.8,8.5,4.2
EMP006026,2024-12,3.7,3,0,1,FALSE,FALSE,280.42,434.87,7.9,8.8,3.9
EMP006027,2024-12,3.7,4,17,0,FALSE,FALSE,190.54,766.66,7.7,7.7,3.8
EMP006030,2024-12,3.3,3,14,0,FALSE,FALSE,85.45,619.41,7.3,7.3,3.4
EMP006031,2024-12,3.65,2,10,0,FALSE,FALSE,78.6,668.74,8.1,8.4,4.2
EMP006032,2024-12,4.64,4,14,1,FALSE,FALSE,393.48,971.75,9.4,9.3,4.1
EMP006034,2024-12,3.69,0,10,1,FALSE,FALSE,446.72,1135.62,9.1,8,3.7
EMP006035,2024-12,3.51,3,12,0,FALSE,FALSE,87.41,282.15,6.2,5.1,3.5
EMP006036,2024-12,3.48,3,3,1,FALSE,FALSE,87.47,300.43,8.3,9,3.4
EMP006037,2024-12,4.3,5,16,1,FALSE,FALSE,351.36,1000,7.9,8.8,4.1
EMP006038,2024-12,4.59,8,24,0,FALSE,FALSE,2022.7,2269.34,7.8,7.9,4
EMP006039,2024-12,2.79,6,10,0,FALSE,FALSE,100.86,674.95,4.8,5,3.3
EMP006041,2024-12,3.48,1,9,1,FALSE,FALSE,86.75,659.73,6.1,6.2,3.4
EMP006042,2024-12,4.19,2,24,0,FALSE,FALSE,813.88,1312.24,7.7,9.7,3.7
EMP006043,2024-12,4.08,3,2,1,FALSE,FALSE,33.03,45.42,7.4,6.8,3.9
EMP006045,2024-12,3.16,3,1,0,FALSE,FALSE,23.83,45.09,5,4.2,2.5
EMP006046,2024-12,3.67,2,13,2,FALSE,FALSE,196.8,824.14,8.3,7.6,3.9
EMP006049,2024-12,2.78,1,1,0,FALSE,FALSE,67.14,50.5,6,6,2.4
EMP006050,2024-12,4.04,2,11,0,FALSE,FALSE,181.93,818.82,8.7,8.1,4
EMP006053,2024-12,4.22,2,19,1,FALSE,FALSE,1181.31,1745.3,8.7,7.2,4.6
EMP006055,2024-12,3.75,3,2,0,FALSE,FALSE,100.48,293.93,6.3,6.5,3.5
EMP006057,2024-12,4.31,3,15,1,FALSE,FALSE,757.68,1355.76,7.9,8,4.2
EMP006058,2024-12,4.5,3,18,0,FALSE,FALSE,758.61,1268.66,7.7,8.4,4.9
EMP006059,2024-12,4.41,4,17,0,FALSE,FALSE,345.4,945.8,6.4,6.2,4.6
EMP006060,2024-12,4.07,6,4,0,FALSE,FALSE,552.89,533.74,8.4,8.6,4.4
EMP006061,2024-12,3.84,1,17,1,FALSE,FALSE,396.91,933.27,7.9,7.7,3.6
EMP006062,2024-12,4.64,5,12,0,FALSE,FALSE,2664.21,2296.37,7,7.6,4.9
EMP006063,2024-12,4.29,1,5,0,FALSE,FALSE,214.63,92.59,7.9,7.4,3.7
EMP006064,2024-12,4.45,6,21,0,FALSE,FALSE,935.99,1284.52,8.2,8.8,4.3
EMP006066,2024-12,4.3,8,2,2,FALSE,FALSE,813.38,96.51,10,10,4.3
EMP006067,2024-12,3.98,2,14,0,FALSE,FALSE,178.88,792,5.9,6.2,4.1
EMP006068,2024-12,4.17,4,7,1,FALSE,FALSE,118.18,293.41,6.6,5.8,4
EMP006070,2024-12,3.68,3,15,0,FALSE,FALSE,142.31,785.48,9.1,9.4,3.4
EMP006072,2024-12,3.3,3,4,3,FALSE,FALSE,47.72,251.36,4.5,4.1,3.2
EMP006073,2024-12,3.83,1,2,1,FALSE,FALSE,119.9,301.93,7.9,8.8,3.6
EMP006074,2024-12,3.51,2,12,0,FALSE,FALSE,89.18,555.12,5.4,5.8,3.4
EMP006076,2024-12,3.93,2,18,2,FALSE,FALSE,141.49,725.16,6.6,8.9,4
EMP006078,2024-12,3.43,4,10,2,FALSE,FALSE,85.74,727.75,5.4,3.5,3.4
EMP006079,2024-12,4.39,5,7,0,FALSE,FALSE,645.92,587.27,7,6.3,4.4
EMP006080,2024-12,4.19,1,14,2,FALSE,FALSE,187.03,872.43,6.8,8.3,3.7
EMP006081,2024-12,3.69,2,4,1,FALSE,FALSE,35.52,45.56,6.7,6.3,3.4
EMP006082,2024-12,4.18,6,13,1,FALSE,FALSE,793.33,1225.45,9.7,10,4.2
EMP006083,2024-12,3.15,4,11,2,FALSE,FALSE,129.4,730.85,7,7.1,3.4
EMP006084,2024-12,4.27,3,10,1,TRUE,FALSE,74.64,533.13,8.4,8.3,4.3
EMP006085,2024-12,4.2,2,5,0,FALSE,FALSE,276.65,391.55,6.5,6.8,4
EMP006086,2024-12,2.91,1,16,2,FALSE,FALSE,61.76,525.75,6,7,2.8
EMP006087,2024-12,3.38,3,19,1,FALSE,FALSE,96.47,625.08,4.6,5.7,2.9
EMP006088,2024-12,3.45,4,15,0,FALSE,FALSE,91.78,624.09,7.2,6.9,3.7
EMP006089,2024-12,3.59,3,12,0,FALSE,FALSE,177.08,923.57,7,7.1,3.3
EMP006091,2024-12,3.91,2,14,0,FALSE,FALSE,409.05,1013.84,9.4,9.5,3.5
EMP006092,2024-12,3.56,3,15,0,FALSE,FALSE,64.09,558.78,7,8.2,3.5
EMP006093,2024-12,3.07,1,1,0,FALSE,FALSE,38.97,228.47,5,3.8,2.5
EMP006096,2024-12,3.91,0,4,1,FALSE,FALSE,132.96,334.51,8.6,9.1,4
EMP006097,2024-12,3.9,2,21,2,FALSE,FALSE,720.98,1424.57,7.9,7.6,3.7
EMP006098,2024-12,3.23,0,10,1,FALSE,FALSE,87.07,273.62,7.1,8,3
EMP006099,2024-12,4.06,1,2,1,FALSE,FALSE,81.83,240.15,6.7,5.7,4
EMP006100,2024-12,2.82,4,2,1,FALSE,FALSE,32.95,50.72,3.6,4.4,2.5
EMP006101,2024-12,3.97,0,14,1,FALSE,FALSE,75.42,607.47,7.3,6.7,4
EMP006102,2024-12,3.65,1,9,0,FALSE,FALSE,172.42,874.06,7.8,7,4
EMP006104,2024-12,4.31,3,14,0,FALSE,TRUE,116.42,672.12,8.8,9.6,4.3
EMP006105,2024-12,4.48,3,21,0,FALSE,TRUE,2244.81,2211.1,6.9,6.9,4.7
EMP006106,2024-12,4.33,0,10,0,FALSE,FALSE,472.3,1165.81,9.6,9.7,4
EMP006108,2024-12,3.51,3,15,0,FALSE,FALSE,103.58,711,8.4,7.3,3.8
EMP006109,2024-12,4.02,3,18,1,FALSE,FALSE,186.29,708.57,6,5.2,3.8
EMP006110,2024-12,3.47,3,7,1,FALSE,FALSE,77.33,542.18,8.3,7.9,3.2
EMP006113,2024-12,4.19,8,6,1,FALSE,FALSE,591.15,554.22,9,7.6,4
EMP006114,2024-12,4.38,5,10,1,FALSE,TRUE,148.49,696.36,9.3,10,4.4
EMP006116,2024-12,3.41,1,2,0,FALSE,FALSE,65.57,54.79,5.7,5.5,3.5
EMP006117,2024-12,3.44,1,9,0,FALSE,FALSE,183.21,867.32,7.9,7.5,3.3
EMP006118,2024-12,4.24,1,6,0,FALSE,FALSE,126.85,283.93,8.3,8,4.3
EMP006119,2024-12,4.04,1,15,1,FALSE,FALSE,75.6,552.28,5.7,5.4,4.2
EMP006120,2024-12,3.77,1,25,0,FALSE,FALSE,179.01,740.07,8.9,9.3,3.2
EMP006121,2024-12,3.92,3,13,0,FALSE,FALSE,434.41,1106.08,7.7,7.1,3.8
EMP006122,2024-12,3.55,3,4,2,FALSE,FALSE,100.98,267.73,7.5,6.7,3.3
EMP006123,2024-12,3.53,1,6,0,FALSE,FALSE,44.06,215.64,8.9,8.4,4
EMP006124,2024-12,3.37,4,16,0,FALSE,FALSE,92.86,678.87,7,7.8,3.3
EMP006125,2024-12,4.02,3,3,0,FALSE,FALSE,199,367.58,10,10,4.4
EMP006126,2024-12,3.56,1,21,1,FALSE,FALSE,90.69,619.45,5.8,6.1,3
EMP006128,2024-12,4.33,9,8,0,FALSE,FALSE,1418.09,1046.23,7.1,8.4,4.2
EMP006129,2024-12,3.35,2,17,2,FALSE,FALSE,69.54,614.47,7.6,7.6,3.5
EMP006130,2024-12,3.47,2,17,0,FALSE,FALSE,150.98,670.83,6.6,5.2,3.5
EMP006131,2024-12,3.46,2,4,0,FALSE,FALSE,90.69,316.92,7.3,6.7,3.6
EMP006132,2024-12,4.05,2,6,0,FALSE,FALSE,83.95,241.15,7.6,7.6,3.7
EMP006133,2024-12,4.15,0,10,0,FALSE,FALSE,112.11,244.09,7.9,7.4,4.5
EMP006134,2024-12,4.75,4,17,0,FALSE,FALSE,524.75,1139.81,10,10,4.9
EMP006135,2024-12,4.06,2,4,1,FALSE,FALSE,99.55,246.02,6.4,7,4
EMP006138,2024-12,3.02,2,5,1,FALSE,FALSE,41.59,199.46,7.7,8.1,2.8
EMP006139,2024-12,3.85,2,11,2,FALSE,FALSE,198.83,815.43,8,7.8,3.6
EMP006140,2024-12,3.47,2,4,1,FALSE,FALSE,40.83,202.03,6,5.5,3.7
EMP006141,2024-12,4.1,1,1,0,FALSE,FALSE,146.31,73.31,8,7.6,4.6
EMP006143,2024-12,3.71,0,5,3,FALSE,FALSE,65.03,237.33,6.7,6.3,3.9
EMP006144,2024-12,3.74,1,14,0,FALSE,FALSE,170.2,905.14,8.4,8.8,3.3
EMP006145,2024-12,4.26,5,13,0,FALSE,FALSE,671.29,1197.73,8.5,7.6,4.6
EMP006146,2024-12,4.24,3,10,0,FALSE,FALSE,135.35,683.36,7.7,7.6,4.5
EMP006147,2024-12,3.81,1,6,0,FALSE,FALSE,224.61,880.06,7.8,9.5,4.1
EMP006148,2024-12,3.09,2,3,1,FALSE,FALSE,50.08,200.72,8.6,7.9,2.6
EMP006151,2024-12,3.3,1,8,0,FALSE,FALSE,72.49,630.17,4.4,3.4,3.2
EMP006152,2024-12,3.66,0,6,1,FALSE,FALSE,44.05,228.1,7.7,7.7,3.5
EMP006153,2024-12,3.58,3,18,1,FALSE,FALSE,156.06,863.08,6,5.8,3.7
EMP006155,2024-12,3.83,1,8,2,FALSE,FALSE,292.93,438.43,8.6,6.8,4.2
EMP006156,2024-12,3.98,1,8,3,FALSE,FALSE,83.34,553.1,8.7,7.3,4.7
EMP006157,2024-12,4.26,0,15,0,FALSE,FALSE,159.91,692.04,10,10,3.8
EMP006158,2024-12,3.54,1,3,2,FALSE,FALSE,95.33,283.84,8,8,3.5
EMP006162,2024-12,4.06,2,27,2,FALSE,FALSE,85.09,571.59,10,9.7,4.7
EMP006163,2024-12,4.4,4,5,0,FALSE,FALSE,501.43,139.23,8.9,10,4.4
EMP006165,2024-12,3.82,0,5,1,FALSE,FALSE,205.74,348,8.1,8.6,3.6
EMP006166,2024-12,3.22,0,12,2,FALSE,FALSE,86.69,597.48,6.8,6.3,3.4
EMP006167,2024-12,3.97,3,22,2,FALSE,FALSE,432.92,982.13,8,8.5,4.1
EMP006168,2024-12,4.75,1,3,0,FALSE,FALSE,144.05,328.05,7.6,7.7,5
EMP006169,2024-12,3.92,0,15,0,FALSE,FALSE,457.43,1081.47,6.6,7,4.1
EMP006170,2024-12,3.43,1,19,0,FALSE,FALSE,92.79,680.03,6.6,6.8,3.4
EMP006172,2024-12,2.64,2,9,3,FALSE,FALSE,84.08,634.48,6.5,5.8,2.6
EMP006173,2024-12,4.21,3,10,1,FALSE,FALSE,540.98,517.83,9.7,8.5,4.3
EMP006174,2024-12,2.81,1,3,1,FALSE,FALSE,50.22,237.74,6.3,6.2,2.9
EMP006175,2024-12,4.07,3,13,0,FALSE,FALSE,341.05,417.14,9.2,10,4.2
EMP006176,2024-12,4.35,6,19,0,FALSE,FALSE,885.73,1197.61,8.9,8,4.3
EMP006177,2024-12,4.43,6,16,0,FALSE,FALSE,785.03,1487.09,8.3,8.8,4.7
EMP006178,2024-12,4.22,4,22,0,TRUE,FALSE,656.06,1225.22,7.3,8.1,4.2
EMP006179,2024-12,3.32,3,8,0,FALSE,FALSE,44.06,192.55,8.8,7.3,3.4
EMP006180,2024-12,3.73,4,4,2,FALSE,FALSE,85.28,285.25,7.1,7.2,3.9
EMP006182,2024-12,3.78,1,10,1,FALSE,FALSE,180.32,744.83,8.2,7.3,4
EMP006183,2024-12,4.25,1,20,0,FALSE,FALSE,415.7,1197.8,7.5,5,4.1
EMP006184,2024-12,3.39,1,15,0,FALSE,FALSE,87.75,684.38,6.5,6.2,3.2
EMP006185,2024-12,3.49,1,10,0,FALSE,FALSE,59.54,238.32,8,7.5,3.1
EMP006187,2024-12,3.72,4,16,2,FALSE,FALSE,180.19,777.4,6,6.8,3.5
EMP006188,2024-12,3.34,1,3,0,FALSE,FALSE,61.81,262.22,6.1,6.1,3.5
EMP006189,2024-12,4.78,1,13,1,FALSE,FALSE,586.72,1202.21,10,10,4.9
EMP006190,2024-12,4.24,3,13,0,FALSE,FALSE,495.88,1194.39,8.7,10,4.1
EMP006191,2024-12,4.17,4,2,0,FALSE,FALSE,342.35,106.09,8.7,8.6,4.2
EMP006193,2024-12,3.98,1,13,0,FALSE,FALSE,90.79,637.37,8.8,8.8,4.3
EMP006194,2024-12,3.77,2,14,0,FALSE,FALSE,177.05,904.69,6.1,6.8,3.8
EMP006195,2024-12,4.03,2,1,1,FALSE,FALSE,79.03,247.26,8.6,9.2,4
EMP006196,2024-12,3.65,2,6,2,FALSE,FALSE,203.42,397.96,6.6,6.5,3.7
EMP006197,2024-12,4.32,8,7,1,FALSE,FALSE,377.37,429.91,5.5,5.4,4.4
EMP006198,2024-12,4.52,4,11,1,FALSE,FALSE,718.86,1287.29,7.1,7.7,4.5
EMP006199,2024-12,2.84,2,13,0,FALSE,FALSE,69.71,698.83,8.2,9.2,2.8
EMP006200,2024-12,3.5,2,11,1,FALSE,FALSE,91.52,597.37,6.3,7.1,4.1
EMP006201,2024-12,3.62,4,12,0,FALSE,FALSE,110.81,677.05,6.1,6.2,3.6
EMP006202,2024-12,3.55,2,6,0,FALSE,FALSE,44.51,214.66,7.4,7.7,2.9
EMP006203,2024-12,4.05,4,6,1,FALSE,FALSE,95.22,699.38,8.2,7.7,3.9
EMP006204,2024-12,4.19,4,9,0,FALSE,FALSE,622.59,590.38,7.3,6.6,4.8
EMP006205,2024-12,4.27,3,11,0,FALSE,FALSE,393.23,926.37,8,9.1,3.9
EMP006207,2024-12,4.21,5,16,1,FALSE,FALSE,1222.64,1649.97,6.1,6.2,4
EMP006208,2024-12,4.31,4,7,0,FALSE,FALSE,506.81,533.19,8,9.6,4.3
EMP006209,2024-12,3.69,3,3,2,FALSE,FALSE,118.56,55.91,7.3,7.5,3.4
EMP006210,2024-12,3.73,2,16,0,FALSE,FALSE,390.5,1015.14,9.2,8.4,4.4
EMP006211,2024-12,3.72,1,9,0,FALSE,FALSE,129.14,695.98,6.1,5.7,4.1
EMP006213,2024-12,4.21,6,15,1,FALSE,FALSE,357.96,1080.86,10,10,4.7
EMP006214,2024-12,4.44,8,18,0,FALSE,FALSE,1101.91,1485.2,7.9,7.8,4.2
EMP006216,2024-12,4.48,8,14,0,FALSE,FALSE,1043.45,1727.49,8.7,8.1,4.5
EMP006217,2024-12,4.3,2,22,1,FALSE,FALSE,824.46,1203.96,8.9,8.1,4.3
EMP006218,2024-12,2.73,3,4,0,FALSE,FALSE,50.4,259.38,6.2,6.8,2.8
EMP006219,2024-12,4.27,3,14,1,FALSE,FALSE,153.63,747.47,7.2,6.9,4.6
EMP006220,2024-12,3.52,1,17,2,FALSE,FALSE,93.17,709.42,10,10,3
EMP006221,2024-12,3.71,3,6,0,FALSE,FALSE,51.93,213.31,6.3,7,3.4
EMP006222,2024-12,4.31,5,16,0,FALSE,FALSE,379.34,1116.51,7,6,4.3
EMP006223,2024-12,4.15,3,14,0,FALSE,FALSE,1007.55,1480.61,7.6,7.2,4
EMP006224,2024-12,3.62,4,12,1,FALSE,FALSE,202.19,842.78,8,8,3.7
EMP006225,2024-12,3.72,1,12,2,FALSE,FALSE,98.79,584.03,7,8.4,4
EMP006226,2024-12,3.7,7,4,1,FALSE,FALSE,115.93,320.61,5.6,6.1,3.9
EMP006227,2024-12,3.91,1,19,0,FALSE,FALSE,367.39,996.32,6.4,6,4
EMP006228,2024-12,4.66,6,21,0,FALSE,FALSE,2682.76,2783.7,7.9,8,4.6
EMP006229,2024-12,3.65,2,18,0,FALSE,FALSE,65.28,525.38,6.6,6.8,3.4
EMP006230,2024-12,4.21,2,12,0,FALSE,FALSE,174.95,783.36,5.8,4.5,3.8
EMP006231,2024-12,4.37,3,14,1,FALSE,FALSE,222.27,790.07,7.2,7.2,4.2
EMP006232,2024-12,3.92,2,5,1,FALSE,FALSE,356.13,1075.18,8.6,8.1,3.9
EMP006233,2024-12,3.87,4,15,1,FALSE,FALSE,862.42,1328.15,5.9,6.6,3.9
EMP006234,2024-12,4.11,1,16,0,FALSE,FALSE,414.65,1187.7,8.2,9.7,4
EMP006235,2024-12,4.24,0,4,1,FALSE,FALSE,219.87,365.51,7.9,9.3,3.9
EMP006236,2024-12,4.04,4,5,1,FALSE,FALSE,65.25,253.53,6.7,5.8,3.5
EMP006237,2024-12,3.57,3,6,1,FALSE,FALSE,55.08,219.55,6.2,5.3,2.7
EMP006238,2024-12,3.56,3,7,0,FALSE,FALSE,203.84,915.93,8.2,8.8,3
EMP006239,2024-12,3.84,0,14,1,FALSE,FALSE,99.49,674.95,7,7.8,4.2
EMP006240,2024-12,4.07,0,17,1,FALSE,FALSE,216.37,863.96,7.2,7.1,3.7
EMP006241,2024-12,4.41,5,2,0,FALSE,FALSE,274.1,380.9,7.1,7.7,4.5
EMP006242,2024-12,3.88,3,7,1,FALSE,FALSE,383.23,1064.42,7.9,7.9,4
EMP006243,2024-12,3.36,3,12,1,FALSE,FALSE,93.61,719.98,6.1,5.5,3.2
EMP006244,2024-12,4.15,7,18,1,FALSE,FALSE,943.19,1558.89,8.2,6.9,3.9
EMP006245,2024-12,2.95,0,6,2,FALSE,FALSE,73.3,638.24,6.1,6,2.5
EMP006246,2024-12,3.76,1,5,1,FALSE,FALSE,78.69,246.36,5.9,7.1,3.8
EMP006248,2024-12,3.94,3,0,1,FALSE,FALSE,263.32,403.17,7.5,6.6,3.7
EMP006252,2024-12,4.12,0,12,0,TRUE,FALSE,520.26,1239.2,9.8,10,4.2
EMP006253,2024-12,3.77,2,15,0,FALSE,FALSE,170.92,723.85,4.8,4.3,4.2
EMP006254,2024-12,3.77,0,12,0,FALSE,FALSE,145.48,764.97,8,7,3.7
EMP006255,2024-12,3.4,2,11,0,FALSE,FALSE,177.11,737.2,6.5,6.2,3
EMP006256,2024-12,2.79,4,1,1,FALSE,FALSE,27.58,48.54,5.4,5.3,2.8
EMP006257,2024-12,3.83,3,15,2,FALSE,FALSE,84.45,615.62,6.7,7.8,3.8
EMP006259,2024-12,3.71,3,14,2,FALSE,FALSE,416.3,1152.3,7.2,8.1,3.4
EMP006263,2024-12,3.96,1,16,1,FALSE,FALSE,182.17,887.81,7.5,7,4.1
EMP006264,2024-12,4.09,3,10,1,FALSE,FALSE,126.42,312.2,7.6,6.9,4
EMP006265,2024-12,3.59,1,10,0,FALSE,FALSE,121.64,707.86,8,6.5,4.3
EMP006267,2024-12,3.7,2,2,0,FALSE,FALSE,88.39,70.2,6.9,6,3.6
EMP006268,2024-12,3.43,3,11,0,FALSE,FALSE,86.83,690.34,6.1,5.5,3.5
EMP006269,2024-12,3.86,5,3,0,FALSE,FALSE,28.63,44.83,7.5,8.9,3.8
EMP006271,2024-12,4.37,5,18,0,FALSE,FALSE,1107.02,1609.01,9.7,10,4.2
EMP006272,2024-12,3.21,2,17,2,FALSE,FALSE,107.76,672.36,7.7,6.9,3.8
EMP006273,2024-12,4.43,2,22,0,FALSE,FALSE,947.44,1543.18,9.9,9.5,4.6
EMP006274,2024-12,3.68,1,11,0,FALSE,FALSE,172.54,716.62,7.3,7.1,3.8
EMP006275,2024-12,4.2,4,18,1,FALSE,FALSE,638.25,1240.89,8.3,6.8,4.1
EMP006276,2024-12,3.31,1,0,1,FALSE,FALSE,52.63,57.83,6.8,5.6,3.7
EMP006277,2024-12,3.46,1,8,0,FALSE,FALSE,66.69,257.12,6.5,6.2,2.9
EMP006279,2024-12,3.73,1,16,0,FALSE,FALSE,411.24,1081.27,4.7,4.9,3.8
EMP006280,2024-12,3.55,0,13,1,FALSE,FALSE,149.93,729.03,7.1,6.3,3.4
EMP006281,2024-12,3.43,1,3,2,FALSE,FALSE,60.16,238.2,6.6,6.6,2.6
EMP006282,2024-12,3.43,0,13,1,FALSE,FALSE,183.83,823.42,6.5,7.1,3.7
EMP006283,2024-12,3.19,3,3,0,FALSE,FALSE,58.04,233.53,7.7,7.3,3.5
EMP006284,2024-12,4.31,3,22,0,FALSE,FALSE,682.52,1167.21,7.3,6.4,4.6
EMP006285,2024-12,4.04,0,15,0,FALSE,FALSE,167.81,729.59,8,7.7,3.9
EMP006286,2024-12,3.54,1,1,0,FALSE,FALSE,43.35,234.41,5.7,7.5,3.6
EMP006287,2024-12,4.35,2,2,0,FALSE,FALSE,402.58,131.29,9.6,9.2,4.4
EMP006288,2024-12,4.08,0,15,1,FALSE,TRUE,75.83,588.84,8.2,8.5,4.1
EMP006289,2024-12,3.64,4,19,0,FALSE,FALSE,83.23,703.98,8.6,7.8,4.2
EMP006290,2024-12,3.38,0,11,1,FALSE,FALSE,66.36,616.08,8.5,8.8,3.6
EMP006291,2024-12,4.21,0,15,1,FALSE,FALSE,85.67,657.13,8.4,9.1,4.2
EMP006292,2024-12,3.81,2,5,1,FALSE,FALSE,111.93,285.66,8.3,9.2,4.1
EMP006293,2024-12,3.49,3,12,0,FALSE,FALSE,150.14,727.31,7.3,7.9,3.2
EMP006294,2024-12,3.92,2,2,1,FALSE,FALSE,66.25,69.61,7.4,8.3,3.7
EMP006295,2024-12,4.11,1,11,1,FALSE,FALSE,391.75,1237.42,7.6,8.5,4.2
EMP006296,2024-12,4.39,4,19,0,FALSE,FALSE,1226.06,1710.67,9.4,7.7,4.5
EMP006297,2024-12,4.07,3,16,1,FALSE,FALSE,90.04,633.67,8,7,4.7
EMP006298,2024-12,3.47,3,4,0,FALSE,FALSE,53.56,247.76,9.2,7.9,3.2
EMP006299,2024-12,4.41,2,3,1,FALSE,FALSE,160.52,75.59,8.7,8.1,4.3
EMP006300,2024-12,3.68,1,10,1,FALSE,FALSE,155.01,815.75,6.2,6.9,3.7
EMP006301,2024-12,3.48,5,3,0,FALSE,FALSE,86.47,290.02,7.9,8.3,3.5
EMP006302,2024-12,4.14,1,2,0,FALSE,FALSE,53.73,202.84,5.1,5.2,3.5
EMP006303,2024-12,3.75,1,7,2,FALSE,FALSE,102.09,241.51,6.6,6.2,4
EMP006304,2024-12,4.71,7,12,0,FALSE,FALSE,592.24,449.72,7.9,8.5,4.6
EMP006305,2024-12,4.84,8,21,0,FALSE,FALSE,1004.61,1506.66,10,8.5,4.4
EMP006306,2024-12,4.04,5,12,0,FALSE,FALSE,463.8,492.28,6,4.6,4.3
EMP006307,2024-12,3.9,6,11,0,FALSE,FALSE,217.86,846.66,6.8,7.6,3.6
EMP006308,2024-12,3.83,2,16,0,FALSE,FALSE,340.38,1084.65,6.9,8.1,3.4
EMP006309,2024-12,3.51,4,8,1,FALSE,FALSE,42.31,194.59,7.4,9.2,3.5
EMP006310,2024-12,4.35,7,8,0,FALSE,FALSE,2806.47,3099.18,7.9,6.9,4.2
EMP006311,2024-12,4.56,5,1,0,FALSE,FALSE,2246.31,155.2,6.7,6.9,4.5
EMP006312,2024-12,4.57,3,13,0,FALSE,FALSE,1120.55,1700.06,10,10,4.6
EMP006313,2024-12,3.72,2,24,1,FALSE,FALSE,64.73,555.36,8.2,7.8,3.8
EMP006315,2024-12,3.75,3,18,0,FALSE,FALSE,111.92,649.49,6.9,5.7,4.1
EMP006317,2024-12,4.29,5,15,1,FALSE,FALSE,776.65,1152.24,9.7,9.1,4.8
EMP006319,2024-12,4.24,4,7,0,FALSE,FALSE,500.42,492.87,7.9,7.8,4.5
EMP006321,2024-12,3.71,2,6,1,FALSE,FALSE,130.81,313.18,5.3,5.8,4
EMP006322,2024-12,4.24,4,10,0,FALSE,FALSE,480.91,551.47,6.1,4.6,4.9
EMP006323,2024-12,3.58,2,16,3,FALSE,FALSE,82.25,587.45,7.8,7.3,3.5
EMP006324,2024-12,3.34,2,5,3,FALSE,FALSE,39.8,194.41,7.6,8.1,3.3
EMP006325,2024-12,4.27,2,21,0,FALSE,FALSE,837.43,1258.05,7.3,7.2,4.6
EMP006327,2024-12,4.4,2,20,0,FALSE,FALSE,1151.27,1551.24,9.5,9.1,4.2
EMP006328,2024-12,3.21,1,8,0,FALSE,FALSE,120.21,769.87,6.7,5.7,3.1
EMP006330,2024-12,4.58,6,14,3,FALSE,FALSE,1042.19,1612.13,8.6,9.3,4.3
EMP006331,2024-12,3.68,3,16,2,FALSE,FALSE,139.1,723.47,7.1,7,3.3
EMP006334,2024-12,4.56,1,5,0,FALSE,FALSE,271.38,367.8,9.1,9,5
EMP006336,2024-12,4.26,1,12,0,FALSE,FALSE,114.89,604.19,5.3,4.6,4.5
EMP006337,2024-12,4.64,2,7,1,FALSE,FALSE,169.86,746.58,8.2,7.6,4.7
EMP006338,2024-12,3.22,4,17,1,FALSE,FALSE,153.72,674.42,8.4,7.3,3.4
EMP006339,2024-12,3.73,1,12,0,FALSE,FALSE,87.65,579.88,7.9,8.6,3.6
EMP006340,2024-12,4.63,3,0,0,FALSE,FALSE,242.57,98.89,9.6,10,4.2
EMP006341,2024-12,4.29,0,1,0,FALSE,FALSE,51.14,211.92,5.8,4.6,4.7
EMP006344,2024-12,3.65,3,9,2,FALSE,FALSE,171.98,711.75,7.7,7.8,4
EMP006346,2024-12,3.69,0,13,3,FALSE,FALSE,102.76,617.07,8.5,7.4,3.8
EMP006347,2024-12,3.35,9,10,5,FALSE,FALSE,75.71,542.81,6.1,4.1,3.3
EMP006348,2024-12,4.57,4,18,1,FALSE,FALSE,799.12,1193.52,8.9,9.2,4.2
EMP006350,2024-12,3.91,1,12,0,FALSE,FALSE,238.86,895.17,7.4,6.7,3.9
EMP006351,2024-12,3.89,4,13,1,FALSE,FALSE,379.11,909.67,7.6,5.8,3.9
EMP006353,2024-12,4.53,3,19,0,FALSE,FALSE,837.95,1356.25,9.1,8.3,4.5
EMP006354,2024-12,3.77,2,3,0,FALSE,FALSE,64.15,231.09,5.6,6.9,4
EMP006355,2024-12,3.98,6,20,2,FALSE,FALSE,1044.64,1553.46,9.1,9.3,4.1
EMP006356,2024-12,4.39,7,8,0,FALSE,FALSE,428.39,422.67,8,8.5,4
EMP006357,2024-12,3.88,0,18,0,FALSE,FALSE,190.58,775.6,5.5,5.1,3.5
EMP006358,2024-12,3.98,3,14,1,FALSE,FALSE,137.52,724.17,9,7.9,3.5
EMP006359,2024-12,3.78,1,3,0,FALSE,FALSE,207.94,361.01,7.1,6.1,4.1
EMP006360,2024-12,4.22,5,10,0,FALSE,FALSE,531.27,583.6,7.9,9.4,4.7
EMP006361,2024-12,3.73,2,9,2,FALSE,FALSE,212.94,887.57,7.3,6.9,3.7
EMP006363,2024-12,3.58,1,6,1,FALSE,FALSE,84.16,277.84,7.9,7,3.4
EMP006364,2024-12,4.04,2,17,2,FALSE,FALSE,393.25,913.87,8,7.9,3.8
EMP006365,2024-12,3.52,0,3,2,FALSE,FALSE,41.99,205.26,8.1,8.5,4.1
EMP006366,2024-12,3.71,2,7,0,FALSE,FALSE,49.4,192.76,8.6,8,3.8
EMP006369,2024-12,3.99,2,5,1,FALSE,FALSE,360.56,118.5,8.3,8.7,4.2
EMP006370,2024-12,3.87,3,11,0,FALSE,FALSE,89.75,716.73,7.3,7.4,4
EMP006371,2024-12,3.66,3,11,1,FALSE,FALSE,85.59,683.78,8.6,9.5,3.8
EMP006374,2024-12,3.36,7,13,2,FALSE,FALSE,155.45,704.41,6.5,6.3,2.8
EMP006375,2024-12,3.83,3,10,0,FALSE,FALSE,355.96,996.2,5,3.7,4.1
EMP006376,2024-12,3.27,2,15,1,FALSE,FALSE,73.42,680.77,5.7,6.3,3.4
EMP006377,2024-12,4.45,5,4,0,FALSE,FALSE,640.92,636.95,9.1,8.4,4.6
EMP006378,2024-12,4.53,9,3,0,FALSE,FALSE,1081.01,115.21,8.4,8.9,4.4
EMP006379,2024-12,3.44,2,3,0,FALSE,FALSE,89.13,287.73,8.7,8.4,3.7
EMP006380,2024-12,3.99,2,13,1,FALSE,FALSE,199.42,830.24,5.8,5.1,4
EMP006381,2024-12,3.94,0,11,1,FALSE,FALSE,195.82,844.79,8.3,8.5,4.2
EMP006382,2024-12,4.49,1,13,0,FALSE,FALSE,186.86,701.44,9.4,9.1,4.9
EMP006383,2024-12,3.81,0,13,0,FALSE,FALSE,202.65,822.92,8.8,8.1,4
EMP006384,2024-12,4.13,5,16,1,FALSE,FALSE,933.44,1321.82,7.5,8.2,4
EMP006385,2024-12,3.74,1,12,2,FALSE,FALSE,69.31,536.19,7.6,7.6,3.8
EMP006386,2024-12,4.79,4,7,1,FALSE,FALSE,1125.84,625.13,10,9.7,4.6
EMP006387,2024-12,3.59,1,8,1,FALSE,FALSE,51.57,220.63,5.7,5.2,3.2
EMP006388,2024-12,3.82,3,3,0,FALSE,FALSE,50.51,241.11,7.8,7.5,3.9
EMP006389,2024-12,3.92,3,2,1,FALSE,FALSE,108.07,296.91,7,5.6,4.2
EMP006390,2024-12,4.01,1,4,2,FALSE,FALSE,135.77,310.16,8.9,10,3.8
EMP006392,2024-12,3.67,2,9,1,FALSE,FALSE,86.44,292.18,6,6.3,3.6
EMP006393,2024-12,3.58,2,9,0,FALSE,FALSE,88.84,699.04,6.4,5.3,3.6
EMP006394,2024-12,3.54,3,12,1,FALSE,FALSE,352.99,986.88,4.4,4.8,4
EMP006395,2024-12,4.39,5,7,0,FALSE,FALSE,581.24,455.79,9.2,9.5,4.4
EMP006396,2024-12,3.44,2,7,1,FALSE,FALSE,51.55,205.61,7.6,8.2,3.5
EMP006397,2024-12,3.52,2,5,2,FALSE,TRUE,47.81,236.97,7.2,7.5,3.8
EMP006398,2024-12,4.02,1,13,0,FALSE,FALSE,545.21,1242.67,6.7,6.8,4
EMP006399,2024-12,3.53,4,5,2,FALSE,FALSE,95.02,307.98,7.6,8.7,3.9
EMP006400,2024-12,4.37,5,9,0,FALSE,FALSE,406.01,419.1,9.6,9.9,4.3
EMP006401,2024-12,4.21,2,9,3,FALSE,FALSE,127.9,727.58,9.6,8.3,4.1
EMP006403,2024-12,4.44,2,17,0,FALSE,FALSE,941.15,1343.91,8.2,8,4.3
EMP006404,2024-12,3.17,2,18,0,FALSE,FALSE,70.93,583.27,5.4,6,2.6
EMP006406,2024-12,3.66,2,4,1,FALSE,FALSE,66.33,58.53,9.1,9,3.7
EMP006407,2024-12,3.48,2,19,1,FALSE,FALSE,73.7,594.95,6.4,5.8,3.5
EMP006408,2024-12,2.83,3,21,3,FALSE,FALSE,59.1,581.33,6.1,6,3.2
EMP006409,2024-12,3.78,2,12,0,FALSE,FALSE,425.92,1196.97,6.5,6.2,3.8
EMP006410,2024-12,4.21,2,12,1,FALSE,FALSE,131.84,693.29,7.2,7.2,4.5
EMP006411,2024-12,3.06,3,5,1,FALSE,FALSE,46.92,217.33,6.3,7.4,2.9
EMP006412,2024-12,3.64,3,9,0,FALSE,FALSE,489.1,437.53,8,8.3,3.6
EMP006413,2024-12,3.1,0,7,0,FALSE,FALSE,59.48,259.54,7.3,6.5,2.8
EMP006417,2024-12,3.68,2,13,0,FALSE,FALSE,148.21,731.11,6.7,6.7,4.2
EMP006419,2024-12,4.38,4,8,0,FALSE,FALSE,132.69,297.08,8.8,7.3,4.4
EMP006420,2024-12,3.76,2,13,0,FALSE,FALSE,82.49,538.18,5,5.2,3.7
EMP006421,2024-12,4.49,1,20,0,FALSE,FALSE,709.3,1282.63,6.3,6.3,4.4
EMP006422,2024-12,3.33,2,14,3,FALSE,FALSE,143.98,828.64,5.9,5.8,3.5
EMP006423,2024-12,3.47,1,3,1,FALSE,FALSE,97.78,251.71,6.3,6.2,3.7
EMP006424,2024-12,3.63,2,9,1,FALSE,FALSE,148,679.01,5.4,3.8,3
EMP006425,2024-12,3.63,2,9,0,FALSE,FALSE,81.78,537,5.9,5.2,3.7
EMP006426,2024-12,3.78,3,9,1,FALSE,FALSE,457.9,1159.26,4.9,4.4,4.1
EMP006427,2024-12,3.8,2,15,1,FALSE,FALSE,320.46,1009.51,7.1,6.9,3.8
EMP006428,2024-12,3.96,3,18,0,FALSE,FALSE,115.67,729.1,7.5,7.6,4
EMP006430,2024-12,3.31,2,1,1,FALSE,FALSE,30.1,50.67,7.7,7.5,3
EMP006431,2024-12,4.51,2,4,0,FALSE,FALSE,447.92,500.18,8.5,8.8,4.9
EMP006432,2024-12,4.36,5,9,0,FALSE,FALSE,529.78,1167.02,10,9.8,4.2
EMP006433,2024-12,3.07,1,3,0,FALSE,FALSE,43.34,257.2,6.1,7.2,2.9
EMP006435,2024-12,4.62,3,22,2,FALSE,FALSE,804.77,1314.52,9.6,10,4.5
EMP006438,2024-12,3.78,1,7,1,FALSE,FALSE,157.24,761.71,8,8.6,4
EMP006440,2024-12,4.66,8,28,0,FALSE,FALSE,1014.94,1474.95,6.6,6.1,4.4
EMP006441,2024-12,4.39,3,10,0,FALSE,FALSE,173.78,691.18,7.2,6.6,4.8
EMP006442,2024-12,3.3,1,15,1,FALSE,FALSE,72.66,607.32,7.6,8.1,3.5
EMP006443,2024-12,3.73,2,11,0,FALSE,FALSE,196.7,922.52,6.8,6.4,3.6
EMP006444,2024-12,3.11,3,6,2,FALSE,FALSE,55.16,250.96,7.8,7.4,3.3
EMP006447,2024-12,4.12,1,20,2,FALSE,FALSE,381.29,885.19,8.2,8.6,3.7
EMP006448,2024-12,3.48,3,4,1,FALSE,FALSE,63.37,236.71,4.1,4.1,3.7
EMP006449,2024-12,4.67,5,9,0,FALSE,FALSE,1614.19,855.19,7.4,7.7,5
EMP006450,2024-12,4.4,2,12,1,FALSE,FALSE,490.56,1222.16,10,9.4,4.3
EMP006451,2024-12,3.97,1,11,0,FALSE,FALSE,113.45,725.74,6.9,5.6,4
EMP006452,2024-12,3.74,2,2,1,FALSE,FALSE,112.53,329.12,7.6,7.2,4.2
EMP006453,2024-12,3.48,2,6,1,FALSE,FALSE,108.44,275.78,5.2,4.6,3.5
EMP006454,2024-12,3.91,2,11,1,FALSE,FALSE,154.39,673.68,6.6,7.9,4.5
EMP006455,2024-12,3.92,6,2,0,FALSE,FALSE,280.89,379.08,7.7,9.8,3.7
EMP006457,2024-12,3.64,5,7,1,FALSE,FALSE,41.03,190.59,6.4,5.9,3.3
EMP006458,2024-12,3.15,2,21,0,FALSE,FALSE,70.59,622.7,6.5,6.5,2.9
EMP006459,2024-12,4.07,0,5,2,FALSE,FALSE,93.44,256.34,8.2,7.1,4.5
EMP006460,2024-12,4.67,5,13,1,FALSE,FALSE,1902.06,2110.66,7,5.7,4.8
EMP006461,2024-12,3.96,4,16,2,FALSE,FALSE,973.9,1417.33,6.8,6.6,3.9
EMP006462,2024-12,3.64,1,15,2,FALSE,FALSE,129.48,734.34,7.7,7.3,3.8
EMP006463,2024-12,4.56,8,18,0,FALSE,FALSE,1184.07,1707.92,8.5,8.9,4.8
EMP006464,2024-12,3.64,1,9,2,FALSE,FALSE,85.56,634.16,6.9,5.7,3.3
EMP006465,2024-12,3.88,3,14,3,FALSE,FALSE,80.14,552.29,6.3,6.5,3.8
EMP006466,2024-12,4.08,2,8,0,FALSE,FALSE,160.86,857.75,6.6,5.8,4.1
EMP006467,2024-12,4.25,7,18,1,FALSE,FALSE,966.28,1359.02,8,8.9,4
EMP006468,2024-12,4,6,14,2,FALSE,TRUE,223.86,850.43,10,9.6,4.2
EMP006469,2024-12,3.87,1,15,0,FALSE,FALSE,383.84,1249.46,5.7,5.4,3.9
EMP006470,2024-12,4.14,2,12,1,FALSE,FALSE,350.23,1087.73,6.7,6.6,4.3
EMP006471,2024-12,4.09,3,5,1,FALSE,FALSE,88.04,258.96,6.4,7.3,4.2
EMP006472,2024-12,3.99,2,17,1,FALSE,FALSE,164.69,857.84,6.9,6.1,4.2
EMP006473,2024-12,3.52,3,9,0,FALSE,FALSE,176.34,758.98,8,6.8,4.2
EMP006474,2024-12,3.39,2,16,1,FALSE,FALSE,82.04,547.24,6.4,6.1,3.4
EMP006475,2024-12,3.32,1,5,0,FALSE,FALSE,48.65,203.11,7.4,5.7,3.5
EMP006476,2024-12,3.08,4,10,1,FALSE,FALSE,100.47,693.81,7.4,7.5,3.4
EMP006478,2024-12,4.15,7,7,0,FALSE,FALSE,771.28,632.51,8.4,8.4,4.7
EMP006479,2024-12,3.99,1,2,2,FALSE,FALSE,93.67,72.76,5.8,4.9,4.3
EMP006480,2024-12,3.96,5,24,1,FALSE,FALSE,906.8,1428.58,5.8,5.3,4.1
EMP006482,2024-12,4.72,7,20,0,FALSE,FALSE,3141.9,2552.81,8.7,8.6,4.8
EMP006483,2024-12,3.75,2,6,0,FALSE,FALSE,97.79,325.13,9.3,7.8,3.6
EMP006485,2024-12,4.08,3,16,0,FALSE,FALSE,124.65,696.03,8.1,8.5,4.5
EMP006486,2024-12,3.97,4,6,0,FALSE,FALSE,94.57,250.01,7.7,7,3.9
EMP006487,2024-12,3.54,2,7,0,FALSE,FALSE,91.58,245.74,7.1,5.7,3.7
EMP006488,2024-12,3.3,1,8,1,FALSE,FALSE,68.22,631.11,5,4.9,3
EMP006489,2024-12,3.61,0,10,1,FALSE,FALSE,86.55,610.04,7.4,6.7,3.9
EMP006490,2024-12,3.59,2,9,1,FALSE,FALSE,67.5,242.24,8.9,9.2,3.3
EMP006491,2024-12,3.9,7,25,0,FALSE,FALSE,956.11,1348.59,8.9,9.2,3.7
EMP006492,2024-12,3.59,1,12,0,FALSE,FALSE,70.05,554.57,6.5,5.5,3.9
EMP006493,2024-12,4.12,3,8,0,FALSE,FALSE,562.08,625.24,8,9.6,4.4
EMP006494,2024-12,3.43,2,7,0,FALSE,FALSE,125,335.88,8.9,9,3.5
EMP006495,2024-12,4.46,5,27,1,FALSE,FALSE,1134.64,1768.46,7.1,8.2,4.5
EMP006497,2024-12,3.47,2,16,1,FALSE,FALSE,82.13,568.97,6.4,6.5,3.2
EMP006498,2024-12,3.48,2,12,1,FALSE,FALSE,111.14,716.28,7,6.7,3.6
EMP006499,2024-12,4.04,2,15,1,FALSE,FALSE,347.14,1132.73,8.8,8.7,3.9
EMP006501,2024-12,3.32,1,4,0,FALSE,FALSE,39.23,221.78,8.1,7.1,2.9
EMP006504,2024-12,3.43,1,8,0,FALSE,FALSE,111.99,327.58,5.9,6.3,3.1
EMP006505,2024-12,4.52,3,14,2,FALSE,FALSE,1055.95,1443.89,9.6,10,4.8
EMP006506,2024-12,3.64,2,10,1,FALSE,FALSE,62.86,225.34,7.9,8.3,3
EMP006508,2024-12,3.63,2,13,1,FALSE,FALSE,87.24,547.62,7.7,6.7,4
EMP006509,2024-12,3.74,3,16,1,FALSE,FALSE,75.34,571.85,5.4,7.5,4.3
EMP006510,2024-12,3.48,2,17,1,FALSE,FALSE,73.09,608.07,6.2,6.7,3.6
EMP006511,2024-12,4.54,2,12,0,FALSE,FALSE,413.14,937.23,8.7,8.6,4.8
EMP006512,2024-12,3.39,2,9,1,FALSE,FALSE,91.98,602.4,6.8,5.5,3.3
EMP006513,2024-12,3.77,4,14,0,FALSE,FALSE,116.65,694.07,9,9.4,3.5
EMP006514,2024-12,4.26,4,9,1,FALSE,FALSE,686.67,583.51,6.9,7.1,4.2
EMP006515,2024-12,3.68,2,17,0,FALSE,TRUE,185.31,759.93,6.8,6.3,4.1
EMP006517,2024-12,4.57,5,2,1,FALSE,FALSE,1336.38,235.37,9.6,10,4.7
EMP006518,2024-12,3.86,2,15,0,FALSE,FALSE,79.7,565.54,9.8,9.6,3.8
EMP006520,2024-12,4.27,1,2,0,FALSE,FALSE,176.93,84.55,8.4,8.7,4.1
EMP006521,2024-12,4.11,6,16,1,FALSE,FALSE,827.97,1532.6,6.5,5.6,4.3
EMP006522,2024-12,3.92,2,5,1,FALSE,FALSE,59.82,243.27,7.6,7.8,4.8
EMP006524,2024-12,3.88,1,4,0,FALSE,FALSE,134.17,308.27,8.9,9.7,4
EMP006526,2024-12,3.54,0,14,0,FALSE,FALSE,202.02,841.78,5.9,6.2,3.5
EMP006527,2024-12,3.54,2,4,0,FALSE,FALSE,107.01,336.66,7,7.2,3.6
EMP006529,2024-12,3.68,2,4,0,FALSE,FALSE,72.53,244.55,7.9,9.1,3.4
EMP006531,2024-12,4.15,0,13,1,FALSE,FALSE,172.94,913.95,5.4,6,3.6
EMP006532,2024-12,3.63,1,12,1,FALSE,FALSE,88.56,618.26,9.2,8.7,3.6
EMP006533,2024-12,3.01,2,7,1,FALSE,FALSE,52.48,258.62,5.4,5.8,3.2
EMP006534,2024-12,3.43,3,6,2,FALSE,FALSE,62.22,237.29,7.3,6.9,3.5
EMP006536,2024-12,3.17,1,10,0,FALSE,FALSE,83.07,644.5,7.1,6.4,3.2
EMP006537,2024-12,3.51,0,14,0,FALSE,FALSE,130.84,755.32,7.7,7.6,3.2
EMP006538,2024-12,4.46,2,13,0,FALSE,FALSE,99.15,523.16,10,10,4.7
EMP006539,2024-12,3.97,2,7,0,FALSE,FALSE,70.62,244.85,7.6,7.1,4.1
EMP006540,2024-12,3.76,2,18,1,FALSE,FALSE,354.67,951.36,5.3,5.4,3.7
EMP006541,2024-12,3.66,1,6,0,FALSE,FALSE,93.49,270.54,7,7.7,3.6
EMP006544,2024-12,3.6,2,9,3,FALSE,FALSE,190.28,810.14,8.7,7.7,3.4
EMP006546,2024-12,4.02,1,0,3,FALSE,FALSE,44.15,49.46,10,10,3.9
EMP006548,2024-12,3.59,2,15,1,FALSE,FALSE,153.32,710.06,6.2,4.6,3.2
EMP006549,2024-12,4.59,4,12,0,FALSE,FALSE,174.93,827.99,7.7,8.6,5
EMP006550,2024-12,4.5,5,20,0,FALSE,FALSE,861.43,1541.51,7.3,5,4.5
EMP006551,2024-12,3.87,3,14,0,FALSE,FALSE,151.78,743.15,6.2,5.1,3.9
EMP006552,2024-12,4.6,5,20,0,FALSE,FALSE,1214.45,1663.55,7.1,8.3,4.9
EMP006553,2024-12,3.63,3,11,0,FALSE,FALSE,86.23,628.75,8.2,7.6,4
EMP006554,2024-12,4.73,2,23,0,FALSE,FALSE,2409.54,2391.03,9,7.7,4.8
EMP006556,2024-12,4.61,3,13,2,FALSE,FALSE,881.43,1375.34,7.4,8.5,5
EMP006557,2024-12,3.87,3,3,0,FALSE,FALSE,331.06,134.35,6.9,6.4,3.9
EMP006560,2024-12,4.24,4,12,0,FALSE,FALSE,231.74,858.12,10,9.2,4.6
EMP006561,2024-12,4.16,1,13,2,FALSE,FALSE,425.73,1225.24,8.7,9.9,4
EMP006562,2024-12,3.78,5,14,0,FALSE,FALSE,185.5,806.89,7.1,6.1,3.7
EMP006563,2024-12,3.89,1,9,1,FALSE,FALSE,161.16,823.84,6.6,6.3,4.5
EMP006564,2024-12,4.24,0,2,0,FALSE,FALSE,328.09,422.92,7.3,7.3,4.1
EMP006566,2024-12,4.35,5,14,0,FALSE,FALSE,1207.52,1644.3,9.7,9.8,4.6
EMP006567,2024-12,4.14,2,10,2,FALSE,FALSE,552.06,1231.55,7.2,7.2,4
EMP006568,2024-12,4.19,0,12,0,FALSE,FALSE,398.81,1024.45,6.1,6.9,4.4
EMP006570,2024-12,3.14,2,9,2,FALSE,FALSE,120.36,734.25,3.4,3,3.5
EMP006572,2024-12,4.1,3,4,0,FALSE,FALSE,375.85,123.57,6.9,6.8,4.2
EMP006574,2024-12,4.24,1,10,0,FALSE,FALSE,226.08,909.61,8.5,8.5,4.3
EMP006575,2024-12,3.68,1,15,0,FALSE,FALSE,131.27,747.66,6.1,6.9,3.6
EMP006576,2024-12,4.05,6,6,2,FALSE,FALSE,398.78,477.24,8.3,9.1,3.6
EMP006580,2024-12,4.21,6,24,0,FALSE,FALSE,1007.46,1510.54,6.6,7,4.5
EMP006582,2024-12,4.25,1,10,2,FALSE,FALSE,105.31,656.42,9,9.7,3.6
EMP006583,2024-12,3.2,1,14,2,FALSE,FALSE,71.4,617.06,5.7,6.1,3.5
EMP006584,2024-12,3.71,1,2,1,FALSE,FALSE,95.17,279.21,8,8.9,3.9
EMP006585,2024-12,4.49,4,24,0,FALSE,FALSE,651.93,1151.27,9.7,8.7,4.2
EMP006588,2024-12,4.45,2,2,0,FALSE,FALSE,235.32,415.6,5.4,4.7,4.2
EMP006589,2024-12,4.28,11,7,0,FALSE,FALSE,731.44,634.77,7.4,6.4,4.1
EMP006590,2024-12,3.69,1,10,0,FALSE,FALSE,82.64,528.25,6.9,8.2,3.6
EMP006591,2024-12,3.93,4,10,1,FALSE,FALSE,446.16,1075.75,7,5.9,4.4
EMP006592,2024-12,4.34,3,10,1,FALSE,FALSE,93.16,609.27,8.2,6.9,4.1
EMP006593,2024-12,4.13,5,8,0,FALSE,FALSE,761.28,621.73,7.1,7.2,3.8
EMP006594,2024-12,3.64,4,8,1,FALSE,FALSE,493.25,1229.75,9.6,10,3.8
EMP006595,2024-12,3.66,1,14,0,FALSE,FALSE,219.59,906.89,7.4,8.5,3.4
EMP006596,2024-12,3.32,2,15,2,FALSE,FALSE,65.91,559.4,5.8,6.9,2.5
EMP006597,2024-12,3.67,3,16,0,FALSE,FALSE,109.99,723.31,8,7.5,4.2
EMP006599,2024-12,3.52,4,15,0,FALSE,FALSE,69.16,601.17,6.2,6.3,3.4
EMP006600,2024-12,4.07,1,24,0,FALSE,FALSE,926.04,1538.54,7.2,7.2,3.7
EMP006601,2024-12,4.09,3,2,0,FALSE,FALSE,217.02,383.3,8,6.5,4.3
EMP006602,2024-12,4.26,5,14,0,FALSE,FALSE,934.38,1474.84,7.6,8.1,4.5
EMP006603,2024-12,4.54,5,3,0,FALSE,FALSE,242.04,390.35,9,9.4,4.3
EMP006604,2024-12,4.16,3,21,1,FALSE,FALSE,1135.1,1728.23,6.6,8.5,4.1
EMP006605,2024-12,4.22,0,2,0,FALSE,FALSE,86.5,272.03,7.3,7.8,4.4
EMP006606,2024-12,4.63,5,11,0,FALSE,FALSE,1302.93,1610.16,6.7,7.8,4.6
EMP006608,2024-12,4.15,8,19,0,FALSE,FALSE,1253.26,1749.45,9.5,9.5,4.5
EMP006609,2024-12,4.08,4,21,2,FALSE,FALSE,799.77,1375.09,8.5,8.7,3.6
EMP006611,2024-12,4.13,6,7,0,FALSE,FALSE,734.8,605.88,8.6,8.7,3.7
EMP006612,2024-12,3.57,0,16,1,FALSE,FALSE,150.15,891.97,5.2,4.3,2.6
EMP006613,2024-12,4.33,4,7,0,FALSE,FALSE,460.11,499.2,8.7,9.8,4.3
EMP006614,2024-12,3,0,18,1,FALSE,FALSE,102.22,723.95,4.3,5.6,3.3
EMP006615,2024-12,3.07,5,12,2,FALSE,FALSE,80,668.69,5.5,4.8,3.1
EMP006616,2024-12,4.38,4,9,0,FALSE,FALSE,87.94,598.28,9.3,9.4,4.8
EMP006617,2024-12,3.05,0,5,1,FALSE,FALSE,35.83,188.02,5.6,6.8,3.3
EMP006618,2024-12,4.54,4,11,1,FALSE,FALSE,1516.52,1671.68,8.2,7.7,4.7
EMP006620,2024-12,3.69,3,19,2,FALSE,FALSE,77.6,587.19,5.2,5.2,3.8
EMP006621,2024-12,3.42,2,20,0,FALSE,FALSE,142.25,841.16,7.4,6.6,3.4
EMP006622,2024-12,4.27,2,9,0,FALSE,FALSE,427.68,913.8,9.2,7.7,4
EMP006623,2024-12,4.12,0,6,0,FALSE,FALSE,221,381.4,7.7,7.6,4
EMP006624,2024-12,3.4,2,4,0,FALSE,FALSE,60.18,256.39,6.6,7.1,3.3
EMP006625,2024-12,2.96,1,12,1,FALSE,FALSE,99.06,677.31,4.9,5.2,3.2
EMP006626,2024-12,3.48,3,7,0,FALSE,FALSE,169.79,820.01,6.9,8.8,3.6
EMP006627,2024-12,3.96,5,10,0,FALSE,FALSE,234.75,933.52,7.3,6.9,4.1
EMP006628,2024-12,4.12,6,13,1,FALSE,FALSE,915.02,1355.83,9,8.3,4.2
EMP006629,2024-12,3.46,1,8,0,FALSE,FALSE,151.46,704.91,6.6,5.8,3.7
EMP006630,2024-12,4.15,3,13,0,FALSE,FALSE,181.72,867.28,5.9,5.1,3.8
EMP006631,2024-12,3.98,2,17,1,FALSE,FALSE,162.48,699.48,6.3,6.2,3.8
EMP006633,2024-12,3.74,2,2,0,FALSE,FALSE,75.3,69.68,7.5,9.4,4.1
EMP006636,2024-12,3.33,1,14,0,FALSE,FALSE,78.87,539.91,7.8,7.8,3.2
EMP006638,2024-12,3.51,3,14,0,FALSE,FALSE,142.83,805.27,7.4,7.6,3.3
EMP006639,2024-12,3.58,3,11,0,FALSE,FALSE,107.35,682.28,7.9,8.3,3.7
EMP006640,2024-12,4.37,1,18,1,FALSE,FALSE,564.49,1179.57,7.3,7.6,4.6
EMP006642,2024-12,3.99,2,9,2,FALSE,FALSE,203.27,764.01,8.2,7.3,4
EMP006643,2024-12,4.2,1,11,0,FALSE,FALSE,393.3,1017.93,7.8,7.1,4.2
EMP006644,2024-12,4,1,10,1,FALSE,FALSE,145.33,725.79,4.5,3.8,3.8
EMP006645,2024-12,4.24,5,24,0,FALSE,FALSE,926.18,1298.13,7,6.7,4.2
EMP006646,2024-12,4.14,3,12,1,FALSE,FALSE,234.02,839.94,7.2,6.4,4.2
EMP006648,2024-12,3.07,0,3,1,FALSE,FALSE,34.37,51.21,4.8,4.7,3
EMP006649,2024-12,3.14,3,9,2,FALSE,FALSE,81.82,549.13,3.7,3.3,3.8
EMP006650,2024-12,3.81,3,2,2,FALSE,FALSE,75.04,257.3,6.5,8.1,3.9
EMP006651,2024-12,3.27,5,10,0,FALSE,FALSE,88.58,596.35,7.4,8.3,3
EMP006652,2024-12,3.41,1,10,1,FALSE,FALSE,80.52,602.55,7.4,7.4,3.8
EMP006653,2024-12,3.54,3,2,1,FALSE,FALSE,95.52,309.24,6,6.9,3.4
EMP006654,2024-12,4.04,2,10,0,FALSE,FALSE,458.38,1029.22,8.3,9.5,3.7
EMP006656,2024-12,3.54,3,9,0,FALSE,FALSE,81.5,618.21,6,7.4,3.8
EMP006657,2024-12,3.65,2,4,2,FALSE,FALSE,54.17,219.15,7.4,7.6,3.2
EMP006658,2024-12,3.72,2,3,2,FALSE,FALSE,76.77,62.81,6.3,5.8,3.6
EMP006659,2024-12,3.98,8,3,0,FALSE,FALSE,265.43,106.11,6.4,5.5,3.5
EMP006660,2024-12,4.18,0,7,0,FALSE,FALSE,506.35,595.24,7.6,8.2,4.2
EMP006661,2024-12,3.42,2,22,1,FALSE,FALSE,94.32,687.97,6.1,6.4,3
EMP006663,2024-12,4.1,5,13,0,FALSE,FALSE,651.44,537.33,7.2,6.7,4.2
EMP006665,2024-12,3.82,2,3,0,FALSE,FALSE,142.22,325.49,6.1,5.8,4.1
EMP006666,2024-12,3.04,3,12,0,FALSE,FALSE,69.46,613.72,7,5.7,2.4
EMP006667,2024-12,3.7,5,13,0,FALSE,FALSE,147.06,672.49,7.6,6.4,3.8
EMP006668,2024-12,4.27,1,9,0,FALSE,FALSE,187.63,808.03,8.5,8.2,4.4
EMP006669,2024-12,3.91,2,14,2,FALSE,FALSE,89.27,570.62,8.2,6.4,4.2
EMP006671,2024-12,3.33,2,10,0,FALSE,FALSE,72.89,573.96,8.1,9.2,3.7
EMP006673,2024-12,4.42,4,23,0,FALSE,FALSE,1234.48,1579.49,8.8,9.1,4.6
EMP006674,2024-12,3.61,1,11,0,FALSE,FALSE,178.96,750.96,6.5,7.5,3.8
EMP006675,2024-12,3.24,5,13,0,FALSE,FALSE,86.98,653.47,9.3,8.4,3.1
EMP006676,2024-12,3.79,2,14,0,FALSE,FALSE,145.25,731.94,4.9,5.4,3.8
EMP006677,2024-12,3.14,1,10,3,FALSE,FALSE,64.98,631.86,7.1,8.3,3.3
EMP006678,2024-12,3.87,4,15,1,FALSE,FALSE,178.24,685.34,8.5,8.6,4.1
EMP006679,2024-12,3.64,5,2,0,FALSE,FALSE,56.65,244.1,7,6.2,3.5
EMP006680,2024-12,4.62,5,8,1,FALSE,FALSE,739.68,566.45,7.2,7.7,4.8
EMP006681,2024-12,4.03,1,16,0,FALSE,FALSE,82.5,640.85,8.5,8.6,4
EMP006682,2024-12,4.45,6,20,2,FALSE,FALSE,884.6,1310.54,7.3,7.6,4.5
EMP006683,2024-12,3.81,2,7,1,FALSE,FALSE,50.58,221.52,7.4,7,3.6
EMP006684,2024-12,4.17,1,5,1,FALSE,FALSE,145.53,328.63,6.5,5.3,4
EMP006685,2024-12,4.81,6,20,1,FALSE,FALSE,1085.53,1638.99,9.3,8.1,5
EMP006687,2024-12,4.06,1,2,0,FALSE,FALSE,82.14,243.36,8.1,8.5,3.8
EMP006688,2024-12,3.99,2,17,3,FALSE,FALSE,145.43,758.67,8.5,9.5,4.1
EMP006689,2024-12,4.18,2,10,0,FALSE,TRUE,415.14,1235.7,7.3,8.4,4.5
EMP006690,2024-12,4.3,1,6,0,FALSE,FALSE,102.94,305.58,9.8,8.6,4.1
EMP006691,2024-12,4.4,3,20,0,FALSE,FALSE,785.42,1182.28,8.3,8,4.5
EMP006692,2024-12,4.12,3,1,0,FALSE,FALSE,301.48,118.31,6.9,6.1,4.6
EMP006693,2024-12,4.33,3,11,1,FALSE,FALSE,202.66,744.14,8.1,7.6,4.4
EMP006694,2024-12,3.19,3,19,2,FALSE,FALSE,99.92,667.56,7.1,7.6,2.9
EMP006695,2024-12,4.33,3,17,0,FALSE,FALSE,906.51,1299.17,6.8,8,4.3
EMP006696,2024-12,3.96,1,10,0,FALSE,FALSE,197.15,785.36,7.7,7.7,3.8
EMP006697,2024-12,3.68,1,19,2,FALSE,FALSE,199.14,916.06,6.8,5.7,3.9
EMP006698,2024-12,3.57,2,3,2,FALSE,FALSE,44.61,197.04,7.4,8.8,4.2
EMP006699,2024-12,3.2,1,11,1,FALSE,FALSE,83.37,615.19,6.2,5.2,2.9
EMP006700,2024-12,3.02,2,17,1,FALSE,FALSE,126.23,699.6,5.8,4,2.8
EMP006701,2024-12,3.96,3,7,1,FALSE,FALSE,236.25,910.75,8.1,7.8,3.5
EMP006702,2024-12,4.41,5,22,0,FALSE,FALSE,1260.49,1697.51,10,9.4,4.7
EMP006704,2024-12,4.06,4,15,1,FALSE,FALSE,102.94,582.28,7.3,7.7,4
EMP006706,2024-12,3.77,1,3,0,FALSE,FALSE,67.62,59.29,6.9,6.4,3.3
EMP006708,2024-12,3.18,3,9,1,FALSE,FALSE,156.58,811.65,5.8,6.9,3.3
EMP006709,2024-12,3.88,1,11,0,FALSE,FALSE,177.85,919.26,7.3,5,4.2
EMP006711,2024-12,3.14,5,9,2,FALSE,FALSE,88,315.81,7.6,7.3,3
EMP006712,2024-12,3.78,0,2,1,FALSE,FALSE,195.89,381.5,7,8,3.9
EMP006713,2024-12,3.8,2,1,0,FALSE,FALSE,52.47,59.5,6.2,6.6,4
EMP006714,2024-12,4.43,3,20,2,FALSE,FALSE,808.79,1485.52,6.9,7.8,4.7
EMP006715,2024-12,3.19,5,13,0,FALSE,FALSE,101.89,714.23,6.9,6.5,3.4
EMP006716,2024-12,4.45,4,20,1,FALSE,FALSE,917.01,1353.71,7.7,7.8,5
EMP006717,2024-12,4.17,3,4,1,FALSE,FALSE,244.47,362.77,7.8,6.7,3.9
EMP006718,2024-12,3.8,4,20,0,FALSE,FALSE,100.04,671.69,7.2,7.6,3.4
EMP006719,2024-12,4.27,5,22,1,FALSE,FALSE,1268.15,1707.1,9.2,9.9,3.9
EMP006720,2024-12,3.83,4,16,1,FALSE,FALSE,773.77,1271.77,7.6,9.2,4.3
EMP006722,2024-12,3.1,1,8,2,FALSE,FALSE,139.48,669.53,5.5,5.2,2.9
EMP006723,2024-12,3.77,3,1,0,FALSE,FALSE,62.42,60.24,7.5,7.1,3.5
EMP006724,2024-12,3.75,1,6,0,FALSE,FALSE,206.65,912.02,8,8.7,3.3
EMP006727,2024-12,3.88,2,10,2,FALSE,FALSE,364.06,884.25,7.3,7.4,3.9
EMP006728,2024-12,4.05,1,2,0,FALSE,FALSE,267.51,359.76,7,6,3.9
EMP006729,2024-12,3.85,0,1,1,FALSE,FALSE,223.95,353.39,9.3,10,3.8
EMP006730,2024-12,3.55,3,16,1,FALSE,FALSE,108.4,696.63,8.4,7.5,3.6
EMP006731,2024-12,4.35,2,7,1,FALSE,FALSE,286.12,358.4,8.1,7.2,4.3
EMP006732,2024-12,3.86,5,16,1,FALSE,FALSE,599.91,1160.39,7.3,7.9,3.7
EMP006733,2024-12,4.37,3,9,0,FALSE,FALSE,183.8,737.1,7.7,7,4.1
EMP006735,2024-12,3.37,1,15,2,FALSE,FALSE,137.57,751.85,8,9.9,3
EMP006736,2024-12,4.52,6,6,0,FALSE,FALSE,421.78,446.98,7.2,7.8,4.6
EMP006737,2024-12,3.4,2,10,1,FALSE,FALSE,101.51,702.61,8.3,8.7,3.5
EMP006738,2024-12,4.19,1,2,1,FALSE,FALSE,34.01,47.19,8.8,8.6,4
EMP006739,2024-12,4.41,6,16,1,FALSE,FALSE,1332.26,1741.14,6.5,5.8,4.5
EMP006740,2024-12,3.56,1,11,0,FALSE,FALSE,197.24,927.49,8.5,8.3,3.8
EMP006742,2024-12,4.74,7,26,0,FALSE,FALSE,825.23,1294.28,8.2,7.4,4.8
EMP006744,2024-12,4.22,2,6,0,FALSE,FALSE,111.09,281.14,8.9,9.8,4.3
EMP006746,2024-12,3.7,3,13,2,FALSE,FALSE,147.82,819.36,6.5,5.7,4.1
EMP006747,2024-12,3.85,0,14,0,FALSE,FALSE,80.24,565.54,7.2,7.8,3.9
EMP006748,2024-12,3.42,0,11,1,FALSE,FALSE,149.79,864.93,7.3,7.2,3.3
EMP006749,2024-12,3.74,4,17,1,FALSE,FALSE,193.31,758.36,8.3,8.6,3.8
EMP006751,2024-12,3.3,2,11,0,FALSE,FALSE,87.95,625.8,6.1,4.7,3.3
EMP006752,2024-12,3.64,3,10,1,FALSE,FALSE,303.11,897.88,7.2,8.3,3.7
EMP006753,2024-12,4.35,8,21,0,FALSE,FALSE,2988.61,2904.07,7.4,7.3,4.4
EMP006754,2024-12,3.83,2,10,0,FALSE,FALSE,77.28,611.66,7.2,7.7,4.1
EMP006755,2024-12,3.28,2,19,1,FALSE,FALSE,83.31,537.39,7.8,7.9,3.3
EMP006756,2024-12,4.18,1,7,0,FALSE,FALSE,137.94,306.21,7.1,6.8,4.4
EMP006757,2024-12,3.92,0,3,0,FALSE,FALSE,126,331.87,7.2,7,3.9
EMP006758,2024-12,3.7,0,16,1,FALSE,FALSE,97.81,648.52,7.8,6.6,3.1
EMP006759,2024-12,4.16,3,17,0,FALSE,FALSE,105.08,647.89,6.4,8.9,4.2
EMP006760,2024-12,3.13,3,7,1,FALSE,FALSE,33.53,195.33,4.2,5.2,3.5
EMP006763,2024-12,3.84,1,13,1,FALSE,FALSE,195.07,910.38,6.5,5.7,4.1
EMP006764,2024-12,3.58,3,3,1,FALSE,FALSE,51.96,258.78,5.9,5.6,3.4
EMP006766,2024-12,4.37,4,16,2,FALSE,FALSE,697.97,1198.87,7.2,8.3,4
EMP006767,2024-12,3.59,0,15,0,FALSE,FALSE,103.15,664.85,7.4,7.7,3.5
EMP006769,2024-12,4.07,1,9,1,FALSE,FALSE,347.56,927.48,6.6,6.8,4.5
EMP006770,2024-12,3.32,3,12,0,FALSE,FALSE,72.46,629.01,7.4,6.7,3.5
EMP006773,2024-12,3.52,7,2,0,FALSE,FALSE,74.64,50.59,8,7.6,3.4
EMP006774,2024-12,3.99,3,13,0,FALSE,FALSE,165.07,674.4,6.9,5.7,3.4
EMP006775,2024-12,4.54,6,19,0,FALSE,FALSE,1261.38,1655.59,9.7,9.2,4.5
EMP006776,2024-12,3.99,1,9,1,FALSE,FALSE,206.57,916.65,6.8,7.5,4
EMP006777,2024-12,4.29,0,14,0,FALSE,FALSE,344.37,935.34,8.5,8,4.7
EMP006778,2024-12,4.05,1,4,0,FALSE,FALSE,137.99,302.5,7.2,8.6,3.9
EMP006779,2024-12,4.02,0,14,1,FALSE,FALSE,424.25,1141.24,7.1,6.2,3.8
EMP006780,2024-12,4.7,1,2,0,FALSE,FALSE,244.95,369.86,7.4,7.3,4.8
EMP006781,2024-12,3.43,0,11,0,FALSE,FALSE,191.14,875.77,6.6,6.8,3.6
EMP006782,2024-12,4.37,7,17,1,FALSE,FALSE,734.05,1225.63,9.5,10,4.2
EMP006783,2024-12,3.06,2,17,1,FALSE,FALSE,70.14,575.47,8,7.7,2.6
EMP006784,2024-12,4.25,3,9,1,FALSE,FALSE,133.02,317.01,7.7,7.8,4.3
EMP006785,2024-12,2.93,3,13,1,FALSE,FALSE,62.53,554.1,5.6,5.1,2.6
EMP006786,2024-12,3.99,3,18,1,FALSE,FALSE,418.74,1248.17,7.6,7.8,4
EMP006787,2024-12,4.06,2,3,0,FALSE,FALSE,91.85,250.54,7.9,7.3,3.7
EMP006788,2024-12,3.91,4,5,1,FALSE,FALSE,150.77,726.92,8.4,9,4.2
EMP006789,2024-12,3.77,2,11,1,FALSE,FALSE,70.45,556.93,7.8,7.8,3.4
EMP006790,2024-12,3.48,4,4,1,FALSE,FALSE,66.1,68.98,5.2,4.9,3.6
EMP006793,2024-12,4.15,3,10,0,FALSE,FALSE,426.11,1217.52,8.1,8.6,4
EMP006794,2024-12,4.11,3,16,1,FALSE,FALSE,404.81,1221.05,9.9,9.8,4.3
EMP006795,2024-12,4.44,3,3,0,FALSE,FALSE,102.04,286.73,9.8,9.6,4.7
EMP006796,2024-12,4.66,3,2,1,FALSE,FALSE,3385.56,234.77,10,10,5
EMP006797,2024-12,4.42,7,20,1,FALSE,FALSE,966.83,1265.46,8.3,9.6,4.6
EMP006798,2024-12,3.63,1,11,0,FALSE,FALSE,171.23,901.86,5.7,6.4,3.6
EMP006799,2024-12,4.25,6,21,1,FALSE,FALSE,964.51,1355.53,7.4,7.2,4.5
EMP006801,2024-12,3.84,1,13,0,FALSE,FALSE,93.42,690.47,6.2,4.6,3.7
EMP006802,2024-12,3.78,5,13,1,FALSE,FALSE,422.5,1051.35,9.3,9.1,3.7
EMP006804,2024-12,3.79,1,7,0,FALSE,FALSE,87.56,615.95,9.1,10,4.3
EMP006805,2024-12,3.36,1,13,1,FALSE,FALSE,110.92,713.17,6.6,4.3,3.5
EMP006806,2024-12,3.86,7,16,0,FALSE,FALSE,1029.28,1528.16,5.3,4.6,3.9
EMP006807,2024-12,4.51,4,14,1,FALSE,FALSE,1694.24,883.8,7.3,6.7,4.9
EMP006808,2024-12,4.52,3,11,0,FALSE,FALSE,588.19,600.13,6.6,5.8,4.5
EMP006809,2024-12,3.36,2,5,2,FALSE,FALSE,92.21,258.73,6.3,5.2,3.5
EMP006810,2024-12,4.12,4,5,0,FALSE,FALSE,120.38,329.16,9,9.2,4.4
EMP006811,2024-12,3.91,10,5,0,FALSE,FALSE,569.9,562.1,6.6,5.6,4.4
EMP006812,2024-12,3.46,1,6,0,FALSE,FALSE,42.02,224.41,6.4,6.6,3.3
EMP006813,2024-12,3.23,4,17,2,FALSE,FALSE,62.44,524.8,5.8,5.1,3.1
EMP006814,2024-12,3.72,3,5,0,FALSE,FALSE,49.29,199.46,7.1,7.4,3.7
EMP006815,2024-12,3.58,1,12,1,FALSE,FALSE,166.57,935.29,8.5,9.2,3.9
EMP006817,2024-12,4.1,3,12,0,FALSE,FALSE,165.05,786.12,7.1,6.9,3.9
EMP006820,2024-12,3.6,2,10,3,FALSE,FALSE,94.47,598.77,8.3,8.2,3.9
EMP006821,2024-12,3.67,4,1,1,FALSE,FALSE,100.61,329.68,7.6,7.6,3.6
EMP006822,2024-12,4.13,5,3,0,FALSE,FALSE,252.4,338.75,6.7,6.2,4
EMP006823,2024-12,4.51,2,11,0,FALSE,FALSE,777.8,604.56,8.3,10,4.2
EMP006824,2024-12,4.21,2,5,0,FALSE,TRUE,88.35,253.89,7.2,7.8,3.9
EMP006825,2024-12,3.22,1,5,1,FALSE,FALSE,48.42,224.3,6.2,5.9,2.9
EMP006826,2024-12,4.15,8,12,0,FALSE,FALSE,357.39,1065.48,8.4,8,3.8
EMP006827,2024-12,3.56,3,13,0,FALSE,FALSE,83.56,567.55,6.8,5.7,3.5
EMP006828,2024-12,3.59,1,8,5,FALSE,FALSE,317.36,928.46,4.9,4.7,4
EMP006830,2024-12,4.2,4,16,1,FALSE,FALSE,967.61,1408.87,7.4,6.8,3.9
EMP006831,2024-12,2.88,0,4,1,FALSE,FALSE,71.28,251.87,5.7,5.5,3
EMP006832,2024-12,4.35,4,2,1,FALSE,FALSE,104.79,265.63,8.7,7.5,4.2
EMP006833,2024-12,4,0,17,0,FALSE,FALSE,96.81,604.86,7.5,7.4,4.2
EMP006834,2024-12,3.95,0,13,2,FALSE,FALSE,458.53,1163.61,6.2,6.6,4
EMP006835,2024-12,4.56,5,15,0,FALSE,FALSE,1037.15,1352.14,10,9.5,4.4
EMP006836,2024-12,3.74,0,1,1,FALSE,FALSE,159.22,73.86,7.4,8.2,3.7
EMP006837,2024-12,3.57,5,6,2,FALSE,FALSE,80.05,259.88,5.9,5.8,3.2
EMP006838,2024-12,4.32,4,9,2,FALSE,FALSE,524.96,550.32,6.1,5.5,4.5
EMP006839,2024-12,4.25,1,12,1,FALSE,FALSE,376.67,1024.49,7.6,7.1,4.4
EMP006840,2024-12,3.98,3,21,0,FALSE,FALSE,86.69,708.69,6.4,4.3,4.2
EMP006841,2024-12,3.9,8,18,1,FALSE,FALSE,1048.6,1677.32,7.9,8.1,4.3
EMP006842,2024-12,3.58,1,19,0,FALSE,FALSE,108.08,705.08,7.2,5.8,2.7
EMP006843,2024-12,4.13,1,19,0,FALSE,FALSE,364.23,962.04,9.8,10,4.7
EMP006844,2024-12,3.59,1,9,2,FALSE,FALSE,108.17,701.45,4.6,4.7,3.8
EMP006846,2024-12,3.77,1,4,0,FALSE,FALSE,93.26,287.34,5.6,5,3.2
EMP006847,2024-12,3.66,2,11,1,FALSE,FALSE,72.07,590.23,7.3,6.6,3.5
EMP006848,2024-12,3.84,2,14,0,FALSE,FALSE,371.76,916.93,7,8.3,3.5
EMP006849,2024-12,3.8,2,17,0,FALSE,FALSE,111.65,718.66,6.5,7.5,3.5
EMP006851,2024-12,4.46,6,19,1,FALSE,FALSE,982.88,1642.28,7.2,7.4,4.4
EMP006853,2024-12,4.7,7,23,0,FALSE,FALSE,1030.25,1554,7.3,7,4.2
EMP006854,2024-12,3.92,1,13,1,FALSE,FALSE,105.2,617.84,8.3,8.8,3.6
EMP006855,2024-12,4.22,4,15,0,FALSE,FALSE,1067.44,1657.91,8.7,8,4.5
EMP006857,2024-12,4.28,0,5,1,FALSE,FALSE,211.41,387.96,6,5.8,4.2
EMP006858,2024-12,3.86,3,10,1,FALSE,FALSE,365.55,1101,9.1,9.5,4.2
EMP006859,2024-12,3.89,3,10,2,FALSE,FALSE,446.07,1212.15,7,6.8,3.9
EMP006861,2024-12,4.21,2,13,0,FALSE,FALSE,109.71,699.63,8.5,8.7,4.2
EMP006862,2024-12,3.77,2,10,0,FALSE,FALSE,88.82,583.64,7.9,7.6,3.4
EMP006863,2024-12,3.41,1,13,1,FALSE,FALSE,90.78,696.22,8.6,8.6,3.2
EMP006865,2024-12,3.87,0,19,0,FALSE,FALSE,93.96,541.93,6.9,8.1,3.5
EMP006867,2024-12,3.84,3,7,1,FALSE,FALSE,90.69,663.58,7.8,7.8,4
EMP006868,2024-12,3.58,0,9,0,FALSE,FALSE,180.01,770.76,6.4,6.4,3.3
EMP006869,2024-12,3.38,5,2,2,FALSE,FALSE,26.83,42.68,7,6.2,3.5
EMP006870,2024-12,4.1,1,10,2,FALSE,FALSE,410.79,1058.2,7.6,6.9,3.7
EMP006871,2024-12,3.78,2,17,0,FALSE,FALSE,365.08,1105.62,8,7.1,3.7
EMP006873,2024-12,4.35,2,14,1,FALSE,FALSE,495.17,1046.65,8.1,7.5,4.2
EMP006874,2024-12,3.37,3,7,0,FALSE,FALSE,138.13,725.19,6.9,7,3.3
EMP006875,2024-12,3.33,0,13,2,FALSE,FALSE,117.49,699.79,9,9.2,3.4
EMP006877,2024-12,4.18,4,6,1,FALSE,FALSE,411.44,1247.71,7.4,7.3,4.1
EMP006879,2024-12,4.39,4,16,1,FALSE,FALSE,696.17,1332.35,7.7,7.1,4.3
EMP006880,2024-12,3.26,2,13,2,FALSE,FALSE,68.16,587.42,4.9,4.5,3.3
EMP006881,2024-12,3.99,1,13,0,FALSE,FALSE,390.92,1245.18,9.6,9.4,3.3
EMP006883,2024-12,3.28,1,8,0,FALSE,FALSE,66.8,599.72,3.5,4.2,3.2
EMP006884,2024-12,3.83,5,17,1,FALSE,FALSE,163.19,855.09,10,10,3.8
EMP006887,2024-12,3,3,18,0,FALSE,FALSE,73.93,701.24,6.5,6.9,2.8
EMP006889,2024-12,3.68,0,16,1,FALSE,FALSE,91.19,679.68,7,8.1,3.3
EMP006890,2024-12,3.39,2,2,0,FALSE,FALSE,79.34,290.74,8.8,9.2,3.8
EMP006891,2024-12,4.18,1,16,0,FALSE,FALSE,370.4,903.14,8.6,8.9,4
EMP006892,2024-12,4.36,2,6,1,FALSE,FALSE,583.46,610.07,8.3,7.8,4.1
EMP006893,2024-12,3.53,1,1,0,FALSE,FALSE,85.98,252.54,5.5,6.2,3.7
EMP006895,2024-12,3.78,2,13,1,FALSE,FALSE,198.74,911.1,7.9,9.5,4
EMP006896,2024-12,3.71,1,15,1,FALSE,FALSE,79.14,646.88,5.8,6,4
EMP006897,2024-12,4.27,6,13,2,FALSE,FALSE,589.71,468.37,7.2,7.1,4
EMP006898,2024-12,3.78,0,12,1,FALSE,TRUE,200.17,877.1,9.5,9.8,4
EMP006899,2024-12,4.25,5,23,3,FALSE,FALSE,740.3,1290.82,7.9,8.4,3.6
EMP006900,2024-12,3.63,5,11,2,FALSE,FALSE,86,243.97,8.7,8.5,4.1
EMP006901,2024-12,4.42,2,9,0,FALSE,FALSE,557.22,1192.19,8.7,9.2,4
EMP006903,2024-12,3.82,1,14,0,FALSE,FALSE,91.53,637.29,10,10,4
EMP006904,2024-12,3.87,3,4,0,FALSE,FALSE,46.97,187.65,7.1,6.2,3.8
EMP006906,2024-12,4.69,5,7,0,FALSE,FALSE,416.4,455.57,9.2,9.1,4.6
EMP006907,2024-12,4.52,5,22,0,FALSE,FALSE,673.07,1150.48,7.8,8.6,4.9
EMP006908,2024-12,3.26,5,10,0,FALSE,FALSE,80.71,599.19,7.9,7.3,3.7
EMP006910,2024-12,3.97,3,15,0,FALSE,FALSE,160.24,815.03,5.9,4.8,3.4
EMP006911,2024-12,4.2,3,21,0,FALSE,FALSE,905.18,1433.8,8.3,7.1,3.8
EMP006913,2024-12,3.29,2,9,0,FALSE,FALSE,103.01,685.66,7.5,7.4,3.6
EMP006914,2024-12,3.65,2,15,0,FALSE,FALSE,69.19,605.73,8.4,8.5,3.4
EMP006915,2024-12,4.01,0,12,1,FALSE,FALSE,120.19,717.73,6.7,6.4,3.8
EMP006916,2024-12,4.48,6,22,0,FALSE,FALSE,1051.38,1716.24,5.9,6.2,4.6
EMP006917,2024-12,3.58,2,8,0,FALSE,FALSE,61.99,555.93,7.1,7.1,3.6
EMP006918,2024-12,4.35,2,6,0,FALSE,FALSE,429.91,494.55,9.4,7.2,4.2
EMP006919,2024-12,3.62,2,3,2,FALSE,FALSE,39.91,58.01,8,6.3,3.5
EMP006920,2024-12,4.32,2,13,0,FALSE,FALSE,330.86,1014.3,7.6,8.2,4.2
EMP006921,2024-12,3.06,3,14,0,FALSE,FALSE,59.8,565.94,5.7,5,2.9
EMP006922,2024-12,4.24,2,22,2,FALSE,FALSE,819.14,1227.94,7.4,9.3,4
EMP006924,2024-12,4.1,3,7,0,FALSE,FALSE,244.47,319.53,6.2,6.5,3.8
EMP006925,2024-12,3.46,0,14,0,FALSE,FALSE,188.97,857.28,7.1,7,3.6
EMP006926,2024-12,3.27,4,12,0,FALSE,FALSE,93.72,657.41,5.5,6,2.8
EMP006927,2024-12,3.85,0,14,0,FALSE,FALSE,141.14,780.73,8.2,9,4
EMP006929,2024-12,3.87,1,15,2,FALSE,FALSE,164.26,891.5,7.7,8.2,4.3
EMP006930,2024-12,3.58,2,12,1,FALSE,FALSE,167.12,757.58,8.4,8.3,3.6
EMP006932,2024-12,4.22,4,15,0,FALSE,FALSE,189.05,933.24,8.3,9,4.1
EMP006933,2024-12,4.76,5,22,0,FALSE,FALSE,1133.15,1508.63,6.9,7.9,4.7
EMP006934,2024-12,4.3,5,2,0,FALSE,FALSE,540.46,466.43,5.5,4.4,4
EMP006935,2024-12,4.77,8,8,2,FALSE,FALSE,1573.49,1055.59,7.7,6.9,4.9
EMP006936,2024-12,3.48,3,5,1,FALSE,FALSE,43.93,215.97,7.4,7,3.2
EMP006937,2024-12,3.9,4,10,1,FALSE,FALSE,242.21,932.28,6.8,7,3.9
EMP006938,2024-12,3.6,1,13,1,FALSE,FALSE,87.05,658.03,8.5,8.3,3.9
EMP006939,2024-12,4.01,7,16,1,FALSE,FALSE,808.07,1306.39,7.7,7.5,3.4
EMP006940,2024-12,4.33,4,15,0,FALSE,FALSE,379.83,1146.23,9.6,9.3,4.6
EMP006941,2024-12,4.3,2,20,0,FALSE,FALSE,389.62,1025.56,9.1,9.7,4.3
EMP006942,2024-12,3.93,4,7,0,FALSE,TRUE,235.91,426,7.1,6.8,3.6
EMP006943,2024-12,4.21,4,21,0,FALSE,FALSE,882.16,1385.82,6.5,4.6,4.6
EMP006944,2024-12,4.05,6,3,1,FALSE,FALSE,388.94,126.58,8.8,9.9,3.9
EMP006946,2024-12,4.41,6,3,0,FALSE,FALSE,685.89,607.3,8,7.8,4.6
EMP006947,2024-12,3.6,2,10,1,FALSE,FALSE,157.26,710.47,6.8,6.1,3.9
EMP006948,2024-12,4.33,4,23,0,FALSE,FALSE,1023.44,1344.89,6.2,6.5,3.9
EMP006949,2024-12,4.27,5,15,1,FALSE,FALSE,121.06,636.49,8.4,8,4.4
EMP006951,2024-12,3.77,4,17,0,FALSE,FALSE,834.4,1579.29,6.1,5.9,3.5
EMP006953,2024-12,3.44,2,6,0,FALSE,FALSE,104.65,694.82,6.4,7,3.9
EMP006954,2024-12,3.49,1,14,1,FALSE,FALSE,66.69,549.39,4.4,3.4,3.5
EMP006956,2024-12,3.66,1,19,0,FALSE,FALSE,85.08,582.83,6.1,6.7,3.6
EMP006957,2024-12,4.2,2,11,2,FALSE,FALSE,92.35,532.5,6.5,5.6,4.6
EMP006958,2024-12,4.29,4,12,0,FALSE,FALSE,455.97,1123.09,9.6,10,4.2
EMP006959,2024-12,3.75,4,16,2,FALSE,FALSE,90.33,714.33,8.5,9.2,3.8
EMP006960,2024-12,3.15,0,0,2,FALSE,FALSE,29.32,43.95,6.1,6.4,2.9
EMP006961,2024-12,4.39,2,11,0,FALSE,FALSE,329.33,930.81,5.1,4.1,4.4
EMP006962,2024-12,3.29,5,9,1,FALSE,FALSE,70.93,626.76,6.2,5.7,3.1
EMP006965,2024-12,3.74,2,17,0,FALSE,FALSE,112.12,725.81,6.7,4.7,3.5
EMP006966,2024-12,3.55,3,13,2,FALSE,FALSE,87.46,610.54,5.8,6.9,4
EMP006967,2024-12,4.04,0,0,1,FALSE,FALSE,113.34,274.91,5.2,3.9,3.5
EMP006968,2024-12,3.59,0,14,0,FALSE,FALSE,181.23,821.82,8.8,9.4,3.4
EMP006969,2024-12,3.78,1,16,0,FALSE,FALSE,91.13,524.9,7.8,7.5,3.8
EMP006970,2024-12,3.92,1,20,0,FALSE,FALSE,135.41,701.12,7.2,7,4
EMP006971,2024-12,3.17,4,16,1,FALSE,FALSE,76.94,684.42,4.6,4.6,2.5
EMP006972,2024-12,3.11,2,13,1,FALSE,FALSE,89.67,671.04,6,6.6,3.5
EMP006973,2024-12,3.44,1,9,2,FALSE,FALSE,84.03,670.54,4.9,5.4,3.7
EMP006974,2024-12,4,0,9,0,FALSE,FALSE,375.36,1154.09,8.8,8.3,4.1
EMP006975,2024-12,4.41,4,20,0,FALSE,FALSE,911.61,1480.41,8.2,7.3,4.4
EMP006977,2024-12,4.46,2,7,0,FALSE,TRUE,522.95,1179.47,5.5,4.8,4.4
EMP006978,2024-12,3.79,4,12,2,FALSE,FALSE,179.06,723.95,6.5,6.6,3.8
EMP006979,2024-12,4.36,3,2,0,FALSE,FALSE,350.24,102.82,8.7,8.4,4.2
EMP006980,2024-12,4.7,4,23,1,FALSE,FALSE,752.38,1188.58,10,10,4.8
EMP006981,2024-12,4.21,2,4,2,FALSE,FALSE,50.82,191.31,6.9,7.5,4.1
EMP006982,2024-12,3.23,0,0,1,FALSE,FALSE,39.75,56.64,6.6,6.4,3.6
EMP006983,2024-12,4.14,2,19,1,FALSE,FALSE,1081.57,1481.51,7.6,6.4,4.2
EMP006984,2024-12,3.63,1,13,0,FALSE,TRUE,94.4,635.91,6.7,6.9,3.7
EMP006985,2024-12,4.16,3,21,0,FALSE,FALSE,990.37,1423.58,7.9,6,4.4
EMP006986,2024-12,2.93,0,3,0,FALSE,FALSE,35.01,49.91,8,8.5,2.9
EMP006989,2024-12,3.93,3,13,0,FALSE,FALSE,94.31,615.3,8.8,7.5,4.1
EMP006990,2024-12,4.15,3,9,0,FALSE,FALSE,500.97,490.62,7.5,7.1,4
EMP006992,2024-12,4.44,2,14,0,FALSE,FALSE,409.81,1184.03,7.3,7.4,4.9
EMP006993,2024-12,3.66,4,18,1,FALSE,FALSE,785.99,1508.68,8,8.7,4
EMP006996,2024-12,3.88,2,7,0,FALSE,FALSE,358.41,910.17,8.3,7.7,3.8
EMP006997,2024-12,4.54,4,17,0,FALSE,FALSE,1797.44,1864.35,7.1,7.3,4.5
EMP006998,2024-12,4.01,4,8,0,FALSE,FALSE,95.41,266.97,7.9,8,3.5
EMP007000,2024-12,3.6,4,7,1,FALSE,FALSE,74.83,617.77,5.1,5.3,3.8
EMP007002,2024-12,3.75,0,5,0,FALSE,FALSE,87.79,303.66,7.7,8.2,3.8
EMP007003,2024-12,3.24,1,12,1,FALSE,FALSE,97.23,631.29,7.1,8.2,2.6
EMP007004,2024-12,3.38,0,10,0,FALSE,FALSE,93.08,652.71,6.5,6.4,3.5
EMP007005,2024-12,3.76,4,16,0,FALSE,TRUE,490.6,1192.6,5.1,4.2,3
EMP007006,2024-12,4.2,3,19,2,FALSE,FALSE,570.34,1221.9,7.3,7.2,4.5
EMP007007,2024-12,4.25,6,27,0,FALSE,FALSE,1083.18,1624.82,7.7,8.2,4.2
EMP007008,2024-12,4.47,10,9,2,FALSE,FALSE,544.82,525.2,9.7,10,4.3
EMP007009,2024-12,3.58,2,6,3,FALSE,FALSE,41.37,197.97,3.8,3.9,3.2
EMP007010,2024-12,3.55,1,2,0,FALSE,FALSE,63.1,235.68,8.7,9.5,3.1
EMP007011,2024-12,4.03,2,17,0,FALSE,FALSE,804.41,1210.11,7.3,5.8,4
EMP007013,2024-12,4,1,13,0,FALSE,FALSE,94.78,597.52,6.6,4.9,4
EMP007014,2024-12,3.04,5,16,1,FALSE,FALSE,139.08,896.96,9.7,8.3,2.9
EMP007015,2024-12,3.58,3,0,0,FALSE,FALSE,76.9,65.05,8.1,8.5,3.4
EMP007016,2024-12,4.15,0,6,0,FALSE,FALSE,100.45,626.1,6.3,7,4.3
EMP007017,2024-12,4.1,1,18,0,FALSE,FALSE,101.45,685.1,8.1,8.3,3.7
EMP007018,2024-12,4.19,2,20,1,FALSE,FALSE,108.61,697.2,6.4,6.3,4
EMP007019,2024-12,3.37,1,4,3,FALSE,FALSE,41.73,202.69,6.6,7.2,3.4
EMP007020,2024-12,3.01,2,14,0,FALSE,FALSE,98.22,697.03,7.8,6,3.1
EMP007021,2024-12,4.06,0,12,0,FALSE,FALSE,146.12,688.17,8.9,8.6,3.4
EMP007022,2024-12,3.66,3,10,0,FALSE,FALSE,157.27,830.36,7,7.2,3.5
EMP007024,2024-12,3.73,2,9,1,FALSE,FALSE,171.77,810.66,6,7.1,3.4
EMP007026,2024-12,3.42,2,8,0,FALSE,FALSE,200.29,922.63,4.8,5.3,3.3
EMP007027,2024-12,4.53,10,23,0,FALSE,FALSE,1209.59,1656.36,9.2,8,4.4
EMP007029,2024-12,3.66,1,4,0,FALSE,FALSE,112.51,275.32,8,9.7,3.7
EMP007030,2024-12,3.7,1,6,2,FALSE,FALSE,47.5,216.29,7.2,7.3,3.4
EMP007031,2024-12,3.86,1,2,0,FALSE,FALSE,84.81,284.61,8.1,8.6,3.8
EMP007034,2024-12,4.06,2,12,1,FALSE,FALSE,91.01,542.38,7.5,7.6,3.9
EMP007035,2024-12,3.89,0,9,0,FALSE,FALSE,124.12,300.53,6.8,6.6,4.3
EMP007037,2024-12,3.34,3,2,1,FALSE,FALSE,36.94,48.33,6.3,8.5,3.4
EMP007039,2024-12,4.06,4,19,0,FALSE,FALSE,529.31,1214.25,6.9,7.7,4.4
EMP007040,2024-12,4.11,1,13,1,FALSE,FALSE,494.13,1071.54,4.8,5.8,4.1
EMP007041,2024-12,3.93,3,4,1,FALSE,FALSE,82.3,241.73,7.6,7.2,3.9
EMP007042,2024-12,3.21,1,4,0,FALSE,FALSE,49.16,254.45,6.6,6.5,3.4
EMP007043,2024-12,4.28,6,21,1,FALSE,FALSE,888.62,1611.72,7.3,8.5,4.4
EMP007044,2024-12,3.79,2,6,1,FALSE,FALSE,79.38,545.49,7.6,7.6,4.1
EMP007045,2024-12,3.82,6,4,0,FALSE,FALSE,108.55,289.12,5.8,7.5,4
EMP007046,2024-12,2.71,0,17,0,FALSE,FALSE,79.63,728.77,6.7,6.3,2.2
EMP007047,2024-12,3.12,3,13,4,FALSE,FALSE,165.32,816.41,5.2,5.8,3.2
EMP007048,2024-12,3.47,3,3,0,FALSE,FALSE,48.89,212.67,8.3,9.1,3.2
EMP007049,2024-12,3.81,0,9,1,FALSE,FALSE,105.7,722.37,7.6,7.5,3.6
EMP007051,2024-12,4.13,2,13,0,FALSE,FALSE,509.12,1096.4,6.2,6.8,4.7
EMP007052,2024-12,3.7,1,9,0,FALSE,FALSE,841.1,1244.93,9,10,3.8
EMP007053,2024-12,4.52,4,21,0,FALSE,FALSE,775.03,1204.02,8.2,8.6,4.8
EMP007054,2024-12,4.48,6,4,0,FALSE,FALSE,453.94,484.94,8.2,8,4.5
EMP007055,2024-12,3.58,1,4,1,FALSE,FALSE,123.39,322.4,7.3,7.3,3.3
EMP007056,2024-12,2.92,1,12,0,FALSE,FALSE,91.9,667.03,5.7,4.9,3.7
EMP007057,2024-12,4.03,1,11,0,FALSE,FALSE,304.97,958.52,8,7.8,4.4
EMP007058,2024-12,4.69,5,5,0,FALSE,FALSE,760.5,604.33,9.3,9.2,4.7
EMP007059,2024-12,3.25,1,17,0,FALSE,FALSE,206.21,924.49,6.7,7,3.2
EMP007061,2024-12,4.51,1,22,0,FALSE,FALSE,1090.69,1683.75,6.3,6.6,4.8
EMP007062,2024-12,3.45,1,7,0,FALSE,FALSE,44.07,192.53,5.5,6.7,3.6
EMP007063,2024-12,3.38,2,7,1,FALSE,FALSE,61.41,237.57,7.5,7,4.1
EMP007064,2024-12,4.04,2,7,1,FALSE,FALSE,195.42,912.7,7.2,7.3,4.3
EMP007065,2024-12,3.83,2,11,0,FALSE,FALSE,393.52,947.36,9.2,8.9,3.7
EMP007066,2024-12,4.07,4,9,1,FALSE,FALSE,77.05,605.72,9.3,9.9,4
EMP007067,2024-12,3.69,4,11,0,FALSE,FALSE,157.94,746.74,6.2,5.4,3.8
EMP007068,2024-12,4.46,0,21,1,FALSE,FALSE,2466.81,2161.26,8.4,8.7,4.3
EMP007069,2024-12,4.49,7,18,1,FALSE,FALSE,1066.63,1571.79,6.5,6.4,4.6
EMP007070,2024-12,4.17,3,5,0,FALSE,FALSE,58.7,250.34,7.6,8.4,4.5
EMP007071,2024-12,4.2,3,7,2,FALSE,FALSE,51.61,218.05,7.3,8.7,4
EMP007072,2024-12,3.56,0,10,1,FALSE,FALSE,136.61,819.49,6.1,5.3,2.9
EMP007073,2024-12,4.34,1,6,1,FALSE,FALSE,109.85,250.64,7.7,7.6,4.1
EMP007074,2024-12,3.9,1,13,0,FALSE,FALSE,441.19,1030.75,8.9,9.4,3.7
EMP007075,2024-12,4.34,1,10,1,FALSE,FALSE,355.78,1082.15,8.5,8.7,4.1
EMP007076,2024-12,4.08,3,17,1,FALSE,FALSE,94.24,529.05,8.7,8.3,3.8
EMP007077,2024-12,3.11,1,7,2,FALSE,FALSE,48.28,246.34,7.3,7,3.6
EMP007079,2024-12,4.12,2,15,0,FALSE,FALSE,338.92,889.88,9.2,10,4
EMP007080,2024-12,3.23,1,7,0,FALSE,FALSE,41.24,195.79,5.6,5.1,3.1
EMP007082,2024-12,3.97,6,23,2,FALSE,FALSE,755.84,1187.78,7.5,7.2,4.3
EMP007083,2024-12,4.18,2,7,2,FALSE,FALSE,109.07,647.26,7,6.9,4.4
EMP007084,2024-12,4.43,5,25,0,FALSE,FALSE,1252.95,1750.79,9.5,8.1,4.5
EMP007085,2024-12,4.29,1,11,0,FALSE,FALSE,92.95,631.43,8,7.8,4.3
EMP007086,2024-12,3.76,1,11,1,FALSE,FALSE,205.75,797.54,5.2,5.8,3.7
EMP007087,2024-12,3.72,0,10,0,FALSE,FALSE,72.13,556.73,8.5,9.7,3.9
EMP007088,2024-12,4.3,3,20,0,FALSE,FALSE,952.62,1738.37,8.4,7.5,4.4
EMP007089,2024-12,2.79,1,13,1,FALSE,FALSE,75.17,698.67,6.7,7.6,3.1
EMP007090,2024-12,4.16,3,13,1,FALSE,FALSE,495.93,1100.41,7.5,7.8,4.4
EMP007091,2024-12,4.27,8,21,0,FALSE,FALSE,1183.87,1652.81,7.4,6.4,4.6
EMP007093,2024-12,3.76,2,12,1,FALSE,FALSE,173.64,743.84,7.3,7.9,3.4
EMP007094,2024-12,4.65,7,28,0,FALSE,FALSE,2609.68,2173.5,9.9,8.8,4.2
EMP007095,2024-12,4.53,3,20,1,FALSE,FALSE,934.25,1496.01,8.8,9.1,5
EMP007096,2024-12,4.03,0,12,1,FALSE,FALSE,207.09,864.94,8,8.7,4.1
EMP007097,2024-12,3.57,1,12,0,FALSE,FALSE,77.48,601.72,5.1,5.1,4
EMP007098,2024-12,3.57,2,5,2,FALSE,FALSE,300.91,1063.84,8,7.1,3.2
EMP007099,2024-12,4.13,0,16,0,FALSE,FALSE,214.72,831.67,6.9,5.6,3.4
EMP007100,2024-12,3.58,5,10,1,FALSE,FALSE,102.55,272.73,7.2,7.3,4
EMP007101,2024-12,3.34,0,17,2,FALSE,FALSE,67.72,565.94,8.9,8.7,3.2
EMP007102,2024-12,3.37,1,3,1,FALSE,FALSE,156.83,58.03,6.8,5.9,3.7
EMP007103,2024-12,4.12,1,10,0,FALSE,FALSE,399.33,879.59,7.9,7.1,3.8
EMP007105,2024-12,4.06,5,16,1,FALSE,FALSE,107.37,702.16,6.1,6,4.4
EMP007106,2024-12,4.07,2,15,0,FALSE,FALSE,196.39,834.52,7.2,7.5,4.3
EMP007107,2024-12,4.17,3,20,1,FALSE,FALSE,997.16,1563.7,5.8,5.5,4.4
EMP007108,2024-12,3.97,4,18,1,FALSE,FALSE,101.95,668.67,7.8,7,3.9
EMP007109,2024-12,3.5,1,20,1,FALSE,FALSE,82.73,587.29,8.3,8,3.6
EMP007111,2024-12,4.22,2,13,2,FALSE,FALSE,314.99,881.94,9,8.4,3.5
EMP007112,2024-12,3.68,1,16,1,FALSE,FALSE,157.42,814.67,8.2,8.9,3.7
EMP007114,2024-12,3.77,0,8,1,FALSE,FALSE,188.93,770.19,7.1,8.8,4
EMP007115,2024-12,4.58,3,15,1,FALSE,FALSE,3474.98,2890.99,7.1,7.3,4.4
EMP007116,2024-12,3.48,6,11,0,FALSE,FALSE,89,547.43,6.4,6.4,3.4
EMP007117,2024-12,3.66,3,10,0,FALSE,FALSE,98.51,655.83,7.2,5.4,4.2
EMP007118,2024-12,3.71,2,17,1,FALSE,FALSE,219.53,859.73,6.5,7,4.4
EMP007119,2024-12,4.62,8,24,0,FALSE,FALSE,2337.81,2543.73,9,8.2,4.9
EMP007120,2024-12,3.83,1,13,1,FALSE,FALSE,76.87,636.6,7.9,8.8,3.9
EMP007121,2024-12,3.56,4,11,2,FALSE,FALSE,80.39,714.12,7.7,8.6,3.7
EMP007123,2024-12,3.34,4,14,3,FALSE,FALSE,100.44,634.32,8,7.3,3.3
EMP007124,2024-12,3.14,4,13,0,FALSE,FALSE,91.12,670.79,6.5,7.2,2.9
EMP007126,2024-12,4.87,3,22,2,FALSE,FALSE,202.98,912.78,9.5,9.8,5
EMP007127,2024-12,3.96,0,19,0,FALSE,FALSE,195.3,834.94,7.1,8,3.5
EMP007128,2024-12,3.46,2,18,0,FALSE,FALSE,172.49,857.88,7.2,8,3.5
EMP007129,2024-12,4.02,5,1,0,FALSE,FALSE,296.95,431.86,7.9,7.9,3.7
EMP007130,2024-12,4.07,0,16,0,FALSE,FALSE,76.67,557.97,5.3,5.8,3.3
EMP007131,2024-12,4.11,1,10,2,FALSE,FALSE,248.1,935.89,9.3,8.9,4
EMP007132,2024-12,4.05,1,6,1,FALSE,FALSE,211.35,400.92,6.9,7.7,3.8
EMP007133,2024-12,3.31,0,7,0,FALSE,FALSE,44.16,196.98,4.4,4.5,3.4
EMP007135,2024-12,4.12,3,12,1,FALSE,FALSE,167.66,871.94,8.3,7.5,4.1
EMP007136,2024-12,3.7,0,16,0,FALSE,FALSE,169.86,847.85,8.5,8.8,4.2
EMP007137,2024-12,3.51,1,18,1,FALSE,FALSE,92.15,654.08,6.9,7.4,3.1
EMP007138,2024-12,3.45,2,10,2,FALSE,FALSE,110.05,690.05,8,7.8,3.4
EMP007139,2024-12,4.45,7,9,1,FALSE,FALSE,659.5,608.56,7.5,8.1,4.3
EMP007140,2024-12,4.4,5,11,1,FALSE,FALSE,197.78,782.11,8.5,8.8,3.8
EMP007141,2024-12,4.38,5,26,2,FALSE,FALSE,725.61,1331.7,8,8.9,4.8
EMP007142,2024-12,4.32,2,1,2,FALSE,FALSE,166.57,60.88,6.6,6.4,4
EMP007143,2024-12,4.07,4,11,1,FALSE,FALSE,202.07,896.43,6,4.4,4.1
EMP007144,2024-12,4.39,5,17,0,FALSE,FALSE,743.49,1185.15,6.5,5.5,4
EMP007145,2024-12,3.74,1,10,2,FALSE,FALSE,174.56,873.83,8.7,8.6,3.8
EMP007147,2024-12,4.44,4,22,0,FALSE,FALSE,935.15,1583.23,6.9,7,4.4
EMP007148,2024-12,4.04,2,17,1,FALSE,FALSE,115.69,632.84,6.8,6.8,3.6
EMP007149,2024-12,3.88,1,21,0,FALSE,FALSE,109.63,631.27,7.1,6.4,4.2
EMP007150,2024-12,3.5,4,11,0,FALSE,FALSE,81.46,631.88,8.9,8.6,3.9
EMP007151,2024-12,3.34,4,10,2,FALSE,FALSE,68.67,614.65,7,8,3.1
EMP007152,2024-12,4.32,4,6,1,FALSE,FALSE,552.89,585.16,9.6,8.8,4.2
EMP007154,2024-12,4.29,2,13,0,FALSE,FALSE,157.64,723.02,7.9,7.6,4.7
EMP007155,2024-12,4.69,7,4,0,FALSE,FALSE,484.73,492.94,8.3,7.6,4.1
EMP007156,2024-12,4.28,0,3,0,FALSE,FALSE,44.26,50.32,8.4,8.7,4.5
EMP007157,2024-12,4.55,6,4,1,FALSE,FALSE,520.59,453.3,8.4,8.7,4.8
EMP007159,2024-12,4.41,7,27,1,FALSE,FALSE,3555.65,3052.39,8.6,9.4,4.3
EMP007160,2024-12,4.25,8,16,0,FALSE,FALSE,1003.97,1582.86,9.7,9.8,4.2
EMP007161,2024-12,4.56,2,19,0,FALSE,FALSE,2410.5,2177.84,8.1,8.3,4.3
EMP007162,2024-12,3.73,3,0,1,FALSE,FALSE,89.34,74.46,7.1,6.7,3.6
EMP007164,2024-12,3.73,3,6,0,FALSE,FALSE,55.66,216.1,7.8,6.6,3.6
EMP007165,2024-12,3.65,1,12,1,FALSE,FALSE,91.87,594.78,8,9,3.1
EMP007166,2024-12,3.35,3,8,0,FALSE,FALSE,82.84,672.11,8.4,8.7,3
EMP007167,2024-12,3.92,0,9,0,FALSE,FALSE,181.36,776.86,5.3,4.8,3.8
EMP007168,2024-12,2.48,3,1,0,FALSE,FALSE,74.03,50.16,6.1,4.3,3
EMP007169,2024-12,3.25,2,8,3,FALSE,FALSE,80.07,582.23,8,7.9,3.5
EMP007170,2024-12,3.92,3,10,1,FALSE,FALSE,458.73,1126.2,7.3,5.9,4.2
EMP007173,2024-12,4.18,1,6,0,FALSE,FALSE,144.22,323.12,7.8,7.9,3.7
EMP007174,2024-12,4.38,2,26,0,TRUE,FALSE,1258.03,1625.4,7.6,6.1,4.5
EMP007175,2024-12,4.08,4,10,0,FALSE,FALSE,161.8,736.56,6,5.8,4.3
EMP007176,2024-12,4.28,2,10,0,FALSE,FALSE,192.43,844.59,7.8,8,4.6
EMP007179,2024-12,3.66,2,11,2,FALSE,FALSE,122.47,720.29,6.4,6.4,3.9
EMP007181,2024-12,3.9,4,19,1,FALSE,FALSE,221.48,915.26,7.2,6.8,3.9
EMP007182,2024-12,4.54,0,11,0,TRUE,FALSE,563.69,1244.2,9.6,10,4.7
EMP007183,2024-12,4.15,1,13,1,FALSE,FALSE,333.17,972.47,8.5,7.9,4.4
EMP007184,2024-12,4.03,5,6,0,FALSE,FALSE,442.76,487.46,8.6,8.7,3.7
EMP007185,2024-12,4.48,4,11,0,FALSE,FALSE,439.21,1056.55,9.6,8.6,4.6
EMP007186,2024-12,4.67,2,12,0,FALSE,FALSE,355.08,910.23,8.1,7.9,4.4
EMP007187,2024-12,3.3,3,7,0,FALSE,FALSE,52.73,207.41,7.5,7.7,3.2
EMP007188,2024-12,4.26,4,18,1,FALSE,FALSE,799.6,1341.32,10,9.2,4.1
EMP007189,2024-12,3.15,0,16,1,FALSE,FALSE,85.61,692.82,6.8,6.7,3.5
EMP007191,2024-12,3.61,1,13,1,FALSE,FALSE,180.59,879,7.5,8.6,3.4
EMP007192,2024-12,3.61,2,13,0,FALSE,FALSE,94.32,685.34,7.7,7.5,4.2
EMP007193,2024-12,3.88,0,19,0,FALSE,FALSE,223.25,900.42,7.6,6.9,3.4
EMP007194,2024-12,3.61,4,1,2,FALSE,FALSE,69.34,65.58,8.1,7.7,3.4
EMP007196,2024-12,4.12,7,19,0,FALSE,FALSE,874.56,1363.66,7.7,8.8,4.6
EMP007197,2024-12,3.49,4,22,2,FALSE,FALSE,86.58,711.62,6.4,5.7,3.8
EMP007198,2024-12,4.17,0,8,0,FALSE,FALSE,516.8,1205.48,8.2,9.7,3.9
EMP007199,2024-12,4.65,3,19,0,FALSE,FALSE,917.91,1261.74,7.1,7.4,4
EMP007201,2024-12,3.63,0,4,0,FALSE,FALSE,111.77,289.15,4.9,5.3,3.4
EMP007202,2024-12,4.3,2,17,0,FALSE,FALSE,407.54,1002.72,7.5,8.5,4.6
EMP007203,2024-12,4.32,6,6,1,FALSE,FALSE,472.56,483.98,7.5,7.9,4.2
EMP007204,2024-12,3.53,2,4,1,FALSE,FALSE,47.95,209.87,4.3,5.3,3.1
EMP007205,2024-12,3.21,3,16,1,FALSE,FALSE,86.64,728.27,7.7,8.7,3.7
EMP007206,2024-12,4.1,8,5,0,FALSE,FALSE,596.9,566.82,7.1,8.1,3.9
EMP007207,2024-12,3.86,1,0,2,FALSE,FALSE,39.36,54.2,6.3,7,4.5
EMP007208,2024-12,3.54,4,15,1,FALSE,FALSE,79.86,573.42,6.3,5.5,4
EMP007209,2024-12,4.23,2,17,0,FALSE,FALSE,1035.01,1458.49,7.9,8.1,3.9
EMP007210,2024-12,3.88,5,3,0,FALSE,TRUE,52.6,220.03,10,10,3.8
EMP007212,2024-12,3.69,1,15,0,FALSE,FALSE,92.49,625.7,9,10,4.3
EMP007213,2024-12,4.28,2,20,1,FALSE,FALSE,692.95,1244.32,8.3,9,4.2
EMP007214,2024-12,4.19,0,21,0,FALSE,FALSE,387.81,903.65,8.2,9,3.9
EMP007218,2024-12,3.93,1,6,1,FALSE,FALSE,105.03,609.18,5.7,3.6,3.6
EMP007220,2024-12,3.9,2,4,1,FALSE,FALSE,53.69,191.19,9,9.8,4.2
EMP007223,2024-12,4.08,4,14,0,FALSE,FALSE,97.5,713.05,7,7.1,4
EMP007225,2024-12,3.74,2,14,0,FALSE,FALSE,129.52,689.94,5.6,6.3,4
EMP007226,2024-12,3.95,0,16,0,FALSE,FALSE,957.61,1722.92,9.5,8.3,3.9
EMP007227,2024-12,2.55,1,3,0,FALSE,FALSE,38.99,195.66,3.7,4.2,2.5
EMP007230,2024-12,3.07,1,5,2,FALSE,FALSE,54.59,225.59,6.8,6.8,3.2
EMP007231,2024-12,2.95,3,21,0,FALSE,FALSE,56.81,530.67,6.2,5.8,2.9
EMP007232,2024-12,3.81,1,3,1,FALSE,FALSE,268.17,398.4,9,9.6,3.5
EMP007233,2024-12,4.23,1,16,1,FALSE,FALSE,113.37,673.18,6.8,6.6,3.9
EMP007234,2024-12,4.44,0,9,0,FALSE,FALSE,247.97,856.79,7.9,8.8,3.9
EMP007235,2024-12,3.93,5,14,2,FALSE,FALSE,753.39,1286.49,5.6,4.8,3.6
EMP007236,2024-12,4.06,3,21,1,FALSE,FALSE,147.41,727.15,8.5,8.9,5
EMP007238,2024-12,3.78,3,0,1,FALSE,FALSE,129.86,83.58,8.4,8.6,3.8
EMP007239,2024-12,3.79,1,11,0,FALSE,FALSE,73.41,611.53,8.2,8.7,3.6
EMP007240,2024-12,4.33,2,7,1,FALSE,FALSE,787.95,618.85,8.6,8.8,4.4
EMP007241,2024-12,3.98,6,15,0,FALSE,FALSE,99.8,668.88,7.6,8.8,4.1
EMP007244,2024-12,3.82,0,4,2,FALSE,FALSE,37.63,54.19,8.3,8.5,4
EMP007245,2024-12,3.4,1,3,0,FALSE,FALSE,56.83,240.57,7,7.7,3.2
EMP007246,2024-12,4.24,4,6,0,FALSE,FALSE,311.02,393.97,8.2,7.9,4.3
EMP007247,2024-12,4.25,5,11,0,FALSE,FALSE,1078.08,1678.98,9,8.5,4.4
EMP007248,2024-12,3.78,3,17,1,FALSE,TRUE,344.3,1092.17,7.5,9,3.5
EMP007249,2024-12,4.26,2,11,1,FALSE,FALSE,345.91,974.15,7.1,6.8,4.1
EMP007250,2024-12,4.61,4,21,0,FALSE,FALSE,1007.76,1768.52,9.9,9.6,4.8
EMP007251,2024-12,4.46,3,23,0,FALSE,FALSE,907.38,1155.04,4.6,6.3,4.8
EMP007253,2024-12,3.9,1,15,1,FALSE,FALSE,138.14,701.37,7.7,7.7,3.8
EMP007254,2024-12,4.56,5,16,0,FALSE,FALSE,1365.76,1747.01,10,9.6,4.7
EMP007255,2024-12,3.42,3,18,3,FALSE,FALSE,102.01,681.7,6.8,6.5,3.1
EMP007257,2024-12,3.41,3,3,2,FALSE,FALSE,70.34,252.6,7.1,7.8,3.2
EMP007258,2024-12,3.42,1,18,1,FALSE,FALSE,80.02,567.93,6.9,6.7,3.6
EMP007259,2024-12,4.62,7,26,0,FALSE,FALSE,726.94,1297.89,8.3,9.8,4.4
EMP007260,2024-12,3.62,5,1,0,FALSE,FALSE,161.93,71.91,7.6,7.8,3.3
EMP007261,2024-12,4.1,0,18,1,FALSE,FALSE,103.34,645.97,8.7,8,3.9
EMP007262,2024-12,4.12,2,2,1,FALSE,FALSE,119.94,282.46,8.5,8.2,4.3
EMP007263,2024-12,3.75,3,11,0,FALSE,FALSE,156.06,774.41,8.6,8.4,3.6
EMP007264,2024-12,3.71,5,12,0,FALSE,FALSE,92.6,663.18,8.1,7.8,3.7
EMP007265,2024-12,4.41,5,18,0,FALSE,FALSE,851.88,1321.12,6.2,6,4.7
EMP007266,2024-12,3.88,2,2,0,FALSE,FALSE,234.29,370.22,7.8,7.6,3.7
EMP007270,2024-12,4.74,6,25,0,FALSE,FALSE,1120.01,1571.39,7.4,7.1,4.3
EMP007271,2024-12,2.91,4,2,0,FALSE,FALSE,43.27,227.87,5.3,5.2,3.2
EMP007272,2024-12,3.52,4,3,3,FALSE,FALSE,108.33,308.11,6.9,7.2,3.5
EMP007273,2024-12,3.16,1,4,1,FALSE,FALSE,60.03,257.41,5.3,4.1,3.1
EMP007274,2024-12,4.35,4,2,3,FALSE,FALSE,453.21,127.27,8.9,7.4,4.5
EMP007275,2024-12,4.48,5,17,0,FALSE,FALSE,1294.14,1675.85,7.9,9.6,4.8
EMP007276,2024-12,3.78,5,13,1,FALSE,FALSE,180.74,835.53,7.4,8.5,3.8
EMP007277,2024-12,3.72,0,13,1,FALSE,FALSE,206.54,860.2,7.3,6.9,4.2
EMP007278,2024-12,3.83,1,15,2,FALSE,FALSE,126.32,700.97,8.2,8,3.8
EMP007280,2024-12,4.19,2,10,2,FALSE,FALSE,442.06,501.94,8.3,8.9,4.3
EMP007282,2024-12,4.03,3,14,0,FALSE,FALSE,171.27,921.32,10,9.9,4.6
EMP007284,2024-12,3.73,3,6,0,FALSE,FALSE,49.36,240.49,6.7,6.3,3.7
EMP007285,2024-12,3.32,3,16,0,FALSE,FALSE,191.45,906.2,7.3,8.5,3.1
EMP007286,2024-12,4.34,3,0,0,FALSE,FALSE,797.21,99.67,8.8,8,4.2
EMP007287,2024-12,3.96,2,16,1,FALSE,FALSE,96.65,696.54,8,8,4
EMP007288,2024-12,3.24,0,5,0,FALSE,FALSE,207.88,901.92,5.3,4.9,3.1
EMP007289,2024-12,3.16,3,7,2,FALSE,FALSE,73.49,690.73,4.8,3.9,3.5
EMP007290,2024-12,3.99,8,11,0,FALSE,FALSE,371.45,454.81,9,7.6,3.8
EMP007291,2024-12,4.35,3,5,1,FALSE,FALSE,214,778.34,6.6,7.6,4.7
EMP007292,2024-12,3.76,1,14,2,FALSE,FALSE,435.83,1114.33,8.9,9.9,3.8
EMP007293,2024-12,3.81,1,19,0,FALSE,FALSE,202.05,896.02,8.1,9.5,3.9
EMP007294,2024-12,3.99,0,18,0,FALSE,FALSE,452.17,1133.16,7.3,7.1,4.1
EMP007295,2024-12,3.63,3,15,0,FALSE,FALSE,171.48,678.62,7.3,8.5,3.5
EMP007296,2024-12,4.39,3,1,0,FALSE,TRUE,339.83,101.44,7.7,8.1,4.5
EMP007297,2024-12,3.71,1,11,0,FALSE,FALSE,106.39,653.78,6.9,7.1,4
EMP007298,2024-12,3.51,1,12,0,FALSE,FALSE,81.12,699.78,8.1,7.5,3.5
EMP007300,2024-12,3.98,5,16,0,FALSE,FALSE,754.98,1165.51,7.1,5.9,4.1
EMP007302,2024-12,4.23,8,20,2,FALSE,FALSE,829.34,1251.11,8.2,8,4
EMP007303,2024-12,4.4,4,15,0,FALSE,FALSE,1190.58,1678.82,9.8,9.9,4.7
EMP007305,2024-12,4.27,6,5,3,FALSE,FALSE,556.28,458.24,7.2,7.4,3.7
EMP007306,2024-12,3.7,3,4,1,FALSE,FALSE,89.21,271.3,9.1,9,3.5
EMP007307,2024-12,3.27,1,2,0,FALSE,FALSE,33.78,46.56,8.6,7.7,3.3
EMP007308,2024-12,4.23,3,21,2,FALSE,FALSE,757.92,1149.27,7.4,7.3,4.5
EMP007309,2024-12,3.64,1,15,0,FALSE,FALSE,179.89,715.79,6.7,6.6,3.4
EMP007310,2024-12,3.72,2,20,1,FALSE,FALSE,180.18,807.9,6.5,5.9,4.2
EMP007311,2024-12,4.27,0,12,0,FALSE,FALSE,235.71,920.23,7.4,7.6,4.7
EMP007313,2024-12,2.98,2,21,0,FALSE,FALSE,182.89,897.71,10,10,3
EMP007314,2024-12,4.41,10,19,0,FALSE,FALSE,1303.82,1690.5,6.3,6.7,4.5
EMP007315,2024-12,3.78,4,8,1,FALSE,FALSE,106.72,627.5,8.3,9.6,3.6
EMP007316,2024-12,3.84,3,19,2,FALSE,FALSE,1082.63,1674.15,8.4,7.7,3.9
EMP007317,2024-12,3.37,1,6,1,FALSE,FALSE,105.23,688.97,6.9,8.1,3.2
EMP007318,2024-12,4.41,2,21,0,FALSE,FALSE,939.69,1640.85,9,8.9,4.9
EMP007319,2024-12,3.49,4,11,1,FALSE,FALSE,149.88,802.95,8.5,9.2,3.1
EMP007320,2024-12,3.4,3,11,3,FALSE,FALSE,86.73,634.39,6.7,6.7,2.9
EMP007321,2024-12,3.91,1,5,1,FALSE,FALSE,217.82,896.65,8.2,7.6,4
EMP007322,2024-12,4.12,1,18,1,FALSE,FALSE,94.48,647.88,7.4,5.8,4.3
EMP007324,2024-12,3.86,2,13,1,FALSE,FALSE,180.79,687.2,8,8.6,4.2
EMP007325,2024-12,4.01,2,11,1,FALSE,FALSE,431.55,1189.35,7.7,8.2,3.9
EMP007326,2024-12,4.1,1,8,1,FALSE,FALSE,107.37,266.18,10,9,4.3
EMP007328,2024-12,3.47,2,9,0,FALSE,FALSE,84.72,656.41,6.6,5,3.5
EMP007329,2024-12,4.49,3,11,0,FALSE,FALSE,576,436.5,7.9,8.2,4.2
EMP007330,2024-12,3.91,3,6,1,FALSE,FALSE,427.7,473.28,8.4,8,3.4
EMP007332,2024-12,3.65,1,12,1,FALSE,FALSE,114.05,718.07,8.1,7.3,3.7
EMP007333,2024-12,3.94,1,19,0,FALSE,FALSE,388.97,1066.28,7.6,6,3.8
EMP007334,2024-12,3.16,4,25,0,FALSE,FALSE,99.78,681.75,5.1,6.1,3.1
EMP007335,2024-12,3.88,3,12,0,FALSE,FALSE,193.84,858.97,10,10,3.8
EMP007337,2024-12,4.53,5,25,0,FALSE,FALSE,701.32,1159.68,7.5,7.6,4.9
EMP007338,2024-12,3.38,3,8,2,FALSE,FALSE,90.53,727.66,7.7,9.7,3.6
EMP007339,2024-12,3.65,0,20,1,FALSE,FALSE,136.53,694.37,7.3,6.5,4.5
EMP007340,2024-12,3.37,5,10,0,FALSE,FALSE,65.81,585.34,5.1,6.3,3
EMP007341,2024-12,4.55,6,12,2,FALSE,FALSE,889.28,1360.93,8.4,9.2,4.3
EMP007343,2024-12,3.72,4,4,0,FALSE,FALSE,44.37,198.42,6.8,6.4,3.7
EMP007345,2024-12,3.64,3,13,0,FALSE,FALSE,79.68,627.85,5.9,7.5,3.5
EMP007346,2024-12,3.77,3,2,1,FALSE,FALSE,300.63,117.36,8.5,9.1,3.4
EMP007347,2024-12,4.56,5,16,1,FALSE,FALSE,794.58,1199.38,7.7,7.9,3.9
EMP007348,2024-12,3.48,0,5,1,FALSE,FALSE,45.81,190.43,7.6,7.4,3.6
EMP007349,2024-12,4.25,0,12,1,FALSE,FALSE,97.28,558.78,7.3,6.8,4
EMP007350,2024-12,4.26,6,2,0,FALSE,FALSE,285.47,71.89,7,7.7,4.1
EMP007351,2024-12,4.21,2,12,1,FALSE,FALSE,238.75,857.95,6.3,6.3,4.2
EMP007352,2024-12,4.64,7,17,1,FALSE,FALSE,1209.34,1502.8,10,10,4.6
EMP007353,2024-12,3.57,1,14,0,FALSE,FALSE,63.74,569.74,9.2,9.8,3.4
EMP007354,2024-12,3.85,2,20,0,FALSE,FALSE,84.25,588.67,6.6,5,4
EMP007355,2024-12,4.14,7,13,0,FALSE,FALSE,220.81,811.15,6.8,7.5,3.8
EMP007356,2024-12,3.26,2,7,1,FALSE,FALSE,192.32,902.45,5,4.2,3.2
EMP007357,2024-12,4.16,7,19,2,FALSE,FALSE,1054.68,1426.11,9.6,9.7,4.4
EMP007358,2024-12,3.66,1,5,0,FALSE,FALSE,120.49,329.75,7.5,7,3.9
EMP007359,2024-12,3.97,4,18,0,FALSE,FALSE,609.89,1238.85,7.4,7.9,3.7
EMP007360,2024-12,4.02,6,19,2,FALSE,FALSE,657.16,1323.95,7.6,7.9,3.5
EMP007361,2024-12,4.23,4,20,0,FALSE,FALSE,843.27,1648.15,9.2,9.4,4.5
EMP007362,2024-12,4.35,1,7,0,FALSE,FALSE,289.33,433.44,7.4,7.7,3.9
EMP007363,2024-12,3.58,2,18,0,FALSE,TRUE,194.42,864.93,6.1,6.6,3.9
EMP007364,2024-12,3.91,1,14,1,FALSE,FALSE,153.3,847.79,7.6,7.6,3.6
EMP007365,2024-12,3.69,2,2,0,FALSE,FALSE,71.02,256.29,6.2,5.3,4.2
EMP007366,2024-12,3.71,3,6,1,FALSE,FALSE,114,295.62,6.1,4.8,4.2
EMP007367,2024-12,4.04,1,1,3,FALSE,FALSE,81.1,60.18,4.9,5.6,4
EMP007368,2024-12,4.24,2,17,2,FALSE,FALSE,353.31,914.05,9.3,9.8,3.9
EMP007369,2024-12,4.19,3,8,0,FALSE,FALSE,244.09,370.82,7.6,6.8,3.7
EMP007370,2024-12,4.16,2,13,1,FALSE,FALSE,478.4,1097.4,8.7,7.3,4.6
EMP007371,2024-12,4.62,2,6,0,FALSE,FALSE,2201.22,1087.82,6.1,6.6,4.7
EMP007372,2024-12,3.82,3,8,1,FALSE,FALSE,47.97,226.09,6.8,6.2,4
EMP007373,2024-12,4.52,9,27,2,FALSE,FALSE,953.37,1437.83,8.2,8.4,4.7
EMP007376,2024-12,3.55,3,5,0,FALSE,FALSE,98.1,318.26,8.1,8.1,3.8
EMP007377,2024-12,4.02,1,11,3,FALSE,FALSE,153.49,710.15,6.1,7.5,4.4
EMP007379,2024-12,4.44,1,2,0,FALSE,FALSE,294.22,102.62,8.6,8,4.7
EMP007380,2024-12,3.71,1,16,1,FALSE,FALSE,94.52,619.33,8.2,7.8,3.4
EMP007381,2024-12,4.7,3,7,0,FALSE,FALSE,274.89,367.49,8.8,8.9,4.3
EMP007383,2024-12,4.53,3,6,1,FALSE,FALSE,452.83,418.03,9.5,9.9,4.7
EMP007384,2024-12,3.22,1,16,0,FALSE,FALSE,99.5,647.05,8.5,8.3,3.1
EMP007385,2024-12,4,3,18,1,FALSE,FALSE,627.79,1278.19,9.1,9.1,4.1
EMP007386,2024-12,4.5,9,16,1,FALSE,FALSE,1095.4,1417.51,8.2,8.4,4.7
EMP007387,2024-12,3.98,5,0,2,FALSE,FALSE,371.89,86.18,6.9,5.4,4.7
EMP007388,2024-12,3.61,3,13,3,FALSE,FALSE,146.23,773.46,7.6,6.8,3.5
EMP007389,2024-12,4.2,2,5,0,FALSE,FALSE,263.75,404.24,8.8,9.9,4.3
EMP007390,2024-12,3.41,4,13,3,FALSE,FALSE,181.1,871.29,7,7.2,3.4
EMP007391,2024-12,3.48,3,16,3,FALSE,FALSE,77.83,664.25,7.7,7.1,3.9
EMP007392,2024-12,3.96,3,16,1,FALSE,FALSE,79.2,594.58,7.3,7.7,3.9
EMP007393,2024-12,3.08,1,11,0,FALSE,FALSE,80.52,671.09,7.9,7.9,3
EMP007394,2024-12,3.62,3,6,1,FALSE,FALSE,95.73,329.85,6.1,5.8,3.3
EMP007395,2024-12,3.44,1,13,3,FALSE,FALSE,91.41,681.2,6.4,6.3,3.1
EMP007396,2024-12,3.4,2,14,2,FALSE,FALSE,354.32,1214.86,7.7,7.3,4.1
EMP007398,2024-12,4.13,2,15,1,FALSE,FALSE,432.37,1211.68,6.3,7.1,4.3
EMP007399,2024-12,3.33,2,18,0,FALSE,FALSE,69.99,642.72,7.7,8.2,3.4
EMP007400,2024-12,4.68,5,15,0,FALSE,FALSE,713.2,1196.21,7.6,7.9,5
EMP007403,2024-12,4.04,2,14,0,FALSE,FALSE,311.97,887.97,8.4,8.5,4.3
EMP007404,2024-12,4.44,3,12,0,FALSE,FALSE,90.47,679.58,8.4,9.2,4.6
EMP007405,2024-12,4.73,10,19,2,FALSE,FALSE,1125.25,1757.4,6.9,7.3,4.9
EMP007408,2024-12,3.52,1,16,3,FALSE,FALSE,85.67,634.33,6.4,6.2,3.9
EMP007409,2024-12,3.86,1,11,0,FALSE,FALSE,317.55,1005.1,7.2,8.3,4.3
EMP007411,2024-12,3.58,1,15,1,FALSE,FALSE,95.86,667.22,9.3,9.4,3
EMP007412,2024-12,3.54,2,15,1,FALSE,FALSE,96.46,722.53,8.4,7.7,3.9
EMP007413,2024-12,3.79,1,17,0,FALSE,FALSE,216.51,844.76,7.6,6.9,3.7
EMP007414,2024-12,4.17,3,14,1,FALSE,FALSE,1038.72,1461.62,6.4,5.6,4
EMP007415,2024-12,3.57,5,11,0,FALSE,FALSE,99.63,630.33,6.8,8.6,4
EMP007416,2024-12,4.23,6,16,0,FALSE,FALSE,406.56,1048.89,7.3,7.7,4
EMP007417,2024-12,4.13,3,2,0,FALSE,FALSE,141.95,313,9.2,8.7,4
EMP007419,2024-12,3.63,1,3,0,FALSE,FALSE,99.34,337.05,6.8,6.1,3.5
EMP007420,2024-12,3.97,4,14,0,FALSE,FALSE,131.57,695.54,7.2,6.5,4.1
EMP007421,2024-12,4.07,0,20,0,FALSE,FALSE,193.62,849.64,7.5,6.7,4.2
EMP007422,2024-12,4.54,2,8,2,FALSE,FALSE,509.71,488.45,9.6,8.6,4.7
EMP007424,2024-12,4.53,0,18,1,FALSE,FALSE,763.1,1156.33,8.6,9.7,4.5
EMP007425,2024-12,3.92,2,13,0,FALSE,FALSE,384.64,1249.32,7.5,8.1,4.3
EMP007426,2024-12,3.01,0,15,1,FALSE,FALSE,80.61,722.88,7.4,10,2.7
EMP007428,2024-12,3.3,3,15,1,FALSE,FALSE,192.46,817.21,7.6,7.3,3.2
EMP007429,2024-12,3.51,1,18,0,FALSE,FALSE,75.26,552.38,8.1,8.4,3.9
EMP007430,2024-12,4.37,3,2,0,FALSE,FALSE,134.85,70.61,7.5,6.9,4.4
EMP007432,2024-12,3.73,1,15,1,FALSE,FALSE,200.45,885.39,5.6,5.2,3.5
EMP007433,2024-12,4.12,7,26,0,FALSE,FALSE,885.09,1753.58,9.2,10,4.9
EMP007435,2024-12,4.06,5,15,2,FALSE,FALSE,1097.03,1611.18,8.5,8.9,4.4
EMP007436,2024-12,3.9,3,4,0,FALSE,FALSE,45.04,51.37,7.2,6.2,4.2
EMP007437,2024-12,3.74,1,11,1,FALSE,FALSE,178.9,716.44,9.9,10,3.4
EMP007439,2024-12,3.87,2,18,0,FALSE,FALSE,202.17,935.17,5.8,4.6,3.6
EMP007440,2024-12,3.73,0,9,1,FALSE,FALSE,75.64,656.38,7.1,6.1,3.6
EMP007441,2024-12,4.1,2,5,1,FALSE,FALSE,120.48,305.66,7.7,8.8,4
EMP007443,2024-12,3.4,1,6,1,FALSE,FALSE,89.48,331.5,6.4,5.9,3.5
EMP007444,2024-12,3.71,3,24,1,FALSE,FALSE,1006.11,1625.09,8.1,9.2,4.2
EMP007445,2024-12,3.82,2,22,2,FALSE,FALSE,97.94,694.64,8,6.3,3.3
EMP007446,2024-12,4.46,0,2,1,FALSE,FALSE,275.69,403.19,8.1,8.3,4.7
EMP007447,2024-12,4.6,8,17,0,FALSE,FALSE,1165.84,1669.41,7.5,9.5,4.6
EMP007448,2024-12,3.96,2,19,0,FALSE,FALSE,375,1132.79,7.8,7.9,3.9
EMP007450,2024-12,4.01,2,14,0,FALSE,FALSE,94.43,686.91,8.1,7.1,4.1
EMP007451,2024-12,4.64,6,20,0,FALSE,FALSE,1197.3,1672.98,8.2,9.3,4.4
EMP007452,2024-12,4.25,2,8,1,FALSE,FALSE,84.66,627.32,9.7,8.3,4.4
EMP007453,2024-12,3.98,0,10,2,FALSE,FALSE,197.7,836.65,5.4,6,4.2
EMP007454,2024-12,3.47,2,12,2,FALSE,FALSE,107.81,721.18,7.8,6.8,3.4
EMP007455,2024-12,4.28,3,9,1,FALSE,FALSE,119.18,333.02,7.4,7.9,4
EMP007457,2024-12,3.41,1,19,0,FALSE,FALSE,76.73,658.06,4.7,3.5,3.1
EMP007458,2024-12,3.73,0,3,1,FALSE,FALSE,79.74,264.97,6.4,6.5,3.7
EMP007459,2024-12,3.87,0,14,0,FALSE,FALSE,510.79,1173.81,7.9,6.9,3.7
EMP007460,2024-12,3.5,1,10,1,FALSE,FALSE,207.24,932.41,7.4,8.2,3.5
EMP007462,2024-12,3.48,2,3,1,FALSE,FALSE,48.92,259,8,9.1,3.6
EMP007463,2024-12,4.28,7,20,0,FALSE,FALSE,853.49,1182.1,8.5,8.8,4.5
EMP007464,2024-12,3.5,2,13,0,FALSE,FALSE,95.49,729.07,6.4,5.8,3.3
EMP007465,2024-12,4.28,3,2,1,FALSE,FALSE,691.52,91.77,8.4,9.4,3.8
EMP007466,2024-12,3.85,3,5,0,FALSE,FALSE,529.69,519.62,8.7,10,3.9
EMP007467,2024-12,4.18,2,15,1,FALSE,FALSE,869.69,1284.01,5.7,6.4,4.4
EMP007469,2024-12,3.68,1,14,2,FALSE,FALSE,92.53,715.97,5.6,6.1,3.9
EMP007470,2024-12,4.27,4,6,0,FALSE,FALSE,1343.21,817.67,8.8,7.8,3.5
EMP007471,2024-12,3.77,3,14,1,FALSE,FALSE,231.44,924.81,8.6,9.6,3.5
EMP007472,2024-12,3.52,0,8,2,FALSE,FALSE,61.42,542.98,5.7,5.8,3.3
EMP007473,2024-12,3.03,3,2,0,FALSE,FALSE,49.85,218.61,5.2,5.4,2.8
EMP007474,2024-12,3.92,2,14,0,FALSE,FALSE,78.69,535.51,5.1,4.5,4.3
EMP007475,2024-12,4.03,3,3,2,FALSE,FALSE,47.18,188.29,8,8,4
EMP007476,2024-12,4.55,7,21,0,FALSE,FALSE,991.94,1480.05,8.3,9.6,4.3
EMP007477,2024-12,4.35,5,18,0,FALSE,FALSE,709.9,1296.43,5.7,5,3.9
EMP007478,2024-12,2.83,2,3,0,FALSE,FALSE,42.21,224.2,7.2,7.3,3
EMP007483,2024-12,4.14,5,26,1,FALSE,FALSE,1210.31,1753.21,6,6.5,3.6
EMP007485,2024-12,4.86,7,1,0,FALSE,FALSE,921.54,162.95,9.2,10,4.9
EMP007486,2024-12,3.88,1,8,2,FALSE,FALSE,96.3,559.01,9.1,9.3,3.8
EMP007487,2024-12,4.1,3,9,0,FALSE,FALSE,431.32,521.24,9.6,8.4,4.5
EMP007488,2024-12,3.83,5,9,0,FALSE,FALSE,280.86,397.45,8.1,9,4
EMP007489,2024-12,3.73,3,14,1,FALSE,FALSE,75.49,624.44,6.3,3.8,3.7
EMP007490,2024-12,3.18,3,15,0,FALSE,FALSE,122.24,672.73,5.9,5.4,2.6
EMP007491,2024-12,3.8,3,4,1,FALSE,FALSE,477.66,530.18,5.4,6.1,3.8
EMP007492,2024-12,4.06,1,18,1,FALSE,FALSE,1110,1655.02,6.4,7.3,4.3
EMP007493,2024-12,4.72,0,10,0,FALSE,FALSE,729.17,636.6,9.5,9.1,4.7
EMP007495,2024-12,4.46,5,16,3,FALSE,FALSE,821.57,1429.05,7.7,6.5,4.9
EMP007496,2024-12,4.05,1,11,2,FALSE,FALSE,439.77,977.58,5.9,7.1,4.3
EMP007497,2024-12,3.74,6,24,0,FALSE,FALSE,829.97,1545.42,6.6,8.8,3.8
EMP007498,2024-12,4.37,4,6,0,FALSE,FALSE,670.02,548.72,8,9.1,4.7
EMP007500,2024-12,3.86,1,10,0,FALSE,FALSE,92.48,703.38,6.7,7.4,4.1
